flight_id,received_at,rssi,SYS,SRC,SEQ,St,ALT,Max,G,Pg,T,Batt,MET,Vel,Gmx,Gmn,Wmx,Gyx,Gyy,Gyz,Mgx,Mgy,Mgz
2026-08-25-F1,2026-08-25T21:03:55.258Z,-71,7,1,354,1,-35,-35,2.8,2.8,29.7,4.14,0,83.0,3.1,2.8,211.7,,,,,,
2026-08-25-F1,2026-08-25T21:03:55.361Z,-81,7,1,355,1,-24,-24,2.7,2.8,29.7,4.15,1,91.7,2.8,2.7,231.7,,,,,,
2026-08-25-F1,2026-08-25T21:03:55.443Z,-71,7,1,356,1,-13,-13,2.8,2.8,29.7,4.15,1,99.2,2.8,2.7,247.5,,,,,,
2026-08-25-F1,2026-08-25T21:03:55.546Z,-69,7,1,357,1,-1,-1,2.6,2.8,29.7,4.15,1,107.5,2.7,2.6,255.3,,,,,,
2026-08-25-F1,2026-08-25T21:03:55.648Z,-69,7,1,358,1,12,12,2.5,2.8,29.7,4.14,1,115.7,2.6,2.5,274.9,,,,,,
2026-08-25-F1,2026-08-25T21:03:55.750Z,-70,7,1,359,1,26,26,2.5,2.8,29.7,4.14,1,123.7,2.6,2.5,288.3,,,,,,
2026-08-25-F1,2026-08-25T21:03:55.853Z,-72,7,1,360,1,40,40,2.4,2.8,29.7,4.15,1,131.6,2.5,2.4,298.1,,,,,,
2026-08-25-F1,2026-08-25T21:03:55.955Z,-78,7,1,361,1,56,56,2.3,2.8,29.7,4.15,1,139.8,2.3,2.3,311.3,,,,,,
2026-08-25-F1,2026-08-25T21:03:56.058Z,-91,7,1,362,1,72,72,2.2,2.8,29.7,4.15,1,146.8,2.3,2.2,318.8,,,,,,
2026-08-25-F1,2026-08-25T21:03:56.160Z,-79,7,1,363,1,88,88,2.2,2.8,29.7,4.14,1,152.3,2.2,2.2,337.4,,,,,,
2026-08-25-F1,2026-08-25T21:03:56.262Z,-77,7,1,364,1,104,104,2.0,2.8,29.7,4.15,1,157.1,2.1,2.0,346.1,,,,,,
2026-08-25-F1,2026-08-25T21:03:56.345Z,-79,7,1,365,1,122,122,2.0,2.8,29.7,4.15,2,164.0,2.1,2.0,353.3,,,,,,
2026-08-25-F1,2026-08-25T21:03:56.447Z,-87,7,1,366,1,139,139,2.0,2.8,29.7,4.14,2,167.2,2.0,2.0,366.4,,,,,,
2026-08-25-F1,2026-08-25T21:03:56.549Z,-80,7,1,367,1,158,158,1.9,2.8,29.7,4.14,2,172.9,1.9,1.9,373.9,,,,,,
2026-08-25-F1,2026-08-25T21:03:56.652Z,-77,7,1,368,1,176,176,1.9,2.8,29.7,4.15,2,177.3,1.9,1.9,382.7,,,,,,
2026-08-25-F1,2026-08-25T21:03:56.754Z,-77,7,1,369,1,195,195,1.8,2.8,29.7,4.15,2,183.2,1.8,1.8,393.1,,,,,,
2026-08-25-F1,2026-08-25T21:03:56.856Z,-79,7,1,370,1,214,214,1.7,2.8,29.7,4.15,2,185.8,1.8,1.7,401.2,,,,,,
2026-08-25-F1,2026-08-25T21:03:56.959Z,-85,7,1,371,1,234,234,1.7,2.8,29.7,4.15,2,189.2,1.8,1.7,407.6,,,,,,
2026-08-25-F1,2026-08-25T21:03:57.061Z,-86,7,1,372,1,254,254,1.8,2.8,29.7,4.15,2,193.8,1.8,1.7,416.6,,,,,,
2026-08-25-F1,2026-08-25T21:03:57.080Z,-82,7,1,373,1,275,275,1.7,2.8,29.7,4.14,2,197.2,1.7,1.6,419.0,,,,,,
2026-08-25-F1,2026-08-25T21:03:57.162Z,-84,7,1,374,1,295,295,1.2,2.8,29.7,4.15,2,200.8,1.2,0.5,420.4,,,,,,
2026-08-25-F1,2026-08-25T21:03:57.264Z,-90,7,1,375,1,315,315,1.4,2.8,29.7,4.15,3,199.6,1.4,1.4,412.2,,,,,,
2026-08-25-F1,2026-08-25T21:03:57.367Z,-84,7,1,376,1,334,334,1.3,2.8,29.7,4.14,3,195.2,1.3,1.3,402.1,,,,,,
2026-08-25-F1,2026-08-25T21:03:57.469Z,-80,7,1,377,1,352,352,1.3,2.8,29.7,4.15,3,191.0,1.3,1.2,393.5,,,,,,
2026-08-25-F1,2026-08-25T21:03:57.572Z,-79,7,1,378,1,369,369,1.2,2.8,29.7,4.15,3,184.0,1.3,1.2,382.9,,,,,,
2026-08-25-F1,2026-08-25T21:03:57.674Z,-81,7,1,379,1,386,386,1.2,2.8,29.7,4.15,3,178.5,1.2,1.2,373.3,,,,,,
2026-08-25-F1,2026-08-25T21:03:57.776Z,-88,7,1,380,1,403,403,1.2,2.8,29.7,4.15,3,174.3,1.2,1.2,365.3,,,,,,
2026-08-25-F1,2026-08-25T21:03:57.981Z,-87,7,1,382,1,435,435,1.1,2.8,29.7,4.14,3,164.3,1.1,1.1,342.2,,,,,,
2026-08-25-F1,2026-08-25T21:03:58.063Z,-85,7,1,383,1,450,450,1.1,2.8,29.7,4.14,3,160.3,1.2,1.1,333.5,,,,,,
2026-08-25-F1,2026-08-25T21:03:58.167Z,-87,7,1,384,1,465,465,1.2,2.8,29.7,4.15,3,155.9,1.2,1.1,323.4,,,,,,
2026-08-25-F1,2026-08-25T21:03:58.270Z,-93,7,1,385,1,479,479,1.1,2.8,29.7,4.15,4,151.3,1.1,1.1,314.3,,,,,,
2026-08-25-F1,2026-08-25T21:03:58.372Z,-89,7,1,386,1,493,493,1.0,2.8,29.7,4.15,4,147.1,1.0,1.0,305.2,,,,,,
2026-08-25-F1,2026-08-25T21:03:58.475Z,-85,7,1,387,1,507,507,1.0,2.8,29.7,4.15,4,144.3,1.0,0.9,297.8,,,,,,
2026-08-25-F1,2026-08-25T21:03:58.578Z,-82,7,1,388,1,520,520,1.0,2.8,29.7,4.14,4,139.9,1.0,0.9,293.3,,,,,,
2026-08-25-F1,2026-08-25T21:03:58.681Z,-81,7,1,389,1,533,533,1.0,2.8,29.7,4.14,4,135.1,1.0,1.0,282.3,,,,,,
2026-08-25-F1,2026-08-25T21:03:58.784Z,-82,7,1,390,1,545,545,1.0,2.8,29.7,4.14,4,131.1,1.0,1.0,270.0,,,,,,
2026-08-25-F1,2026-08-25T21:03:58.887Z,-84,7,1,391,1,557,557,0.9,2.8,29.7,4.14,4,127.0,1.0,0.9,264.4,,,,,,
2026-08-25-F1,2026-08-25T21:03:58.990Z,-87,7,1,392,1,569,569,0.9,2.8,29.7,4.15,4,122.8,0.9,0.9,254.3,,,,,,
2026-08-25-F1,2026-08-25T21:03:59.073Z,-93,7,1,393,1,580,580,0.9,2.8,29.7,4.15,4,118.9,0.9,0.9,251.9,,,,,,
2026-08-25-F1,2026-08-25T21:03:59.176Z,-98,7,1,394,1,591,591,0.9,2.8,29.7,4.14,4,116.1,0.9,0.9,244.8,,,,,,
2026-08-25-F1,2026-08-25T21:03:59.279Z,-93,7,1,395,1,601,601,0.9,2.8,29.7,4.15,5,112.1,1.0,0.9,234.6,,,,,,
2026-08-25-F1,2026-08-25T21:03:59.382Z,-90,7,1,396,1,612,612,0.9,2.8,29.7,4.14,5,107.8,0.9,0.8,227.0,,,,,,
2026-08-25-F1,2026-08-25T21:03:59.485Z,-91,7,1,397,1,621,621,0.8,2.8,29.7,4.15,5,104.1,0.9,0.8,219.7,,,,,,
2026-08-25-F1,2026-08-25T21:03:59.588Z,-91,7,1,398,1,631,631,0.9,2.8,29.7,4.14,5,101.8,0.9,0.8,212.6,,,,,,
2026-08-25-F1,2026-08-25T21:03:59.691Z,-91,7,1,399,1,641,641,0.8,2.8,29.7,4.15,5,99.7,0.9,0.8,206.0,,,,,,
2026-08-25-F1,2026-08-25T21:03:59.794Z,-91,7,1,400,1,650,650,0.8,2.8,29.7,4.14,5,95.6,0.9,0.8,200.2,,,,,,
2026-08-25-F1,2026-08-25T21:03:59.897Z,-87,7,1,401,1,658,658,0.8,2.8,29.7,4.14,5,92.2,0.8,0.8,193.7,,,,,,
2026-08-25-F1,2026-08-25T21:04:00.000Z,-86,7,1,402,1,667,667,0.8,2.8,29.7,4.15,5,89.1,0.8,0.8,186.3,,,,,,
2026-08-25-F1,2026-08-25T21:04:00.103Z,-84,7,1,403,1,674,674,0.8,2.8,29.7,4.15,5,84.9,0.8,0.8,176.2,,,,,,
2026-08-25-F1,2026-08-25T21:04:00.185Z,-82,7,1,404,1,682,682,0.8,2.8,29.7,4.14,5,82.3,0.8,0.8,169.1,,,,,,
2026-08-25-F1,2026-08-25T21:04:00.288Z,-81,7,1,405,1,689,689,0.8,2.8,29.7,4.14,6,78.6,0.8,0.8,163.4,,,,,,
2026-08-25-F1,2026-08-25T21:04:00.391Z,-81,7,1,406,1,696,696,0.8,2.8,29.7,4.15,6,73.9,0.8,0.7,156.6,,,,,,
2026-08-25-F1,2026-08-25T21:04:00.494Z,-81,7,1,407,1,703,703,0.8,2.8,29.7,4.15,6,71.4,0.8,0.7,151.3,,,,,,
2026-08-25-F1,2026-08-25T21:04:00.596Z,-80,7,1,408,1,709,709,0.8,2.8,29.7,4.15,6,68.4,0.8,0.8,145.2,,,,,,
2026-08-25-F1,2026-08-25T21:04:00.699Z,-81,7,1,409,1,715,715,0.8,2.8,29.7,4.14,6,65.4,0.8,0.7,139.6,,,,,,
2026-08-25-F1,2026-08-25T21:04:00.801Z,-82,7,1,410,1,720,720,0.8,2.8,29.7,4.14,6,61.4,0.8,0.8,132.9,,,,,,
2026-08-25-F1,2026-08-25T21:04:00.904Z,-81,7,1,411,1,726,726,0.7,2.8,29.7,4.14,6,58.5,0.7,0.7,126.2,,,,,,
2026-08-25-F1,2026-08-25T21:04:01.007Z,-83,7,1,412,1,731,731,0.8,2.8,29.7,4.14,6,55.3,0.8,0.8,121.3,,,,,,
2026-08-25-F1,2026-08-25T21:04:01.110Z,-83,7,1,413,1,735,735,0.8,2.8,29.7,4.15,6,51.1,0.8,0.7,116.2,,,,,,
2026-08-25-F1,2026-08-25T21:04:01.193Z,-84,7,1,414,1,739,739,0.8,2.8,29.7,4.14,6,48.9,0.8,0.7,110.4,,,,,,
2026-08-25-F1,2026-08-25T21:04:01.296Z,-83,7,1,415,1,744,744,0.8,2.8,29.7,4.15,7,47.0,0.8,0.8,105.4,,,,,,
2026-08-25-F1,2026-08-25T21:04:01.398Z,-83,7,1,416,1,747,747,0.8,2.8,29.7,4.15,7,42.6,0.8,0.8,102.9,,,,,,
2026-08-25-F1,2026-08-25T21:04:01.501Z,-83,7,1,417,1,751,751,0.8,2.8,29.7,4.15,7,40.0,0.8,0.8,96.1,,,,,,
2026-08-25-F1,2026-08-25T21:04:01.604Z,-83,7,1,418,1,754,754,0.7,2.8,29.7,4.15,7,38.4,0.8,0.7,91.7,,,,,,
2026-08-25-F1,2026-08-25T21:04:01.707Z,-82,7,1,419,1,757,757,0.8,2.8,29.7,4.14,7,34.3,0.9,0.8,88.3,,,,,,
2026-08-25-F1,2026-08-25T21:04:01.810Z,-81,7,1,420,1,760,760,0.8,2.8,29.7,4.14,7,31.9,0.8,0.8,84.9,,,,,,
2026-08-25-F1,2026-08-25T21:04:01.912Z,-81,7,1,421,1,762,762,0.8,2.8,29.7,4.14,7,28.9,0.8,0.8,82.6,,,,,,
2026-08-25-F1,2026-08-25T21:04:02.015Z,-80,7,1,422,1,765,765,0.8,2.8,29.7,4.14,7,27.3,0.8,0.8,80.9,,,,,,
2026-08-25-F1,2026-08-25T21:04:02.098Z,-80,7,1,423,1,766,766,0.8,2.8,29.7,4.14,7,23.4,0.8,0.7,80.2,,,,,,
2026-08-25-F1,2026-08-25T21:04:02.201Z,-78,7,1,424,1,768,768,0.8,2.8,29.7,4.14,7,21.4,0.8,0.8,82.0,,,,,,
2026-08-25-F1,2026-08-25T21:04:02.303Z,-78,7,1,425,1,769,769,0.8,2.8,29.7,4.14,8,17.4,0.8,0.7,83.7,,,,,,
2026-08-25-F1,2026-08-25T21:04:02.406Z,-77,7,1,426,1,771,771,0.8,2.8,29.7,4.15,8,15.7,0.9,0.8,86.3,,,,,,
2026-08-25-F1,2026-08-25T21:04:02.509Z,-77,7,1,427,1,771,771,0.9,2.8,29.7,4.14,8,11.6,0.9,0.8,89.0,,,,,,
2026-08-25-F1,2026-08-25T21:04:02.611Z,-76,7,1,428,1,772,772,0.8,2.8,29.7,4.14,8,9.3,0.8,0.8,90.9,,,,,,
2026-08-25-F1,2026-08-25T21:04:02.716Z,-76,7,1,429,1,772,772,0.8,2.8,29.7,4.15,8,7.9,0.8,0.8,92.1,,,,,,
2026-08-25-F1,2026-08-25T21:04:02.818Z,-76,7,1,430,1,772,772,0.8,2.8,29.7,4.14,8,4.7,0.8,0.8,90.9,,,,,,
2026-08-25-F1,2026-08-25T21:04:02.921Z,-76,7,1,431,1,771,772,0.8,2.8,29.7,4.15,8,0.6,0.8,0.8,88.7,,,,,,
2026-08-25-F1,2026-08-25T21:04:03.003Z,-76,7,1,432,1,771,772,0.8,2.8,29.7,4.14,8,-2.5,0.8,0.8,87.3,,,,,,
2026-08-25-F1,2026-08-25T21:04:03.106Z,-76,7,1,433,1,769,772,0.8,2.8,29.7,4.15,8,-5.9,0.8,0.8,86.7,,,,,,
2026-08-25-F1,2026-08-25T21:04:03.208Z,-76,7,1,434,1,768,772,0.8,2.8,29.7,4.14,8,-9.7,0.8,0.8,84.4,,,,,,
2026-08-25-F1,2026-08-25T21:04:03.311Z,-77,7,1,435,1,766,772,0.7,2.8,29.7,4.15,9,-12.1,0.7,0.7,82.3,,,,,,
2026-08-25-F1,2026-08-25T21:04:03.414Z,-78,7,1,436,1,764,772,0.8,2.8,29.7,4.14,9,-15.0,0.8,0.8,80.4,,,,,,
2026-08-25-F1,2026-08-25T21:04:03.516Z,-78,7,1,437,1,762,772,0.7,2.8,29.7,4.15,9,-17.9,0.8,0.7,78.4,,,,,,
2026-08-25-F1,2026-08-25T21:04:03.619Z,-78,7,1,438,1,659,772,10.4,10.4,29.7,4.14,9,-338.6,10.4,0.8,105.7,,,,,,
2026-08-25-F1,2026-08-25T21:04:03.722Z,-76,7,1,439,1,710,772,0.7,10.4,29.7,4.14,9,-41.5,0.7,0.7,133.8,,,,,,
2026-08-25-F1,2026-08-25T21:04:03.824Z,-78,7,1,440,1,729,772,1.4,10.4,29.7,4.14,9,39.6,1.5,1.4,159.1,,,,,,
2026-08-25-F1,2026-08-25T21:04:03.927Z,-80,7,1,441,2,738,772,1.8,10.4,29.8,4.14,9,57.4,1.8,1.2,269.8,,,,,,
2026-08-25-F1,2026-08-25T21:04:04.030Z,-85,7,1,442,2,741,772,3.1,10.4,29.8,4.14,9,47.9,3.1,2.4,316.2,,,,,,
2026-08-25-F1,2026-08-25T21:04:04.113Z,-84,7,1,443,2,742,772,2.6,10.4,29.8,4.14,9,34.4,3.1,2.6,210.9,,,,,,
2026-08-25-F1,2026-08-25T21:04:04.215Z,-81,7,1,444,2,741,772,1.9,10.4,29.8,4.15,9,17.8,2.0,1.9,180.0,,,,,,
2026-08-25-F1,2026-08-25T21:04:04.318Z,-81,7,1,445,2,739,772,1.7,10.4,29.8,4.14,10,5.6,1.7,1.6,158.7,,,,,,
2026-08-25-F1,2026-08-25T21:04:04.420Z,-82,7,1,446,2,737,772,1.4,10.4,29.8,4.14,10,-5.1,1.8,1.4,192.6,,,,,,
2026-08-25-F1,2026-08-25T21:04:04.523Z,-88,7,1,447,2,734,772,1.5,10.4,29.7,4.15,10,-13.5,1.5,1.5,246.7,,,,,,
2026-08-25-F1,2026-08-25T21:04:04.626Z,-95,7,1,448,2,732,772,1.9,10.4,29.7,4.14,10,-16.7,1.9,1.7,263.0,,,,,,
2026-08-25-F1,2026-08-25T21:04:04.728Z,-100,7,1,449,2,730,772,1.2,10.4,29.7,4.14,10,-17.7,1.7,1.2,285.9,,,,,,
2026-08-25-F1,2026-08-25T21:04:04.831Z,-100,7,1,450,2,728,772,2.1,10.4,29.7,4.15,10,-18.0,2.1,1.6,290.1,,,,,,
2026-08-25-F1,2026-08-25T21:04:04.933Z,-95,7,1,451,2,726,772,2.0,10.4,29.7,4.15,10,-18.8,2.1,2.0,318.6,,,,,,
2026-08-25-F1,2026-08-25T21:04:05.036Z,-94,7,1,452,2,724,772,1.5,10.4,29.7,4.14,10,-19.3,1.7,1.5,314.0,,,,,,
2026-08-25-F1,2026-08-25T21:04:05.119Z,-96,7,1,453,2,721,772,1.3,10.4,29.7,4.14,10,-22.0,1.4,1.3,227.7,,,,,,
2026-08-25-F1,2026-08-25T21:04:05.221Z,-95,7,1,454,2,719,772,0.9,10.4,29.7,4.15,10,-23.9,1.1,0.9,139.3,,,,,,
2026-08-25-F1,2026-08-25T21:04:05.324Z,-88,7,1,455,2,716,772,0.9,10.4,29.7,4.14,11,-23.6,0.9,0.9,113.0,,,,,,
2026-08-25-F1,2026-08-25T21:04:05.426Z,-85,7,1,456,2,713,772,1.0,10.4,29.7,4.14,11,-25.4,1.0,1.0,105.3,,,,,,
2026-08-25-F1,2026-08-25T21:04:05.529Z,-82,7,1,457,2,711,772,1.3,10.4,29.7,4.15,11,-25.1,1.3,1.2,111.5,,,,,,
2026-08-25-F1,2026-08-25T21:04:05.631Z,-82,7,1,458,2,709,772,1.4,10.4,29.7,4.14,11,-23.2,1.4,1.4,104.2,,,,,,
2026-08-25-F1,2026-08-25T21:04:05.734Z,-81,7,1,459,2,706,772,1.4,10.4,29.7,4.14,11,-24.3,1.6,1.4,127.3,,,,,,
2026-08-25-F1,2026-08-25T21:04:05.836Z,-82,7,1,460,2,705,772,1.4,10.4,29.7,4.14,11,-22.4,1.5,1.4,162.9,,,,,,
2026-08-25-F1,2026-08-25T21:04:05.939Z,-85,7,1,461,2,702,772,1.4,10.4,29.7,4.14,11,-23.6,1.4,1.3,178.6,,,,,,
2026-08-25-F1,2026-08-25T21:04:06.022Z,-87,7,1,462,2,700,772,1.5,10.4,29.7,4.15,11,-24.0,1.5,1.3,170.6,,,,,,
2026-08-25-F1,2026-08-25T21:04:06.124Z,-87,7,1,463,2,697,772,1.5,10.4,29.7,4.14,11,-24.8,1.5,1.4,128.2,,,,,,
2026-08-25-F1,2026-08-25T21:04:06.227Z,-86,7,1,464,2,694,772,1.7,10.4,29.7,4.14,11,-26.7,1.7,1.5,83.6,,,,,,
2026-08-25-F1,2026-08-25T21:04:06.329Z,-86,7,1,465,2,691,772,1.4,10.4,29.7,4.14,12,-27.0,1.4,1.3,82.7,,,,,,
2026-08-25-F1,2026-08-25T21:04:06.432Z,-88,7,1,466,2,688,772,1.6,10.4,29.7,4.14,12,-27.9,1.6,1.4,90.4,,,,,,
2026-08-25-F1,2026-08-25T21:04:06.534Z,-92,7,1,467,2,686,772,1.5,10.4,29.7,4.14,12,-27.2,1.5,1.5,128.5,,,,,,
2026-08-25-F1,2026-08-25T21:04:06.637Z,-91,7,1,468,2,683,772,1.9,10.4,29.7,4.14,12,-25.6,1.9,1.7,132.9,,,,,,
2026-08-25-F1,2026-08-25T21:04:06.739Z,-87,7,1,469,2,681,772,1.9,10.4,29.7,4.14,12,-25.5,2.1,1.9,132.8,,,,,,
2026-08-25-F1,2026-08-25T21:04:06.842Z,-83,7,1,470,2,678,772,1.7,10.4,29.7,4.14,12,-25.0,1.7,1.7,131.0,,,,,,
2026-08-25-F1,2026-08-25T21:04:06.944Z,-80,7,1,471,2,676,772,1.6,10.4,29.7,4.14,12,-25.0,1.8,1.6,113.3,,,,,,
2026-08-25-F1,2026-08-25T21:04:07.027Z,-79,7,1,472,2,674,772,1.2,10.4,29.7,4.14,12,-24.3,1.2,1.1,93.8,,,,,,
2026-08-25-F1,2026-08-25T21:04:07.134Z,-79,7,1,473,2,671,772,1.3,10.4,29.7,4.14,12,-25.3,1.3,1.2,115.1,,,,,,
2026-08-25-F1,2026-08-25T21:04:07.101Z,-78,7,1,474,2,668,772,1.2,10.4,29.7,4.14,12,-25.3,1.2,1.1,133.5,,,,,,
2026-08-25-F1,2026-08-25T21:04:07.203Z,-79,7,1,475,2,665,772,1.3,10.4,29.7,4.14,13,-27.3,1.3,1.2,210.2,,,,,,
2026-08-25-F1,2026-08-25T21:04:07.306Z,-81,7,1,476,2,662,772,1.4,10.4,29.7,4.14,13,-28.7,1.4,1.4,294.9,,,,,,
2026-08-25-F1,2026-08-25T21:04:07.408Z,-83,7,1,477,2,659,772,1.4,10.4,29.7,4.14,13,-28.4,1.5,1.4,291.1,,,,,,
2026-08-25-F1,2026-08-25T21:04:07.510Z,-84,7,1,478,2,657,772,2.0,10.4,29.7,4.15,13,-25.1,2.0,1.6,264.2,,,,,,
2026-08-25-F1,2026-08-25T21:04:07.593Z,-81,7,1,479,2,655,772,1.5,10.4,29.7,4.14,13,-23.1,1.8,1.5,297.5,,,,,,
2026-08-25-F1,2026-08-25T21:04:07.695Z,-78,7,1,480,2,653,772,1.5,10.4,29.7,4.14,13,-22.5,1.5,1.3,289.0,,,,,,
2026-08-25-F1,2026-08-25T21:04:07.797Z,-78,7,1,481,2,651,772,2.2,10.4,29.7,4.15,13,-23.8,2.2,1.9,272.5,,,,,,
2026-08-25-F1,2026-08-25T21:04:07.900Z,-78,7,1,482,2,648,772,1.7,10.4,29.7,4.15,13,-25.8,2.1,1.7,279.9,,,,,,
2026-08-25-F1,2026-08-25T21:04:08.002Z,-82,7,1,483,2,645,772,1.3,10.4,29.7,4.15,13,-24.6,1.4,1.3,293.5,,,,,,
2026-08-25-F1,2026-08-25T21:04:08.106Z,-84,7,1,484,2,643,772,1.3,10.4,29.7,4.14,13,-24.4,1.3,1.2,263.0,,,,,,
2026-08-25-F1,2026-08-25T21:04:08.210Z,-83,7,1,485,2,640,772,1.0,10.4,29.7,4.14,14,-26.2,1.4,1.0,257.6,,,,,,
2026-08-25-F1,2026-08-25T21:04:08.313Z,-81,7,1,486,2,637,772,1.2,10.4,29.7,4.14,14,-27.6,1.2,0.9,281.9,,,,,,
2026-08-25-F1,2026-08-25T21:04:08.417Z,-81,7,1,487,2,634,772,1.6,10.4,29.7,4.14,14,-27.9,1.6,1.4,275.1,,,,,,
2026-08-25-F1,2026-08-25T21:04:08.520Z,-83,7,1,488,2,632,772,1.6,10.4,29.7,4.14,14,-26.7,1.7,1.6,247.7,,,,,,
2026-08-25-F1,2026-08-25T21:04:08.603Z,-86,7,1,489,2,629,772,1.6,10.4,29.7,4.14,14,-28.3,1.7,1.6,159.2,,,,,,
2026-08-25-F1,2026-08-25T21:04:08.705Z,-90,7,1,490,2,626,772,1.8,10.4,29.7,4.14,14,-27.2,1.8,1.6,180.7,,,,,,
2026-08-25-F1,2026-08-25T21:04:08.808Z,-87,7,1,491,2,623,772,1.7,10.4,29.7,4.14,14,-27.8,1.9,1.7,147.6,,,,,,
2026-08-25-F1,2026-08-25T21:04:08.912Z,-83,7,1,492,2,621,772,1.2,10.4,29.7,4.14,14,-26.7,1.4,1.2,141.0,,,,,,
2026-08-25-F1,2026-08-25T21:04:09.015Z,-81,7,1,493,2,619,772,1.3,10.4,29.7,4.14,14,-24.7,1.3,1.2,147.5,,,,,,
2026-08-25-F1,2026-08-25T21:04:09.117Z,-85,7,1,494,2,616,772,1.8,10.4,29.7,4.14,14,-25.1,2.1,1.8,225.9,,,,,,
2026-08-25-F1,2026-08-25T21:04:09.220Z,-90,7,1,495,2,613,772,1.7,10.4,29.7,4.14,15,-26.3,1.9,1.7,248.7,,,,,,
2026-08-25-F1,2026-08-25T21:04:09.323Z,-91,7,1,496,2,611,772,1.7,10.4,29.7,4.14,15,-26.8,1.8,1.7,209.3,,,,,,
2026-08-25-F1,2026-08-25T21:04:09.426Z,-86,7,1,497,2,608,772,1.2,10.4,29.7,4.14,15,-27.0,1.4,1.2,252.8,,,,,,
2026-08-25-F1,2026-08-25T21:04:09.529Z,-81,7,1,498,2,605,772,1.4,10.4,29.7,4.14,15,-27.5,1.4,1.4,259.6,,,,,,
2026-08-25-F1,2026-08-25T21:04:09.632Z,-79,7,1,499,2,603,772,2.6,10.4,29.7,4.14,15,-26.2,2.6,1.9,265.1,,,,,,
2026-08-25-F1,2026-08-25T21:04:09.735Z,-78,7,1,500,2,600,772,2.3,10.4,29.7,4.15,15,-27.1,2.4,2.3,200.3,,,,,,
2026-08-25-F1,2026-08-25T21:04:09.837Z,-81,7,1,501,2,597,772,1.5,10.4,29.7,4.14,15,-28.3,1.9,1.5,221.6,,,,,,
2026-08-25-F1,2026-08-25T21:04:09.940Z,-82,7,1,502,2,593,772,1.5,10.4,29.7,4.14,15,-30.0,1.5,1.4,210.0,,,,,,
2026-08-25-F1,2026-08-25T21:04:10.043Z,-84,7,1,503,2,590,772,1.6,10.4,29.7,4.15,15,-31.9,1.6,1.4,211.0,,,,,,
2026-08-25-F1,2026-08-25T21:04:10.146Z,-83,7,1,504,2,587,772,1.6,10.4,29.7,4.14,15,-30.0,1.6,1.3,269.4,,,,,,
2026-08-25-F1,2026-08-25T21:04:10.253Z,-82,7,1,505,2,585,772,1.6,10.4,29.7,4.15,16,-28.5,1.9,1.6,284.7,,,,,,
2026-08-25-F1,2026-08-25T21:04:10.336Z,-83,7,1,506,2,582,772,1.6,10.4,29.7,4.14,16,-28.9,1.8,1.6,300.8,,,,,,
2026-08-25-F1,2026-08-25T21:04:10.440Z,-87,7,1,507,2,579,772,1.5,10.4,29.7,4.14,16,-28.3,1.7,1.5,307.0,,,,,,
2026-08-25-F1,2026-08-25T21:04:10.543Z,-92,7,1,508,2,576,772,1.7,10.4,29.7,4.14,16,-29.2,1.7,1.6,317.6,,,,,,
2026-08-25-F1,2026-08-25T21:04:10.647Z,-90,7,1,509,2,573,772,1.4,10.4,29.7,4.14,16,-28.6,1.7,1.4,334.9,,,,,,
2026-08-25-F1,2026-08-25T21:04:10.749Z,-87,7,1,510,2,571,772,1.8,10.4,29.7,4.14,16,-27.0,1.8,1.7,354.8,,,,,,
2026-08-25-F1,2026-08-25T21:04:10.853Z,-81,7,1,511,2,568,772,2.1,10.4,29.7,4.14,16,-26.6,2.1,2.0,372.4,,,,,,
2026-08-25-F1,2026-08-25T21:04:10.956Z,-76,7,1,512,2,567,772,1.9,10.4,29.7,4.14,16,-22.4,1.9,1.7,385.6,,,,,,
2026-08-25-F1,2026-08-25T21:04:11.060Z,-77,7,1,513,2,564,772,2.3,10.4,29.7,4.14,16,-22.6,2.3,2.1,349.4,,,,,,
2026-08-25-F1,2026-08-25T21:04:11.163Z,-77,7,1,514,2,562,772,1.7,10.4,29.7,4.14,16,-24.6,2.1,1.7,283.4,,,,,,
2026-08-25-F1,2026-08-25T21:04:11.266Z,-77,7,1,515,2,559,772,1.3,10.4,29.7,4.14,17,-26.0,1.5,1.3,246.5,,,,,,
2026-08-25-F1,2026-08-25T21:04:11.349Z,-77,7,1,516,2,556,772,1.4,10.4,29.7,4.14,17,-26.0,1.5,1.4,237.0,,,,,,
2026-08-25-F1,2026-08-25T21:04:11.452Z,-76,7,1,517,2,553,772,1.9,10.4,29.7,4.14,17,-26.3,1.9,1.9,186.5,,,,,,
2026-08-25-F1,2026-08-25T21:04:11.555Z,-77,7,1,518,2,552,772,1.8,10.4,29.7,4.14,17,-22.6,2.1,1.8,219.4,,,,,,
2026-08-25-F1,2026-08-25T21:04:11.659Z,-78,7,1,519,2,549,772,1.4,10.4,29.7,4.14,17,-23.3,1.7,1.4,178.4,,,,,,
2026-08-25-F1,2026-08-25T21:04:11.761Z,-80,7,1,520,2,547,772,1.2,10.4,29.7,4.15,17,-24.7,1.2,1.2,177.6,,,,,,
2026-08-25-F1,2026-08-25T21:04:11.864Z,-81,7,1,521,2,544,772,0.9,10.4,29.7,4.14,17,-26.3,1.0,0.9,227.4,,,,,,
2026-08-25-F1,2026-08-25T21:04:11.967Z,-80,7,1,522,2,541,772,1.3,10.4,29.7,4.14,17,-25.6,1.3,1.1,268.9,,,,,,
2026-08-25-F1,2026-08-25T21:04:12.069Z,-81,7,1,523,2,539,772,1.8,10.4,29.7,4.14,17,-26.5,1.8,1.6,280.7,,,,,,
2026-08-25-F1,2026-08-25T21:04:12.172Z,-81,7,1,524,2,536,772,1.9,10.4,29.7,4.14,17,-25.5,2.0,1.9,260.7,,,,,,
2026-08-25-F1,2026-08-25T21:04:12.275Z,-81,7,1,525,2,533,772,1.4,10.4,29.7,4.14,18,-26.1,1.6,1.4,252.5,,,,,,
2026-08-25-F1,2026-08-25T21:04:12.379Z,-83,7,1,526,2,531,772,1.2,10.4,29.7,4.14,18,-27.3,1.3,1.2,255.3,,,,,,
2026-08-25-F1,2026-08-25T21:04:12.463Z,-84,7,1,527,2,528,772,1.2,10.4,29.7,4.14,18,-27.3,1.2,1.2,242.6,,,,,,
2026-08-25-F1,2026-08-25T21:04:12.567Z,-87,7,1,528,2,525,772,1.4,10.4,29.7,4.15,18,-27.7,1.4,1.3,258.9,,,,,,
2026-08-25-F1,2026-08-25T21:04:12.670Z,-89,7,1,529,2,523,772,2.0,10.4,29.7,4.15,18,-26.4,2.0,1.7,277.9,,,,,,
2026-08-25-F1,2026-08-25T21:04:12.773Z,-85,7,1,530,2,520,772,1.7,10.4,29.7,4.14,18,-26.2,1.9,1.7,335.6,,,,,,
2026-08-25-F1,2026-08-25T21:04:12.876Z,-80,7,1,531,2,517,772,1.2,10.4,29.7,4.14,18,-28.1,1.5,1.2,419.8,,,,,,
2026-08-25-F1,2026-08-25T21:04:12.979Z,-76,7,1,532,2,514,772,1.1,10.4,29.7,4.15,18,-26.5,1.1,0.9,435.9,,,,,,
2026-08-25-F1,2026-08-25T21:04:13.083Z,-76,7,1,533,2,512,772,2.1,10.4,29.7,4.14,18,-24.3,2.1,1.4,436.0,,,,,,
2026-08-25-F1,2026-08-25T21:04:13.186Z,-78,7,1,534,2,510,772,2.2,10.4,29.7,4.14,18,-23.0,2.5,2.2,288.9,,,,,,
2026-08-25-F1,2026-08-25T21:04:13.289Z,-80,7,1,535,2,507,772,1.4,10.4,29.7,4.15,19,-25.9,1.6,1.4,201.6,,,,,,
2026-08-25-F1,2026-08-25T21:04:13.392Z,-81,7,1,536,2,504,772,1.2,10.4,29.7,4.15,19,-28.7,1.4,1.2,188.3,,,,,,
2026-08-25-F1,2026-08-25T21:04:13.474Z,-82,7,1,537,2,501,772,1.5,10.4,29.7,4.14,19,-29.8,1.7,1.5,194.1,,,,,,
2026-08-25-F1,2026-08-25T21:04:13.578Z,-82,7,1,538,2,498,772,1.6,10.4,29.7,4.14,19,-29.2,1.6,1.5,202.1,,,,,,
2026-08-25-F1,2026-08-25T21:04:13.681Z,-83,7,1,539,2,495,772,1.8,10.4,29.7,4.14,19,-28.0,2.0,1.8,175.1,,,,,,
2026-08-25-F1,2026-08-25T21:04:13.783Z,-87,7,1,540,2,493,772,1.7,10.4,29.7,4.14,19,-26.5,1.8,1.7,163.2,,,,,,
2026-08-25-F1,2026-08-25T21:04:13.887Z,-86,7,1,541,2,490,772,1.6,10.4,29.7,4.15,19,-26.5,1.6,1.6,169.9,,,,,,
2026-08-25-F1,2026-08-25T21:04:13.990Z,-82,7,1,542,2,488,772,1.6,10.4,29.7,4.14,19,-25.2,1.7,1.6,159.3,,,,,,
2026-08-25-F1,2026-08-25T21:04:14.093Z,-78,7,1,543,2,485,772,1.6,10.4,29.7,4.14,19,-26.6,1.6,1.5,153.0,,,,,,
2026-08-25-F1,2026-08-25T21:04:14.196Z,-76,7,1,544,2,483,772,1.6,10.4,29.7,4.14,19,-25.7,1.6,1.6,168.0,,,,,,
2026-08-25-F1,2026-08-25T21:04:14.299Z,-77,7,1,545,2,480,772,1.9,10.4,29.7,4.14,20,-25.6,2.0,1.9,136.3,,,,,,
2026-08-25-F1,2026-08-25T21:04:14.402Z,-80,7,1,546,2,477,772,1.6,10.4,29.7,4.14,20,-26.3,1.7,1.6,124.4,,,,,,
2026-08-25-F1,2026-08-25T21:04:14.485Z,-85,7,1,547,2,474,772,1.6,10.4,29.7,4.14,20,-28.9,1.6,1.4,153.6,,,,,,
2026-08-25-F1,2026-08-25T21:04:14.588Z,-86,7,1,548,2,471,772,1.6,10.4,29.7,4.14,20,-29.5,1.6,1.5,102.2,,,,,,
2026-08-25-F1,2026-08-25T21:04:14.692Z,-84,7,1,549,2,468,772,1.4,10.4,29.7,4.14,20,-31.1,1.5,1.4,119.6,,,,,,
2026-08-25-F1,2026-08-25T21:04:14.795Z,-81,7,1,550,2,465,772,1.8,10.4,29.7,4.15,20,-29.3,1.8,1.5,134.0,,,,,,
2026-08-25-F1,2026-08-25T21:04:14.898Z,-83,7,1,551,2,462,772,1.9,10.4,29.7,4.14,20,-29.5,2.1,1.9,70.9,,,,,,
2026-08-25-F1,2026-08-25T21:04:15.002Z,-89,7,1,552,2,459,772,1.7,10.4,29.7,4.14,20,-28.4,1.9,1.7,140.2,,,,,,
2026-08-25-F1,2026-08-25T21:04:15.105Z,-92,7,1,553,2,457,772,1.9,10.4,29.7,4.14,20,-27.5,1.9,1.7,130.1,,,,,,
2026-08-25-F1,2026-08-25T21:04:15.207Z,-85,7,1,554,2,454,772,1.8,10.4,29.7,4.15,20,-27.3,1.8,1.6,71.7,,,,,,
2026-08-25-F1,2026-08-25T21:04:15.310Z,-78,7,1,555,2,451,772,1.4,10.4,29.7,4.14,21,-27.3,1.5,1.4,169.3,,,,,,
2026-08-25-F1,2026-08-25T21:04:15.392Z,-76,7,1,556,2,449,772,1.8,10.4,29.7,4.14,21,-26.1,1.8,1.4,171.6,,,,,,
2026-08-25-F1,2026-08-25T21:04:15.495Z,-77,7,1,557,2,447,772,2.0,10.4,29.7,4.14,21,-25.3,2.0,1.9,59.9,,,,,,
2026-08-25-F1,2026-08-25T21:04:15.598Z,-85,7,1,558,2,444,772,1.7,10.4,29.7,4.14,21,-26.7,1.9,1.7,235.2,,,,,,
2026-08-25-F1,2026-08-25T21:04:15.701Z,-92,7,1,559,2,441,772,2.0,10.4,29.7,4.14,21,-27.6,2.0,1.8,255.6,,,,,,
2026-08-25-F1,2026-08-25T21:04:15.804Z,-94,7,1,560,2,438,772,1.5,10.4,29.7,4.14,21,-26.8,1.9,1.5,92.7,,,,,,
2026-08-25-F1,2026-08-25T21:04:15.907Z,-85,7,1,561,2,435,772,1.5,10.4,29.7,4.14,21,-27.9,1.6,1.5,127.9,,,,,,
2026-08-25-F1,2026-08-25T21:04:16.010Z,-81,7,1,562,2,433,772,2.1,10.4,29.7,4.14,21,-27.5,2.1,1.4,152.1,,,,,,
2026-08-25-F1,2026-08-25T21:04:16.113Z,-80,7,1,563,2,430,772,2.0,10.4,29.7,4.14,21,-26.2,2.0,2.0,94.9,,,,,,
2026-08-25-F1,2026-08-25T21:04:16.215Z,-85,7,1,564,2,427,772,1.6,10.4,29.7,4.14,21,-27.2,1.8,1.6,98.7,,,,,,
2026-08-25-F1,2026-08-25T21:04:16.318Z,-95,7,1,565,2,424,772,1.5,10.4,29.7,4.14,22,-28.3,1.5,1.4,156.4,,,,,,
2026-08-25-F1,2026-08-25T21:04:16.401Z,-85,7,1,566,2,422,772,2.0,10.4,29.7,4.14,22,-27.0,2.0,1.4,171.2,,,,,,
2026-08-25-F1,2026-08-25T21:04:16.504Z,-85,7,1,567,2,419,772,1.6,10.4,29.7,4.14,22,-26.4,1.9,1.6,104.6,,,,,,
2026-08-25-F1,2026-08-25T21:04:16.607Z,-98,7,1,568,2,417,772,2.0,10.4,29.7,4.14,22,-27.0,2.0,1.9,173.8,,,,,,
2026-08-25-F1,2026-08-25T21:04:16.709Z,-83,7,1,569,2,414,772,1.6,10.4,29.7,4.14,22,-25.4,1.9,1.6,227.1,,,,,,
2026-08-25-F1,2026-08-25T21:04:16.812Z,-78,7,1,570,2,412,772,1.3,10.4,29.7,4.14,22,-25.7,1.4,1.3,225.7,,,,,,
2026-08-25-F1,2026-08-25T21:04:16.915Z,-75,7,1,571,2,410,772,2.0,10.4,29.7,4.14,22,-23.7,2.0,1.7,200.5,,,,,,
2026-08-25-F1,2026-08-25T21:04:17.030Z,-76,7,1,572,2,407,772,1.8,10.4,29.7,4.14,22,-25.3,1.8,1.8,72.6,,,,,,
2026-08-25-F1,2026-08-25T21:04:17.132Z,-82,7,1,573,2,404,772,2.2,10.4,29.7,4.14,22,-24.8,2.2,2.1,162.7,,,,,,
2026-08-25-F1,2026-08-25T21:04:17.234Z,-93,7,1,574,2,402,772,1.6,10.4,29.7,4.14,22,-26.6,1.8,1.6,202.0,,,,,,
2026-08-25-F1,2026-08-25T21:04:17.317Z,-91,7,1,575,2,399,772,1.2,10.4,29.7,4.14,23,-27.9,1.3,1.2,176.5,,,,,,
2026-08-25-F1,2026-08-25T21:04:17.521Z,-87,7,1,577,2,393,772,1.2,10.4,29.7,4.14,23,-28.0,1.6,1.2,253.9,,,,,,
2026-08-25-F1,2026-08-25T21:04:17.624Z,-83,7,1,578,2,391,772,1.6,10.4,29.7,4.14,23,-25.9,1.6,1.3,251.6,,,,,,
2026-08-25-F1,2026-08-25T21:04:17.726Z,-84,7,1,579,2,388,772,1.5,10.4,29.7,4.14,23,-25.9,1.6,1.5,237.5,,,,,,
2026-08-25-F1,2026-08-25T21:04:17.828Z,-86,7,1,580,2,385,772,1.3,10.4,29.7,4.14,23,-27.3,1.3,1.2,212.7,,,,,,
2026-08-25-F1,2026-08-25T21:04:17.931Z,-90,7,1,581,2,382,772,1.6,10.4,29.7,4.14,23,-27.0,1.6,1.5,243.3,,,,,,
2026-08-25-F1,2026-08-25T21:04:18.017Z,-93,7,1,582,2,379,772,1.8,10.4,29.7,4.14,23,-28.3,1.8,1.6,295.9,,,,,,
2026-08-25-F1,2026-08-25T21:04:18.120Z,-89,7,1,583,2,377,772,2.0,10.4,29.7,4.14,23,-26.9,2.0,1.9,303.3,,,,,,
2026-08-25-F1,2026-08-25T21:04:18.222Z,-86,7,1,584,2,374,772,1.6,10.4,29.7,4.14,23,-27.2,1.8,1.6,255.1,,,,,,
2026-08-25-F1,2026-08-25T21:04:18.325Z,-85,7,1,585,2,372,772,1.5,10.4,29.7,4.14,24,-26.1,1.5,1.4,257.0,,,,,,
2026-08-25-F1,2026-08-25T21:04:18.427Z,-84,7,1,586,2,370,772,1.7,10.4,29.7,4.14,24,-23.9,1.7,1.3,253.4,,,,,,
2026-08-25-F1,2026-08-25T21:04:18.530Z,-86,7,1,587,2,368,772,1.4,10.4,29.7,4.14,24,-23.1,1.5,1.4,274.6,,,,,,
2026-08-25-F1,2026-08-25T21:04:18.633Z,-88,7,1,588,2,365,772,1.0,10.4,29.7,4.14,24,-23.1,1.3,1.0,295.1,,,,,,
2026-08-25-F1,2026-08-25T21:04:18.735Z,-90,7,1,589,2,363,772,1.0,10.4,29.7,4.14,24,-24.3,1.1,1.0,303.7,,,,,,
2026-08-25-F1,2026-08-25T21:04:18.838Z,-84,7,1,590,2,360,772,1.4,10.4,29.7,4.14,24,-24.9,1.4,1.2,311.8,,,,,,
2026-08-25-F1,2026-08-25T21:04:18.920Z,-81,7,1,591,2,358,772,1.9,10.4,29.7,4.14,24,-24.8,1.9,1.7,310.5,,,,,,
2026-08-25-F1,2026-08-25T21:04:19.023Z,-83,7,1,592,2,355,772,1.9,10.4,29.7,4.14,24,-26.6,1.9,1.9,271.8,,,,,,
2026-08-25-F1,2026-08-25T21:04:19.126Z,-88,7,1,593,2,352,772,1.4,10.4,29.7,4.14,24,-27.9,1.7,1.4,245.3,,,,,,
2026-08-25-F1,2026-08-25T21:04:19.228Z,-89,7,1,594,2,348,772,1.4,10.4,29.7,4.14,24,-30.2,1.4,1.4,249.0,,,,,,
2026-08-25-F1,2026-08-25T21:04:19.331Z,-93,7,1,595,2,345,772,1.6,10.4,29.7,4.14,25,-29.0,1.6,1.5,242.4,,,,,,
2026-08-25-F1,2026-08-25T21:04:19.433Z,-100,7,1,596,2,342,772,1.6,10.4,29.7,4.14,25,-29.8,1.6,1.5,248.7,,,,,,
2026-08-25-F1,2026-08-25T21:04:19.536Z,-92,7,1,597,2,340,772,1.7,10.4,29.7,4.14,25,-28.3,1.8,1.7,285.1,,,,,,
2026-08-25-F1,2026-08-25T21:04:19.639Z,-82,7,1,598,2,337,772,2.0,10.4,29.7,4.14,25,-28.8,2.0,1.8,365.5,,,,,,
2026-08-25-F1,2026-08-25T21:04:19.741Z,-80,7,1,599,2,334,772,1.7,10.4,29.6,4.14,25,-27.0,1.7,1.7,454.2,,,,,,
2026-08-25-F1,2026-08-25T21:04:19.823Z,-79,7,1,600,2,332,772,1.5,10.4,29.6,4.14,25,-26.7,1.5,1.4,481.9,,,,,,
2026-08-25-F1,2026-08-25T21:04:19.926Z,-82,7,1,601,2,329,772,1.9,10.4,29.6,4.14,25,-26.0,1.9,1.7,464.3,,,,,,
2026-08-25-F1,2026-08-25T21:04:20.029Z,-85,7,1,602,2,327,772,1.6,10.4,29.6,4.14,25,-23.7,1.9,1.6,406.8,,,,,,
2026-08-25-F1,2026-08-25T21:04:20.131Z,-82,7,1,603,2,325,772,1.6,10.4,29.6,4.14,25,-22.9,1.7,1.6,381.9,,,,,,
2026-08-25-F1,2026-08-25T21:04:20.234Z,-79,7,1,604,2,323,772,1.6,10.4,29.6,4.14,25,-23.9,1.7,1.6,389.8,,,,,,
2026-08-25-F1,2026-08-25T21:04:20.336Z,-78,7,1,605,2,320,772,1.4,10.4,29.6,4.14,26,-26.1,1.4,1.4,370.5,,,,,,
2026-08-25-F1,2026-08-25T21:04:20.439Z,-80,7,1,606,2,317,772,1.3,10.4,29.6,4.14,26,-26.7,1.3,1.3,281.4,,,,,,
2026-08-25-F1,2026-08-25T21:04:20.541Z,-77,7,1,607,2,314,772,1.6,10.4,29.6,4.14,26,-27.7,1.6,1.5,261.3,,,,,,
2026-08-25-F1,2026-08-25T21:04:20.644Z,-74,7,1,608,2,312,772,1.4,10.4,29.6,4.14,26,-26.2,1.6,1.4,351.8,,,,,,
2026-08-25-F1,2026-08-25T21:04:20.726Z,-72,7,1,609,2,309,772,1.4,10.4,29.6,4.14,26,-24.4,1.4,1.4,375.9,,,,,,
2026-08-25-F1,2026-08-25T21:04:20.828Z,-72,7,1,610,2,307,772,1.9,10.4,29.6,4.14,26,-23.1,1.9,1.6,350.3,,,,,,
2026-08-25-F1,2026-08-25T21:04:20.931Z,-74,7,1,611,2,305,772,2.0,10.4,29.6,4.14,26,-23.8,2.1,2.0,209.0,,,,,,
2026-08-25-F1,2026-08-25T21:04:21.033Z,-76,7,1,612,2,302,772,1.9,10.4,29.6,4.14,26,-24.5,1.9,1.8,184.2,,,,,,
2026-08-25-F1,2026-08-25T21:04:21.136Z,-81,7,1,613,2,300,772,1.3,10.4,29.6,4.14,26,-25.7,1.4,1.3,196.6,,,,,,
2026-08-25-F1,2026-08-25T21:04:21.238Z,-81,7,1,614,2,297,772,1.3,10.4,29.6,4.14,26,-26.4,1.3,1.2,128.6,,,,,,
2026-08-25-F1,2026-08-25T21:04:21.341Z,-80,7,1,615,2,294,772,1.3,10.4,29.6,4.14,27,-28.0,1.3,1.3,126.4,,,,,,
2026-08-25-F1,2026-08-25T21:04:21.443Z,-78,7,1,616,2,291,772,1.8,10.4,29.6,4.14,27,-26.2,1.8,1.5,146.0,,,,,,
2026-08-25-F1,2026-08-25T21:04:21.546Z,-78,7,1,617,2,289,772,2.1,10.4,29.6,4.14,27,-24.6,2.1,1.8,105.9,,,,,,
2026-08-25-F1,2026-08-25T21:04:21.628Z,-80,7,1,618,2,286,772,1.9,10.4,29.6,4.14,27,-25.9,2.1,1.9,95.7,,,,,,
2026-08-25-F1,2026-08-25T21:04:21.731Z,-79,7,1,619,2,284,772,1.1,10.4,29.6,4.14,27,-26.2,1.4,1.1,118.0,,,,,,
2026-08-25-F1,2026-08-25T21:04:21.833Z,-77,7,1,620,2,281,772,1.0,10.4,29.6,4.14,27,-27.6,1.2,1.0,109.9,,,,,,
2026-08-25-F1,2026-08-25T21:04:21.936Z,-76,7,1,621,2,278,772,1.6,10.4,29.6,4.14,27,-26.1,1.6,1.4,85.5,,,,,,
2026-08-25-F1,2026-08-25T21:04:22.038Z,-80,7,1,622,2,276,772,1.8,10.4,29.6,4.14,27,-26.0,1.8,1.8,189.1,,,,,,
2026-08-25-F1,2026-08-25T21:04:22.141Z,-91,7,1,623,2,273,772,1.9,10.4,29.6,4.14,27,-25.7,1.9,1.9,270.7,,,,,,
2026-08-25-F1,2026-08-25T21:04:22.243Z,-86,7,1,624,2,271,772,1.9,10.4,29.6,4.14,27,-25.1,2.1,1.9,252.6,,,,,,
2026-08-25-F1,2026-08-25T21:04:22.346Z,-89,7,1,625,2,269,772,1.7,10.4,29.6,4.14,28,-24.2,1.8,1.7,140.3,,,,,,
2026-08-25-F1,2026-08-25T21:04:22.535Z,-82,7,1,627,2,263,772,1.4,10.4,29.6,4.14,28,-24.9,1.4,1.3,177.8,,,,,,
2026-08-25-F1,2026-08-25T21:04:22.637Z,-79,7,1,628,2,261,772,1.7,10.4,29.6,4.14,28,-24.7,1.7,1.3,184.4,,,,,,
2026-08-25-F1,2026-08-25T21:04:22.740Z,-79,7,1,629,2,259,772,1.9,10.4,29.6,4.14,28,-23.1,1.9,1.6,141.0,,,,,,
2026-08-25-F1,2026-08-25T21:04:22.842Z,-81,7,1,630,2,256,772,1.4,10.4,29.6,4.14,28,-26.6,1.6,1.4,156.6,,,,,,
2026-08-25-F1,2026-08-25T21:04:22.945Z,-81,7,1,631,2,254,772,1.4,10.4,29.6,4.14,28,-24.1,1.4,1.2,139.5,,,,,,
2026-08-25-F1,2026-08-25T21:04:23.048Z,-84,7,1,632,2,252,772,1.5,10.4,29.6,4.14,28,-23.7,1.6,1.5,145.9,,,,,,
2026-08-25-F1,2026-08-25T21:04:23.150Z,-82,7,1,633,2,249,772,1.7,10.4,29.6,4.14,28,-23.7,1.7,1.5,157.3,,,,,,
2026-08-25-F1,2026-08-25T21:04:23.253Z,-79,7,1,634,2,247,772,1.9,10.4,29.6,4.14,28,-22.9,2.2,1.9,221.7,,,,,,
2026-08-25-F1,2026-08-25T21:04:23.335Z,-76,7,1,635,2,244,772,1.6,10.4,29.6,4.14,29,-24.1,1.6,1.6,266.4,,,,,,
2026-08-25-F1,2026-08-25T21:04:23.437Z,-75,7,1,636,2,242,772,1.2,10.4,29.6,4.14,29,-23.5,1.2,1.0,240.3,,,,,,
2026-08-25-F1,2026-08-25T21:04:23.540Z,-74,7,1,637,2,240,772,1.6,10.4,29.6,4.14,29,-22.6,1.6,1.6,225.2,,,,,,
2026-08-25-F1,2026-08-25T21:04:23.642Z,-74,7,1,638,2,238,772,1.6,10.4,29.6,4.14,29,-23.6,1.6,1.6,238.4,,,,,,
2026-08-25-F1,2026-08-25T21:04:23.745Z,-75,7,1,639,2,235,772,1.6,10.4,29.6,4.14,29,-24.9,1.6,1.6,195.7,,,,,,
2026-08-25-F1,2026-08-25T21:04:23.847Z,-74,7,1,640,2,232,772,1.3,10.4,29.6,4.14,29,-26.7,1.4,1.3,192.5,,,,,,
2026-08-25-F1,2026-08-25T21:04:23.949Z,-73,7,1,641,2,230,772,1.3,10.4,29.6,4.14,29,-25.2,1.3,1.2,180.0,,,,,,
2026-08-25-F1,2026-08-25T21:04:24.052Z,-73,7,1,642,2,228,772,1.9,10.4,29.6,4.14,29,-21.6,1.9,1.5,168.8,,,,,,
2026-08-25-F1,2026-08-25T21:04:24.135Z,-73,7,1,643,2,226,772,2.4,10.4,29.6,4.14,29,-19.9,2.4,2.4,75.9,,,,,,
2026-08-25-F1,2026-08-25T21:04:24.237Z,-77,7,1,644,2,224,772,1.7,10.4,29.6,4.14,29,-19.7,2.0,1.7,295.2,,,,,,
2026-08-25-F1,2026-08-25T21:04:24.339Z,-79,7,1,645,2,221,772,1.6,10.4,29.6,4.14,30,-23.6,1.6,1.4,306.2,,,,,,
2026-08-25-F1,2026-08-25T21:04:24.442Z,-78,7,1,646,2,219,772,1.6,10.4,29.6,4.14,30,-25.3,1.6,1.4,247.0,,,,,,
2026-08-25-F1,2026-08-25T21:04:24.544Z,-74,7,1,647,2,216,772,1.5,10.4,29.6,4.14,30,-25.5,1.8,1.5,229.3,,,,,,
2026-08-25-F1,2026-08-25T21:04:24.647Z,-71,7,1,648,2,214,772,1.0,10.4,29.6,4.14,30,-22.6,1.2,1.0,264.9,,,,,,
2026-08-25-F1,2026-08-25T21:04:24.749Z,-72,7,1,649,2,213,772,1.4,10.4,29.6,4.14,30,-20.9,1.4,1.3,240.3,,,,,,
2026-08-25-F1,2026-08-25T21:04:24.852Z,-72,7,1,650,2,210,772,1.0,10.4,29.6,4.14,30,-21.9,1.3,1.0,99.0,,,,,,
2026-08-25-F1,2026-08-25T21:04:24.954Z,-73,7,1,651,2,208,772,1.1,10.4,29.6,4.14,30,-22.4,1.1,0.9,51.2,,,,,,
2026-08-25-F1,2026-08-25T21:04:25.037Z,-74,7,1,652,2,206,772,1.3,10.4,29.6,4.14,30,-22.5,1.3,1.3,109.6,,,,,,
2026-08-25-F1,2026-08-25T21:04:25.139Z,-74,7,1,653,2,204,772,1.4,10.4,29.6,4.15,30,-22.0,1.4,1.3,102.3,,,,,,
2026-08-25-F1,2026-08-25T21:04:25.241Z,-73,7,1,654,2,201,772,1.3,10.4,29.6,4.14,30,-22.3,1.3,1.3,43.3,,,,,,
2026-08-25-F1,2026-08-25T21:04:25.344Z,-72,7,1,655,2,199,772,1.3,10.4,29.6,4.14,31,-21.9,1.3,1.2,87.8,,,,,,
2026-08-25-F1,2026-08-25T21:04:25.446Z,-74,7,1,656,2,197,772,1.7,10.4,29.6,4.14,31,-22.0,1.7,1.3,109.1,,,,,,
2026-08-25-F1,2026-08-25T21:04:25.548Z,-75,7,1,657,2,195,772,1.5,10.4,29.6,4.14,31,-23.0,1.8,1.5,124.7,,,,,,
2026-08-25-F1,2026-08-25T21:04:25.651Z,-76,7,1,658,2,192,772,1.8,10.4,29.6,4.14,31,-24.4,1.9,1.8,109.0,,,,,,
2026-08-25-F1,2026-08-25T21:04:25.753Z,-76,7,1,659,2,189,772,1.7,10.4,29.6,4.15,31,-25.0,1.8,1.7,153.2,,,,,,
2026-08-25-F1,2026-08-25T21:04:25.856Z,-77,7,1,660,2,186,772,1.5,10.4,29.6,4.14,31,-25.6,1.8,1.5,147.0,,,,,,
2026-08-25-F1,2026-08-25T21:04:25.958Z,-78,7,1,661,2,184,772,1.6,10.4,29.6,4.14,31,-24.7,1.6,1.4,130.2,,,,,,
2026-08-25-F1,2026-08-25T21:04:26.041Z,-79,7,1,662,2,182,772,1.6,10.4,29.6,4.14,31,-22.9,1.6,1.5,144.5,,,,,,
2026-08-25-F1,2026-08-25T21:04:26.143Z,-81,7,1,663,2,180,772,1.5,10.4,29.6,4.14,31,-22.6,1.5,1.3,183.7,,,,,,
2026-08-25-F1,2026-08-25T21:04:26.246Z,-84,7,1,664,2,177,772,1.5,10.4,29.6,4.14,31,-23.8,1.5,1.4,199.7,,,,,,
2026-08-25-F1,2026-08-25T21:04:26.348Z,-85,7,1,665,2,175,772,1.6,10.4,29.6,4.14,32,-24.4,1.8,1.6,236.8,,,,,,
2026-08-25-F1,2026-08-25T21:04:26.450Z,-81,7,1,666,2,173,772,1.7,10.4,29.6,4.14,32,-23.2,1.7,1.4,269.0,,,,,,
2026-08-25-F1,2026-08-25T21:04:26.553Z,-78,7,1,667,2,171,772,2.2,10.4,29.6,4.14,32,-22.3,2.2,1.8,245.3,,,,,,
2026-08-25-F1,2026-08-25T21:04:26.655Z,-77,7,1,668,2,168,772,1.7,10.4,29.6,4.14,32,-22.6,2.1,1.7,168.7,,,,,,
2026-08-25-F1,2026-08-25T21:04:26.758Z,-75,7,1,669,2,166,772,1.6,10.4,29.6,4.14,32,-21.0,1.8,1.6,200.8,,,,,,
2026-08-25-F1,2026-08-25T21:04:26.840Z,-74,7,1,670,2,164,772,1.3,10.4,29.6,4.14,32,-21.9,1.5,1.3,191.7,,,,,,
2026-08-25-F1,2026-08-25T21:04:26.942Z,-72,7,1,671,2,162,772,1.2,10.4,29.6,4.14,32,-21.4,1.7,1.2,177.7,,,,,,
2026-08-25-F1,2026-08-25T21:04:27.045Z,-70,7,1,672,2,160,772,1.7,10.4,29.6,4.14,32,-21.3,1.7,1.7,174.3,,,,,,
2026-08-25-F1,2026-08-25T21:04:27.025Z,-71,7,1,673,2,158,772,1.8,10.4,29.6,4.14,32,-21.8,1.8,1.7,159.5,,,,,,
2026-08-25-F1,2026-08-25T21:04:27.128Z,-71,7,1,674,2,155,772,1.7,10.4,29.6,4.14,32,-22.0,1.7,1.5,144.5,,,,,,
2026-08-25-F1,2026-08-25T21:04:27.230Z,-73,7,1,675,2,153,772,1.6,10.4,29.6,4.14,33,-23.7,1.7,1.6,115.5,,,,,,
2026-08-25-F1,2026-08-25T21:04:27.332Z,-74,7,1,676,2,150,772,1.3,10.4,29.6,4.14,33,-23.7,1.6,1.3,111.0,,,,,,
2026-08-25-F1,2026-08-25T21:04:27.435Z,-72,7,1,677,2,148,772,1.4,10.4,29.6,4.14,33,-24.1,1.4,1.2,106.2,,,,,,
2026-08-25-F1,2026-08-25T21:04:27.517Z,-71,7,1,678,2,146,772,1.7,10.4,29.6,4.14,33,-23.9,1.7,1.5,77.5,,,,,,
2026-08-25-F1,2026-08-25T21:04:27.619Z,-71,7,1,679,2,143,772,1.6,10.4,29.6,4.14,33,-24.3,1.9,1.6,65.5,,,,,,
2026-08-25-F1,2026-08-25T21:04:27.722Z,-70,7,1,680,2,141,772,1.7,10.4,29.6,4.14,33,-23.6,2.0,1.7,78.6,,,,,,
2026-08-25-F1,2026-08-25T21:04:27.828Z,-72,7,1,681,2,138,772,1.8,10.4,29.6,4.14,33,-23.3,1.8,1.5,100.5,,,,,,
2026-08-25-F1,2026-08-25T21:04:27.931Z,-73,7,1,682,2,136,772,1.4,10.4,29.6,4.14,33,-23.7,1.6,1.4,114.9,,,,,,
2026-08-25-F1,2026-08-25T21:04:28.034Z,-74,7,1,683,2,133,772,1.8,10.4,29.6,4.14,33,-25.4,1.8,1.5,112.6,,,,,,
2026-08-25-F1,2026-08-25T21:04:28.137Z,-73,7,1,684,2,131,772,1.5,10.4,29.6,4.14,33,-24.2,1.5,1.5,94.7,,,,,,
2026-08-25-F1,2026-08-25T21:04:28.240Z,-71,7,1,685,2,129,772,1.3,10.4,29.6,4.14,34,-24.0,1.6,1.3,128.7,,,,,,
2026-08-25-F1,2026-08-25T21:04:28.344Z,-70,7,1,686,2,127,772,1.7,10.4,29.6,4.14,34,-22.8,1.7,1.6,132.9,,,,,,
2026-08-25-F1,2026-08-25T21:04:28.427Z,-70,7,1,687,2,125,772,1.8,10.4,29.6,4.14,34,-21.8,1.8,1.8,121.6,,,,,,
2026-08-25-F1,2026-08-25T21:04:28.530Z,-72,7,1,688,2,123,772,1.5,10.4,29.6,4.14,34,-20.8,1.5,1.5,148.2,,,,,,
2026-08-25-F1,2026-08-25T21:04:28.633Z,-71,7,1,689,2,121,772,1.2,10.4,29.6,4.14,34,-19.6,1.3,1.2,145.2,,,,,,
2026-08-25-F1,2026-08-25T21:04:28.737Z,-71,7,1,690,2,119,772,1.3,10.4,29.6,4.14,34,-19.3,1.3,1.0,169.5,,,,,,
2026-08-25-F1,2026-08-25T21:04:28.840Z,-71,7,1,691,2,117,772,1.3,10.4,29.6,4.14,34,-20.9,1.4,1.3,240.3,,,,,,
2026-08-25-F1,2026-08-25T21:04:28.944Z,-72,7,1,692,2,114,772,1.5,10.4,29.6,4.14,34,-22.9,1.5,1.5,306.0,,,,,,
2026-08-25-F1,2026-08-25T21:04:29.047Z,-72,7,1,693,2,111,772,1.4,10.4,29.6,4.14,34,-24.7,1.6,1.4,328.2,,,,,,
2026-08-25-F1,2026-08-25T21:04:29.150Z,-72,7,1,694,2,110,772,1.7,10.4,29.6,4.14,34,-22.2,1.7,1.5,358.7,,,,,,
2026-08-25-F1,2026-08-25T21:04:29.252Z,-69,7,1,695,2,108,772,1.6,10.4,29.6,4.14,35,-20.1,1.7,1.6,414.3,,,,,,
2026-08-25-F1,2026-08-25T21:04:29.356Z,-66,7,1,696,2,106,772,2.1,10.4,29.6,4.14,35,-19.9,2.1,1.9,450.0,,,,,,
2026-08-25-F1,2026-08-25T21:04:29.459Z,-66,7,1,697,2,104,772,2.0,10.4,29.6,4.14,35,-20.3,2.1,2.0,487.4,,,,,,
2026-08-25-F1,2026-08-25T21:04:29.561Z,-68,7,1,698,2,102,772,1.6,10.4,29.6,4.14,35,-21.0,1.9,1.6,511.6,,,,,,
2026-08-25-F1,2026-08-25T21:04:29.644Z,-72,7,1,699,2,99,772,1.4,10.4,29.6,4.14,35,-24.4,1.6,1.4,505.7,,,,,,
2026-08-25-F1,2026-08-25T21:04:29.748Z,-73,7,1,700,2,96,772,1.7,10.4,29.6,4.14,35,-25.0,1.8,1.7,463.2,,,,,,
2026-08-25-F1,2026-08-25T21:04:29.851Z,-71,7,1,701,2,94,772,1.4,10.4,29.6,4.14,35,-24.2,1.6,1.4,438.5,,,,,,
2026-08-25-F1,2026-08-25T21:04:29.955Z,-68,7,1,702,2,92,772,1.6,10.4,29.6,4.14,35,-23.9,1.6,1.3,445.5,,,,,,
2026-08-25-F1,2026-08-25T21:04:30.058Z,-65,7,1,703,2,90,772,1.9,10.4,29.6,4.14,35,-22.0,1.9,1.8,430.9,,,,,,
2026-08-25-F1,2026-08-25T21:04:30.161Z,-65,7,1,704,2,88,772,2.0,10.4,29.6,4.14,35,-20.0,2.0,2.0,349.7,,,,,,
2026-08-25-F1,2026-08-25T21:04:30.264Z,-67,7,1,705,2,86,772,1.5,10.4,29.6,4.14,36,-20.2,1.9,1.5,356.4,,,,,,
2026-08-25-F1,2026-08-25T21:04:30.367Z,-68,7,1,706,2,84,772,1.3,10.4,29.6,4.14,36,-21.4,1.4,1.3,348.6,,,,,,
2026-08-25-F1,2026-08-25T21:04:30.471Z,-69,7,1,707,2,82,772,1.7,10.4,29.6,4.14,36,-20.3,1.7,1.4,326.2,,,,,,
2026-08-25-F1,2026-08-25T21:04:30.573Z,-68,7,1,708,2,80,772,1.9,10.4,29.6,4.14,36,-19.8,1.9,1.7,263.7,,,,,,
2026-08-25-F1,2026-08-25T21:04:30.656Z,-67,7,1,709,2,78,772,1.6,10.4,29.6,4.14,36,-19.2,1.7,1.6,261.8,,,,,,
2026-08-25-F1,2026-08-25T21:04:30.759Z,-65,7,1,710,2,76,772,1.7,10.4,29.6,4.14,36,-20.4,1.7,1.7,185.6,,,,,,
2026-08-25-F1,2026-08-25T21:04:30.862Z,-67,7,1,711,2,73,772,1.0,10.4,29.6,4.14,36,-21.6,1.2,1.0,121.6,,,,,,
2026-08-25-F1,2026-08-25T21:04:30.965Z,-69,7,1,712,2,71,772,1.2,10.4,29.5,4.14,36,-22.5,1.2,1.0,201.1,,,,,,
2026-08-25-F1,2026-08-25T21:04:31.068Z,-68,7,1,713,2,69,772,1.9,10.4,29.5,4.14,36,-21.5,1.9,1.6,183.6,,,,,,
2026-08-25-F1,2026-08-25T21:04:31.171Z,-67,7,1,714,2,67,772,1.9,10.4,29.5,4.14,36,-20.8,1.9,1.9,105.0,,,,,,
2026-08-25-F1,2026-08-25T21:04:31.274Z,-66,7,1,715,2,65,772,2.0,10.4,29.5,4.14,37,-20.5,2.0,1.8,105.5,,,,,,
2026-08-25-F1,2026-08-25T21:04:31.377Z,-66,7,1,716,2,63,772,1.6,10.4,29.5,4.14,37,-21.5,1.6,1.6,124.4,,,,,,
2026-08-25-F1,2026-08-25T21:04:31.480Z,-65,7,1,717,2,60,772,1.3,10.4,29.5,4.14,37,-22.3,1.4,1.3,163.5,,,,,,
2026-08-25-F1,2026-08-25T21:04:31.582Z,-65,7,1,718,2,58,772,1.6,10.4,29.5,4.14,37,-21.9,1.6,1.4,170.8,,,,,,
2026-08-25-F1,2026-08-25T21:04:31.685Z,-65,7,1,719,2,56,772,1.5,10.4,29.5,4.14,37,-23.2,1.7,1.5,213.1,,,,,,
2026-08-25-F1,2026-08-25T21:04:31.788Z,-63,7,1,720,2,53,772,1.6,10.4,29.5,4.14,37,-25.5,1.7,1.6,238.7,,,,,,
2026-08-25-F1,2026-08-25T21:04:31.871Z,-63,7,1,721,2,51,772,1.7,10.4,29.5,4.14,37,-23.7,1.7,1.6,239.1,,,,,,
2026-08-25-F1,2026-08-25T21:04:31.974Z,-64,7,1,722,2,49,772,1.6,10.4,29.5,4.14,37,-23.1,1.8,1.6,199.7,,,,,,
2026-08-25-F1,2026-08-25T21:04:32.077Z,-64,7,1,723,2,46,772,1.4,10.4,29.5,4.14,37,-22.2,1.8,1.4,163.2,,,,,,
2026-08-25-F1,2026-08-25T21:04:32.180Z,-65,7,1,724,2,44,772,1.4,10.4,29.5,4.14,37,-23.2,1.4,1.2,155.2,,,,,,
2026-08-25-F1,2026-08-25T21:04:32.288Z,-67,7,1,725,2,42,772,1.6,10.4,29.5,4.15,38,-21.3,1.6,1.4,158.5,,,,,,
2026-08-25-F1,2026-08-25T21:04:32.391Z,-67,7,1,726,2,40,772,1.5,10.4,29.5,4.14,38,-21.7,1.6,1.5,139.5,,,,,,
2026-08-25-F1,2026-08-25T21:04:32.494Z,-68,7,1,727,2,38,772,1.2,10.4,29.5,4.14,38,-21.8,1.4,1.2,108.8,,,,,,
2026-08-25-F1,2026-08-25T21:04:32.577Z,-70,7,1,728,2,36,772,1.3,10.4,29.5,4.14,38,-21.4,1.3,1.3,100.0,,,,,,
2026-08-25-F1,2026-08-25T21:04:32.680Z,-75,7,1,729,2,34,772,1.3,10.4,29.5,4.14,38,-20.6,1.3,1.3,130.6,,,,,,
2026-08-25-F1,2026-08-25T21:04:32.783Z,-84,7,1,730,2,32,772,1.3,10.4,29.5,4.14,38,-19.5,1.3,1.1,169.3,,,,,,
2026-08-25-F1,2026-08-25T21:04:32.886Z,-73,7,1,731,2,30,772,1.4,10.4,29.5,4.14,38,-19.6,1.5,1.4,187.0,,,,,,
2026-08-25-F1,2026-08-25T21:04:32.989Z,-71,7,1,732,2,28,772,1.8,10.4,29.5,4.14,38,-19.4,1.8,1.7,203.6,,,,,,
2026-08-25-F1,2026-08-25T21:04:33.092Z,-73,7,1,733,2,26,772,1.5,10.4,29.5,4.14,38,-21.8,1.7,1.5,171.3,,,,,,
2026-08-25-F1,2026-08-25T21:04:33.195Z,-74,7,1,734,2,23,772,1.5,10.4,29.5,4.14,38,-24.6,1.8,1.5,218.5,,,,,,
2026-08-25-F1,2026-08-25T21:04:33.297Z,-71,7,1,735,2,21,772,1.6,10.4,29.5,4.14,39,-23.2,1.6,1.3,281.0,,,,,,
2026-08-25-F1,2026-08-25T21:04:33.400Z,-69,7,1,736,2,19,772,1.5,10.4,29.5,4.14,39,-21.5,1.5,1.5,339.0,,,,,,
2026-08-25-F1,2026-08-25T21:04:33.503Z,-68,7,1,737,2,16,772,1.5,10.4,29.5,4.14,39,-22.0,1.8,1.5,337.6,,,,,,
2026-08-25-F1,2026-08-25T21:04:33.586Z,-66,7,1,738,2,14,772,1.6,10.4,29.5,4.14,39,-23.0,1.9,1.6,311.4,,,,,,
2026-08-25-F1,2026-08-25T21:04:33.689Z,-63,7,1,739,2,11,772,1.5,10.4,29.5,4.14,39,-24.3,1.5,1.5,284.8,,,,,,
2026-08-25-F1,2026-08-25T21:04:33.791Z,-60,7,1,740,2,9,772,1.3,10.4,29.5,4.14,39,-25.3,1.6,1.3,238.1,,,,,,
2026-08-25-F1,2026-08-25T21:04:33.894Z,-59,7,1,741,2,6,772,2.1,10.4,29.5,4.14,39,-24.2,2.1,1.4,253.2,,,,,,
2026-08-25-F1,2026-08-25T21:04:33.997Z,-59,7,1,742,2,4,772,2.1,10.4,29.5,4.14,39,-23.1,2.1,2.1,212.3,,,,,,
2026-08-25-F1,2026-08-25T21:04:34.100Z,-61,7,1,743,2,2,772,1.5,10.4,29.5,4.14,39,-24.5,1.7,1.5,263.3,,,,,,
2026-08-25-F1,2026-08-25T21:04:34.203Z,-65,7,1,744,2,0,772,1.5,10.4,29.5,4.14,39,-22.9,1.6,1.5,291.1,,,,,,
2026-08-25-F1,2026-08-25T21:04:34.306Z,-69,7,1,745,2,-3,772,1.6,10.4,29.5,4.14,40,-22.3,1.6,1.6,278.0,,,,,,
2026-08-25-F1,2026-08-25T21:04:34.409Z,-67,7,1,746,2,-4,772,1.9,10.4,29.5,4.14,40,-20.6,1.9,1.6,269.2,,,,,,
2026-08-25-F1,2026-08-25T21:04:34.497Z,-64,7,1,747,2,-7,772,1.6,10.4,29.5,4.14,40,-21.2,1.6,1.6,229.9,,,,,,
2026-08-25-F1,2026-08-25T21:04:34.599Z,-63,7,1,748,2,-9,772,1.1,10.4,29.5,4.14,40,-22.2,1.3,1.1,215.3,,,,,,
2026-08-25-F1,2026-08-25T21:04:34.702Z,-61,7,1,749,2,-11,772,1.3,10.4,29.5,4.14,40,-22.0,1.3,1.2,213.4,,,,,,
2026-08-25-F1,2026-08-25T21:04:34.805Z,-59,7,1,750,2,-13,772,1.8,10.4,29.5,4.14,40,-21.1,1.8,1.7,207.4,,,,,,
2026-08-25-F1,2026-08-25T21:04:34.908Z,-58,7,1,751,2,-15,772,1.8,10.4,29.5,4.14,40,-21.3,1.8,1.6,187.9,,,,,,
2026-08-25-F1,2026-08-25T21:04:35.011Z,-58,7,1,752,2,-18,772,1.2,10.4,29.5,4.14,40,-22.5,1.7,1.2,189.1,,,,,,
2026-08-25-F1,2026-08-25T21:04:35.114Z,-58,7,1,753,2,-20,772,1.2,10.4,29.5,4.14,40,-23.8,1.2,1.1,172.7,,,,,,
2026-08-25-F1,2026-08-25T21:04:35.216Z,-57,7,1,754,2,-23,772,1.5,10.4,29.5,4.14,40,-24.4,1.5,0.9,182.3,,,,,,
2026-08-25-F1,2026-08-25T21:04:35.319Z,-58,7,1,755,2,-25,772,2.1,10.4,29.5,4.14,41,-23.0,2.1,1.8,183.0,,,,,,
2026-08-25-F1,2026-08-25T21:04:35.401Z,-58,7,1,756,2,-27,772,1.9,10.4,29.5,4.14,41,-21.8,2.0,1.9,127.1,,,,,,
2026-08-25-F1,2026-08-25T21:04:35.504Z,-58,7,1,757,2,-29,772,1.5,10.4,29.5,4.14,41,-22.1,1.6,1.5,113.5,,,,,,
2026-08-25-F1,2026-08-25T21:04:35.607Z,-58,7,1,758,2,-32,772,1.4,10.4,29.5,4.14,41,-24.7,2.2,1.4,129.5,,,,,,
2026-08-25-F1,2026-08-25T21:04:35.709Z,-58,7,1,759,2,-35,772,1.4,10.4,29.5,4.14,41,-26.4,1.6,1.4,139.5,,,,,,
2026-08-25-F1,2026-08-25T21:04:35.812Z,-58,7,1,760,2,-37,772,2.0,10.4,29.5,4.14,41,-24.4,2.0,1.6,141.7,,,,,,
2026-08-25-F1,2026-08-25T21:04:35.915Z,-58,7,1,761,2,-39,772,2.3,10.4,29.5,4.14,41,-21.6,2.3,1.7,49.0,,,,,,
2026-08-25-F1,2026-08-25T21:04:36.018Z,-59,7,1,762,2,-41,772,1.9,10.4,29.5,4.14,41,-21.8,2.2,1.9,107.5,,,,,,
2026-08-25-F1,2026-08-25T21:04:36.121Z,-58,7,1,763,2,-44,772,1.6,10.4,29.5,4.14,41,-23.2,1.6,1.5,142.9,,,,,,
2026-08-25-F1,2026-08-25T21:04:36.223Z,-58,7,1,764,2,-46,772,1.3,10.4,29.5,4.14,41,-23.8,1.5,1.3,130.4,,,,,,
2026-08-25-F1,2026-08-25T21:04:36.326Z,-60,7,1,765,2,-49,772,1.6,10.4,29.5,4.14,42,-25.1,1.6,1.4,114.3,,,,,,
2026-08-25-F1,2026-08-25T21:04:36.408Z,-61,7,1,766,2,-51,772,1.9,10.4,29.5,4.14,42,-26.1,1.9,1.8,101.1,,,,,,
2026-08-25-F1,2026-08-25T21:04:36.511Z,-64,7,1,767,2,-54,772,2.0,10.4,29.5,4.14,42,-24.4,2.0,1.7,102.5,,,,,,
2026-08-25-F1,2026-08-25T21:04:36.614Z,-65,7,1,768,2,-56,772,1.8,10.4,29.5,4.14,42,-22.7,1.9,1.8,150.4,,,,,,
2026-08-25-F1,2026-08-25T21:04:36.716Z,-64,7,1,769,2,-58,772,1.6,10.4,29.5,4.14,42,-22.1,1.6,1.5,164.6,,,,,,
2026-08-25-F1,2026-08-25T21:04:36.819Z,-66,7,1,770,2,-60,772,1.0,10.4,29.5,4.14,42,-22.5,1.1,1.0,101.0,,,,,,
2026-08-25-F1,2026-08-25T21:04:36.922Z,-62,7,1,771,2,-62,772,1.0,10.4,29.5,4.14,42,-22.0,1.1,1.0,32.1,,,,,,
2026-08-25-F1,2026-08-25T21:04:37.025Z,-67,7,1,772,2,-64,772,1.1,10.4,29.5,4.14,42,-21.7,1.1,1.0,51.2,,,,,,
2026-08-25-F1,2026-08-25T21:04:37.095Z,-69,7,1,773,2,-66,772,1.3,10.4,29.5,4.14,42,-21.1,1.3,1.1,58.8,,,,,,
2026-08-25-F1,2026-08-25T21:04:37.177Z,-72,7,1,774,2,-68,772,1.8,10.4,29.5,4.14,42,-20.6,1.8,1.3,46.3,,,,,,
2026-08-25-F1,2026-08-25T21:04:37.279Z,-74,7,1,775,2,-70,772,1.5,10.4,29.5,4.14,43,-20.4,1.5,1.4,96.8,,,,,,
2026-08-25-F1,2026-08-25T21:04:37.382Z,-76,7,1,776,2,-73,772,1.2,10.4,29.5,4.14,43,-23.8,1.3,1.2,100.0,,,,,,
2026-08-25-F1,2026-08-25T21:04:37.484Z,-81,7,1,777,2,-76,772,2.7,10.4,29.5,4.14,43,-25.4,2.7,1.3,372.3,,,,,,
2026-08-25-F1,2026-08-25T21:04:37.586Z,-83,7,1,778,2,-79,772,7.2,10.4,29.5,4.14,43,-26.8,9.9,7.2,872.7,,,,,,
2026-08-25-F1,2026-08-25T21:04:37.689Z,-83,7,1,779,2,-81,772,4.6,10.4,29.5,4.14,43,-25.9,4.6,3.3,336.2,,,,,,
2026-08-25-F1,2026-08-25T21:04:37.796Z,-83,7,1,780,2,-83,772,1.1,10.4,29.5,4.14,43,-22.8,1.1,1.0,197.8,,,,,,
2026-08-25-F1,2026-08-25T21:04:37.878Z,-82,7,1,781,2,-84,772,1.8,10.4,29.5,4.14,43,-19.3,1.8,1.6,28.0,,,,,,
2026-08-25-F1,2026-08-25T21:04:37.981Z,-83,7,1,782,2,-85,772,1.6,10.4,29.5,4.14,43,-12.7,1.8,1.6,4.9,,,,,,
2026-08-25-F1,2026-08-25T21:04:38.083Z,-83,7,1,783,2,-85,772,1.6,10.4,29.5,4.14,43,-9.2,1.6,1.6,2.1,,,,,,
2026-08-25-F1,2026-08-25T21:04:38.186Z,-83,7,1,784,2,-85,772,1.6,10.4,29.5,4.14,43,-6.8,1.6,1.6,1.1,,,,,,
2026-08-25-F1,2026-08-25T21:04:38.289Z,-83,7,1,785,2,-85,772,1.6,10.4,29.5,4.14,44,-5.6,1.6,1.6,1.6,,,,,,
2026-08-25-F1,2026-08-25T21:04:38.392Z,-84,7,1,786,2,-85,772,1.6,10.4,29.5,4.14,44,-3.8,1.6,1.5,1.1,,,,,,
2026-08-25-F1,2026-08-25T21:04:38.495Z,-83,7,1,787,2,-86,772,1.6,10.4,29.5,4.14,44,-3.3,1.7,1.6,0.7,,,,,,
2026-08-25-F1,2026-08-25T21:04:38.598Z,-83,7,1,788,2,-86,772,1.6,10.4,29.5,4.14,44,-2.7,1.6,1.5,0.6,,,,,,
2026-08-25-F1,2026-08-25T21:04:38.701Z,-83,7,1,789,2,-86,772,1.6,10.4,29.5,4.14,44,-1.2,1.6,1.5,0.8,,,,,,
2026-08-25-F1,2026-08-25T21:04:38.783Z,-83,7,1,790,2,-85,772,1.6,10.4,29.5,4.14,44,-0.0,1.6,1.6,0.8,,,,,,
2026-08-25-F1,2026-08-25T21:04:38.886Z,-83,7,1,791,2,-86,772,1.6,10.4,29.5,4.14,44,-0.5,1.6,1.5,0.6,,,,,,
2026-08-25-F1,2026-08-25T21:04:38.989Z,-83,7,1,792,2,-86,772,1.6,10.4,29.5,4.14,44,-1.1,1.6,1.6,0.7,,,,,,
2026-08-25-F1,2026-08-25T21:04:39.091Z,-84,7,1,793,2,-86,772,1.6,10.4,29.5,4.14,44,-0.4,1.6,1.6,0.7,,,,,,
2026-08-25-F1,2026-08-25T21:04:39.194Z,-83,7,1,794,2,-86,772,1.6,10.4,29.5,4.14,44,-0.2,1.6,1.6,0.8,,,,,,
2026-08-25-F1,2026-08-25T21:04:39.296Z,-83,7,1,795,2,-86,772,1.7,10.4,29.5,4.14,45,-0.1,1.7,1.7,0.8,,,,,,
2026-08-25-F1,2026-08-25T21:04:39.399Z,-83,7,1,796,2,-86,772,1.6,10.4,29.5,4.14,45,-0.2,1.6,1.6,0.6,,,,,,
2026-08-25-F1,2026-08-25T21:04:39.501Z,-83,7,1,797,2,-86,772,1.7,10.4,29.5,4.14,45,-0.0,1.7,1.7,0.7,,,,,,
2026-08-25-F1,2026-08-25T21:04:39.604Z,-83,7,1,798,2,-86,772,1.6,10.4,29.5,4.14,45,-0.4,1.6,1.6,0.6,,,,,,
2026-08-25-F1,2026-08-25T21:04:39.707Z,-83,7,1,799,2,-86,772,1.7,10.4,29.5,4.14,45,0.3,1.7,1.6,0.7,,,,,,
2026-08-25-F1,2026-08-25T21:04:39.809Z,-84,7,1,800,2,-86,772,1.6,10.4,29.5,4.14,45,0.7,1.6,1.6,0.7,,,,,,
2026-08-25-F1,2026-08-25T21:04:39.891Z,-84,7,1,801,2,-86,772,1.7,10.4,29.5,4.14,45,0.2,1.7,1.6,0.7,,,,,,
2026-08-25-F1,2026-08-25T21:04:39.994Z,-84,7,1,802,2,-86,772,1.6,10.4,29.5,4.14,45,-0.3,1.7,1.6,0.7,,,,,,
2026-08-25-F1,2026-08-25T21:04:40.096Z,-83,7,1,803,2,-86,772,1.6,10.4,29.5,4.14,45,-0.3,1.6,1.6,0.6,,,,,,
2026-08-25-F1,2026-08-25T21:04:40.199Z,-83,7,1,804,2,-86,772,1.7,10.4,29.5,4.14,45,-0.5,1.7,1.6,0.6,,,,,,
2026-08-25-F1,2026-08-25T21:04:40.302Z,-83,7,1,805,2,-86,772,1.6,10.4,29.5,4.14,46,0.0,1.6,1.6,0.6,,,,,,
2026-08-25-F1,2026-08-25T21:04:40.405Z,-84,7,1,806,2,-86,772,1.6,10.4,29.5,4.14,46,-0.2,1.6,1.6,0.7,,,,,,
2026-08-25-F1,2026-08-25T21:04:40.507Z,-83,7,1,807,2,-86,772,1.6,10.4,29.5,4.14,46,0.4,1.6,1.6,0.7,,,,,,
2026-08-25-F1,2026-08-25T21:04:40.610Z,-83,7,1,808,2,-86,772,1.7,10.4,29.5,4.14,46,0.1,1.7,1.6,0.7,,,,,,
2026-08-25-F1,2026-08-25T21:04:40.713Z,-82,7,1,809,2,-86,772,1.7,10.4,29.5,4.14,46,-0.3,1.7,1.6,0.6,,,,,,
2026-08-25-F1,2026-08-25T21:04:40.815Z,-83,7,1,810,2,-86,772,1.7,10.4,29.5,4.14,46,-0.3,1.7,1.6,0.6,,,,,,
2026-08-25-F1,2026-08-25T21:04:40.918Z,-83,7,1,811,2,-86,772,1.6,10.4,29.5,4.14,46,-0.4,1.6,1.6,0.7,,,,,,
2026-08-25-F1,2026-08-25T21:04:41.001Z,-83,7,1,812,2,-86,772,1.6,10.4,29.5,4.14,46,-0.7,1.6,1.6,0.7,,,,,,
2026-08-25-F1,2026-08-25T21:04:41.108Z,-83,7,1,813,2,-86,772,1.7,10.4,29.5,4.14,46,0.1,1.7,1.6,0.7,,,,,,
2026-08-25-F1,2026-08-25T21:04:41.210Z,-83,7,1,814,2,-86,772,1.6,10.4,29.5,4.14,46,-0.3,1.6,1.6,0.7,,,,,,
2026-08-25-F1,2026-08-25T21:04:41.313Z,-83,7,1,815,2,-85,772,1.6,10.4,29.5,4.14,47,1.2,1.6,1.6,0.7,,,,,,
2026-08-25-F1,2026-08-25T21:04:41.416Z,-83,7,1,816,2,-86,772,1.6,10.4,29.5,4.14,47,-0.1,1.6,1.6,0.6,,,,,,
2026-08-25-F1,2026-08-25T21:04:41.518Z,-83,7,1,817,2,-86,772,1.6,10.4,29.5,4.14,47,-0.6,1.6,1.6,0.6,,,,,,
2026-08-25-F1,2026-08-25T21:04:41.621Z,-83,7,1,818,2,-86,772,1.6,10.4,29.5,4.14,47,-0.6,1.6,1.6,0.6,,,,,,
2026-08-25-F1,2026-08-25T21:04:41.704Z,-83,7,1,819,2,-86,772,1.6,10.4,29.5,4.14,47,-0.2,1.6,1.6,0.7,,,,,,
2026-08-25-F1,2026-08-25T21:04:41.806Z,-83,7,1,820,2,-86,772,1.6,10.4,29.5,4.14,47,-0.4,1.6,1.6,0.7,,,,,,
2026-08-25-F1,2026-08-25T21:04:41.909Z,-83,7,1,821,2,-86,772,1.6,10.4,29.5,4.14,47,-0.1,1.6,1.6,0.6,,,,,,
2026-08-25-F1,2026-08-25T21:04:42.012Z,-83,7,1,822,2,-86,772,1.6,10.4,29.5,4.14,47,-0.3,1.6,1.6,0.6,,,,,,
2026-08-25-F1,2026-08-25T21:04:42.115Z,-82,7,1,823,2,-86,772,1.6,10.4,29.5,4.15,47,-0.6,1.6,1.6,0.6,,,,,,
2026-08-25-F1,2026-08-25T21:04:42.217Z,-82,7,1,824,2,-86,772,1.6,10.4,29.5,4.14,47,-0.0,1.6,1.6,0.7,,,,,,
2026-08-25-F1,2026-08-25T21:04:42.320Z,-83,7,1,825,2,-86,772,1.6,10.4,29.5,4.14,48,0.6,1.6,1.6,0.7,,,,,,
2026-08-25-F1,2026-08-25T21:04:42.423Z,-83,7,1,826,2,-86,772,1.7,10.4,29.5,4.14,48,0.1,1.7,1.6,0.6,,,,,,
2026-08-25-F1,2026-08-25T21:04:42.525Z,-83,7,1,827,2,-86,772,1.7,10.4,29.5,4.14,48,0.7,1.7,1.6,0.6,,,,,,
2026-08-25-F1,2026-08-25T21:04:42.607Z,-83,7,1,828,2,-86,772,1.5,10.4,29.5,4.14,48,0.1,1.5,1.5,0.7,,,,,,
2026-08-25-F1,2026-08-25T21:04:42.710Z,-83,7,1,829,2,-86,772,1.6,10.4,29.5,4.14,48,-0.5,1.6,1.6,0.6,,,,,,
2026-08-25-F1,2026-08-25T21:04:42.813Z,-84,7,1,830,2,-86,772,1.7,10.4,29.5,4.14,48,0.2,1.7,1.6,0.6,,,,,,
2026-08-25-F1,2026-08-25T21:04:42.915Z,-84,7,1,831,2,-86,772,1.7,10.4,29.5,4.14,48,-1.3,1.7,1.6,0.6,,,,,,
2026-08-25-F1,2026-08-25T21:04:43.018Z,-83,7,1,832,2,-86,772,1.6,10.4,29.5,4.14,48,-0.2,1.6,1.6,0.7,,,,,,
2026-08-25-F1,2026-08-25T21:04:43.121Z,-84,7,1,833,2,-86,772,1.6,10.4,29.5,4.14,48,0.4,1.6,1.6,0.7,,,,,,
2026-08-25-F1,2026-08-25T21:04:43.224Z,-83,7,1,834,2,-86,772,1.6,10.4,29.5,4.14,48,-0.6,1.6,1.6,0.7,,,,,,
2026-08-25-F1,2026-08-25T21:04:43.326Z,-84,7,1,835,2,-86,772,1.6,10.4,29.5,4.14,49,0.1,1.6,1.6,0.6,,,,,,
2026-08-25-F1,2026-08-25T21:04:43.429Z,-83,7,1,836,2,-86,772,1.7,10.4,29.5,4.14,49,-1.2,1.7,1.6,0.7,,,,,,
2026-08-25-F1,2026-08-25T21:04:43.531Z,-83,7,1,837,2,-86,772,1.7,10.4,29.5,4.14,49,-1.6,1.7,1.7,0.6,,,,,,
2026-08-25-F1,2026-08-25T21:04:43.614Z,-83,7,1,838,2,-86,772,1.6,10.4,29.5,4.14,49,-0.7,1.6,1.6,0.7,,,,,,
2026-08-25-F1,2026-08-25T21:04:43.716Z,-82,7,1,839,2,-86,772,1.7,10.4,29.5,4.14,49,-0.1,1.7,1.6,0.6,,,,,,
2026-08-25-F1,2026-08-25T21:04:43.819Z,-83,7,1,840,2,-86,772,1.7,10.4,29.5,4.14,49,1.0,1.7,1.6,0.7,,,,,,
2026-08-25-F1,2026-08-25T21:04:43.921Z,-83,7,1,841,2,-86,772,1.6,10.4,29.5,4.14,49,0.2,1.6,1.6,0.6,,,,,,
2026-08-25-F1,2026-08-25T21:04:44.024Z,-83,7,1,842,2,-86,772,1.6,10.4,29.5,4.14,49,0.5,1.6,1.6,0.7,,,,,,
2026-08-25-F1,2026-08-25T21:04:44.127Z,-83,7,1,843,2,-86,772,1.6,10.4,29.5,4.14,49,0.3,1.6,1.6,0.7,,,,,,
2026-08-25-F1,2026-08-25T21:04:44.229Z,-83,7,1,844,2,-86,772,1.6,10.4,29.5,4.14,49,0.2,1.7,1.6,0.7,,,,,,
2026-08-25-F1,2026-08-25T21:04:44.332Z,-83,7,1,845,2,-86,772,1.6,10.4,29.5,4.14,50,0.1,1.7,1.6,0.6,,,,,,
2026-08-25-F1,2026-08-25T21:04:44.420Z,-84,7,1,846,2,-86,772,1.7,10.4,29.4,4.14,50,-0.1,1.7,1.6,0.7,,,,,,
2026-08-25-F1,2026-08-25T21:04:44.523Z,-84,7,1,847,2,-86,772,1.6,10.4,29.4,4.14,50,1.0,1.6,1.6,0.7,,,,,,
2026-08-25-F1,2026-08-25T21:04:44.625Z,-84,7,1,848,2,-85,772,1.6,10.4,29.4,4.14,50,1.4,1.6,1.6,0.6,,,,,,
2026-08-25-F1,2026-08-25T21:04:44.728Z,-84,7,1,849,2,-86,772,1.6,10.4,29.4,4.14,50,-0.3,1.6,1.6,0.6,,,,,,
2026-08-25-F1,2026-08-25T21:04:44.830Z,-84,7,1,850,2,-86,772,1.7,10.4,29.5,4.14,50,-2.4,1.7,1.6,0.6,,,,,,
2026-08-25-F1,2026-08-25T21:04:44.933Z,-84,7,1,851,2,-86,772,1.7,10.4,29.4,4.14,50,-0.0,1.7,1.6,0.7,,,,,,
2026-08-25-F1,2026-08-25T21:04:45.036Z,-84,7,1,852,2,-86,772,1.6,10.4,29.4,4.14,50,-1.2,1.6,1.6,0.6,,,,,,
2026-08-25-F1,2026-08-25T21:04:45.118Z,-84,7,1,853,2,-86,772,1.6,10.4,29.4,4.14,50,0.1,1.6,1.6,0.6,,,,,,
2026-08-25-F1,2026-08-25T21:04:45.221Z,-84,7,1,854,2,-86,772,1.6,10.4,29.4,4.14,50,-0.2,1.6,1.6,0.6,,,,,,
2026-08-25-F1,2026-08-25T21:04:45.323Z,-84,7,1,855,2,-86,772,1.6,10.4,29.4,4.14,51,-0.0,1.6,1.6,0.6,,,,,,
2026-08-25-F1,2026-08-25T21:04:45.426Z,-85,7,1,856,2,-86,772,1.6,10.4,29.4,4.14,51,0.0,1.7,1.6,0.7,,,,,,
2026-08-25-F1,2026-08-25T21:04:45.528Z,-84,7,1,857,2,-86,772,1.6,10.4,29.4,4.14,51,0.8,1.6,1.6,0.6,,,,,,
2026-08-25-F1,2026-08-25T21:04:45.630Z,-83,7,1,858,2,-86,772,1.6,10.4,29.4,4.14,51,-0.3,1.6,1.6,0.7,,,,,,
2026-08-25-F1,2026-08-25T21:04:45.733Z,-83,7,1,859,2,-86,772,1.7,10.4,29.4,4.14,51,-0.9,1.7,1.6,0.6,,,,,,
2026-08-25-F1,2026-08-25T21:04:45.836Z,-84,7,1,860,2,-86,772,1.6,10.4,29.4,4.14,51,-0.8,1.6,1.6,0.7,,,,,,
2026-08-25-F1,2026-08-25T21:04:45.938Z,-84,7,1,861,2,-86,772,1.6,10.4,29.4,4.14,51,0.1,1.6,1.6,0.6,,,,,,
2026-08-25-F1,2026-08-25T21:04:46.041Z,-83,7,1,862,2,-86,772,1.6,10.4,29.4,4.14,51,0.7,1.6,1.6,0.6,,,,,,
2026-08-25-F1,2026-08-25T21:04:46.123Z,-83,7,1,863,2,-86,772,1.6,10.4,29.4,4.14,51,0.2,1.6,1.6,0.6,,,,,,
2026-08-25-F1,2026-08-25T21:04:46.226Z,-84,7,1,864,2,-86,772,1.6,10.4,29.4,4.14,51,-0.7,1.7,1.6,0.7,,,,,,
2026-08-25-F1,2026-08-25T21:04:46.328Z,-83,7,1,865,2,-86,772,1.6,10.4,29.4,4.14,52,0.2,1.6,1.6,0.6,,,,,,
2026-08-25-F1,2026-08-25T21:04:46.431Z,-84,7,1,866,2,-86,772,1.6,10.4,29.4,4.14,52,0.1,1.6,1.6,0.6,,,,,,
2026-08-25-F1,2026-08-25T21:04:46.533Z,-85,7,1,867,2,-86,772,1.6,10.4,29.4,4.14,52,-1.2,1.6,1.6,0.7,,,,,,
2026-08-25-F1,2026-08-25T21:04:46.635Z,-83,7,1,868,2,-86,772,1.7,10.4,29.4,4.14,52,-0.3,1.7,1.6,0.6,,,,,,
2026-08-25-F1,2026-08-25T21:04:46.738Z,-83,7,1,869,2,-86,772,1.6,10.4,29.4,4.14,52,0.5,1.6,1.5,0.6,,,,,,
2026-08-25-F1,2026-08-25T21:04:46.841Z,-83,7,1,870,2,-86,772,1.6,10.4,29.4,4.14,52,0.7,1.6,1.6,0.6,,,,,,
2026-08-25-F1,2026-08-25T21:04:46.943Z,-84,7,1,871,2,-86,772,1.6,10.4,29.4,4.14,52,1.1,1.6,1.6,0.7,,,,,,
2026-08-25-F1,2026-08-25T21:04:47.025Z,-83,7,1,872,2,-86,772,1.6,10.4,29.4,4.14,52,0.8,1.6,1.6,0.6,,,,,,
2026-08-25-F1,2026-08-25T21:04:47.008Z,-83,7,1,873,2,-86,772,1.6,10.4,29.4,4.14,52,-1.1,1.6,1.6,0.6,,,,,,
2026-08-25-F1,2026-08-25T21:04:47.110Z,-83,7,1,874,2,-86,772,1.6,10.4,29.4,4.14,52,-1.6,1.6,1.6,0.7,,,,,,
2026-08-25-F1,2026-08-25T21:04:47.213Z,-83,7,1,875,2,-86,772,1.6,10.4,29.4,4.14,53,-0.6,1.6,1.6,0.6,,,,,,
2026-08-25-F1,2026-08-25T21:04:47.315Z,-82,7,1,876,2,-86,772,1.6,10.4,29.4,4.14,53,-0.2,1.6,1.6,0.6,,,,,,
2026-08-25-F1,2026-08-25T21:04:47.417Z,-83,7,1,877,2,-86,772,1.6,10.4,29.4,4.14,53,-0.8,1.6,1.6,0.7,,,,,,
2026-08-25-F1,2026-08-25T21:04:47.520Z,-82,7,1,878,2,-86,772,1.6,10.4,29.4,4.14,53,0.0,1.6,1.6,0.7,,,,,,
2026-08-25-F1,2026-08-25T21:04:47.622Z,-82,7,1,879,2,-86,772,1.6,10.4,29.4,4.14,53,-0.2,1.6,1.6,0.6,,,,,,
2026-08-25-F1,2026-08-25T21:04:47.724Z,-82,7,1,880,2,-86,772,1.7,10.4,29.4,4.14,53,-0.5,1.7,1.6,0.6,,,,,,
2026-08-25-F1,2026-08-25T21:04:47.807Z,-83,7,1,881,2,-86,772,1.5,10.4,29.4,4.14,53,-0.2,1.6,1.5,0.7,,,,,,
2026-08-25-F1,2026-08-25T21:04:47.909Z,-83,7,1,882,2,-86,772,1.6,10.4,29.4,4.14,53,0.1,1.6,1.6,0.6,,,,,,
2026-08-25-F1,2026-08-25T21:04:48.012Z,-83,7,1,883,2,-86,772,1.6,10.4,29.4,4.14,53,-0.9,1.6,1.6,0.7,,,,,,
2026-08-25-F1,2026-08-25T21:04:48.115Z,-82,7,1,884,2,-86,772,1.6,10.4,29.4,4.14,53,-0.6,1.6,1.6,0.7,,,,,,
2026-08-25-F1,2026-08-25T21:04:48.219Z,-83,7,1,885,2,-86,772,1.6,10.4,29.4,4.14,54,-0.4,1.6,1.6,0.6,,,,,,
2026-08-25-F1,2026-08-25T21:04:48.322Z,-83,7,1,886,2,-86,772,1.6,10.4,29.4,4.14,54,0.8,1.6,1.6,0.6,,,,,,
2026-08-25-F1,2026-08-25T21:04:48.426Z,-83,7,1,887,2,-86,772,1.6,10.4,29.4,4.14,54,1.1,1.6,1.6,0.6,,,,,,
2026-08-25-F1,2026-08-25T21:04:48.529Z,-83,7,1,888,2,-86,772,1.6,10.4,29.4,4.14,54,0.2,1.6,1.6,0.6,,,,,,
2026-08-25-F1,2026-08-25T21:04:48.633Z,-83,7,1,889,2,-86,772,1.6,10.4,29.4,4.14,54,1.1,1.6,1.6,0.7,,,,,,
2026-08-25-F1,2026-08-25T21:04:48.736Z,-83,7,1,890,2,-86,772,1.6,10.4,29.4,4.14,54,1.2,1.6,1.6,0.7,,,,,,
2026-08-25-F1,2026-08-25T21:04:48.819Z,-83,7,1,891,2,-86,772,1.6,10.4,29.4,4.14,54,0.0,1.6,1.6,0.6,,,,,,
2026-08-25-F1,2026-08-25T21:04:48.922Z,-83,7,1,892,2,-86,772,1.7,10.4,29.4,4.14,54,0.5,1.7,1.6,0.6,,,,,,
2026-08-25-F1,2026-08-25T21:04:49.025Z,-83,7,1,893,2,-86,772,1.6,10.4,29.4,4.14,54,-0.1,1.7,1.6,0.6,,,,,,
2026-08-25-F1,2026-08-25T21:04:49.129Z,-84,7,1,894,2,-86,772,1.6,10.4,29.4,4.14,54,0.4,1.6,1.6,0.7,,,,,,
2026-08-25-F1,2026-08-25T21:04:49.231Z,-84,7,1,895,2,-86,772,1.6,10.4,29.4,4.14,55,-0.9,1.7,1.6,0.7,,,,,,
2026-08-25-F1,2026-08-25T21:04:49.333Z,-83,7,1,896,2,-86,772,1.6,10.4,29.4,4.14,55,-0.6,1.6,1.6,0.6,,,,,,
2026-08-25-F1,2026-08-25T21:04:49.436Z,-83,7,1,897,2,-86,772,1.6,10.4,29.4,4.14,55,0.3,1.6,1.6,0.6,,,,,,
2026-08-25-F1,2026-08-25T21:04:49.539Z,-83,7,1,898,2,-86,772,1.6,10.4,29.4,4.14,55,0.5,1.7,1.6,0.6,,,,,,
2026-08-25-F1,2026-08-25T21:04:49.642Z,-83,7,1,899,2,-86,772,1.6,10.4,29.4,4.14,55,-0.8,1.6,1.6,0.6,,,,,,
2026-08-25-F1,2026-08-25T21:04:49.745Z,-83,7,1,900,2,-86,772,1.6,10.4,29.4,4.14,55,-1.0,1.6,1.6,0.6,,,,,,
2026-08-25-F1,2026-08-25T21:04:49.848Z,-84,7,1,901,2,-86,772,1.6,10.4,29.4,4.14,55,-0.9,1.6,1.6,0.6,,,,,,
2026-08-25-F1,2026-08-25T21:04:49.951Z,-83,7,1,902,2,-86,772,1.7,10.4,29.4,4.14,55,-0.1,1.7,1.6,0.6,,,,,,
2026-08-25-F1,2026-08-25T21:04:50.053Z,-83,7,1,903,2,-86,772,1.6,10.4,29.4,4.14,55,0.5,1.7,1.6,0.6,,,,,,
2026-08-25-F1,2026-08-25T21:04:50.156Z,-83,7,1,904,2,-86,772,1.6,10.4,29.4,4.14,55,0.1,1.6,1.6,0.6,,,,,,
2026-08-25-F1,2026-08-25T21:04:50.258Z,-83,7,1,905,2,-86,772,1.6,10.4,29.4,4.14,56,-0.4,1.6,1.6,0.7,,,,,,
2026-08-25-F1,2026-08-25T21:04:50.361Z,-83,7,1,906,2,-86,772,1.6,10.4,29.4,4.14,56,-1.2,1.6,1.6,0.6,,,,,,
2026-08-25-F1,2026-08-25T21:04:50.464Z,-84,7,1,907,2,-86,772,1.7,10.4,29.4,4.14,56,-0.2,1.7,1.7,0.6,,,,,,
2026-08-25-F1,2026-08-25T21:04:50.547Z,-83,7,1,908,2,-86,772,1.6,10.4,29.4,4.14,56,-0.2,1.7,1.6,0.6,,,,,,
2026-08-25-F1,2026-08-25T21:04:50.650Z,-84,7,1,909,2,-86,772,1.6,10.4,29.4,4.14,56,0.3,1.6,1.5,0.7,,,,,,
2026-08-25-F1,2026-08-25T21:04:50.753Z,-83,7,1,910,2,-86,772,1.6,10.4,29.4,4.14,56,0.7,1.6,1.6,0.7,,,,,,
2026-08-25-F1,2026-08-25T21:04:50.861Z,-83,7,1,911,2,-86,772,1.7,10.4,29.4,4.14,56,-0.2,1.7,1.6,0.6,,,,,,
2026-08-25-F1,2026-08-25T21:04:50.964Z,-83,7,1,912,2,-86,772,1.7,10.4,29.4,4.14,56,1.0,1.7,1.6,0.6,,,,,,
2026-08-25-F1,2026-08-25T21:04:51.067Z,-83,7,1,913,2,-86,772,1.6,10.4,29.4,4.14,56,-0.3,1.6,1.6,0.6,,,,,,
2026-08-25-F1,2026-08-25T21:04:51.170Z,-83,7,1,914,2,-86,772,1.7,10.4,29.4,4.14,56,0.4,1.7,1.6,0.6,,,,,,
2026-08-25-F1,2026-08-25T21:04:51.273Z,-84,7,1,915,2,-86,772,1.6,10.4,29.4,4.14,57,0.7,1.7,1.6,0.6,,,,,,
2026-08-25-F1,2026-08-25T21:04:51.376Z,-84,7,1,916,2,-86,772,1.7,10.4,29.4,4.14,57,-0.4,1.7,1.6,0.6,,,,,,
2026-08-25-F1,2026-08-25T21:04:51.459Z,-83,7,1,917,2,-86,772,1.6,10.4,29.4,4.14,57,0.3,1.6,1.6,0.6,,,,,,
2026-08-25-F1,2026-08-25T21:04:51.562Z,-83,7,1,918,2,-86,772,1.6,10.4,29.4,4.14,57,-1.1,1.6,1.6,0.6,,,,,,
2026-08-25-F1,2026-08-25T21:04:51.665Z,-83,7,1,919,2,-86,772,1.6,10.4,29.4,4.14,57,-0.2,1.6,1.6,0.6,,,,,,
2026-08-25-F1,2026-08-25T21:04:51.768Z,-84,7,1,920,2,-86,772,1.6,10.4,29.4,4.14,57,-0.5,1.6,1.6,0.6,,,,,,
2026-08-25-F1,2026-08-25T21:04:51.871Z,-84,7,1,921,2,-86,772,1.6,10.4,29.4,4.14,57,1.0,1.6,1.6,0.7,,,,,,
2026-08-25-F1,2026-08-25T21:04:51.974Z,-83,7,1,922,2,-86,772,1.6,10.4,29.4,4.14,57,0.0,1.6,1.6,0.6,,,,,,
2026-08-25-F1,2026-08-25T21:04:52.077Z,-84,7,1,923,2,-86,772,1.7,10.4,29.4,4.14,57,0.0,1.7,1.6,0.6,,,,,,
2026-08-25-F1,2026-08-25T21:04:52.180Z,-84,7,1,924,2,-86,772,1.6,10.4,29.4,4.14,57,0.2,1.6,1.6,0.6,,,,,,
2026-08-25-F1,2026-08-25T21:04:52.283Z,-83,7,1,925,2,-86,772,1.6,10.4,29.4,4.14,58,-0.2,1.6,1.6,0.6,,,,,,
2026-08-25-F1,2026-08-25T21:04:52.386Z,-83,7,1,926,2,-86,772,1.6,10.4,29.4,4.14,58,0.7,1.6,1.6,0.6,,,,,,
2026-08-25-F1,2026-08-25T21:04:52.469Z,-84,7,1,927,2,-86,772,1.6,10.4,29.4,4.14,58,0.9,1.6,1.6,0.6,,,,,,
2026-08-25-F1,2026-08-25T21:04:52.572Z,-83,7,1,928,2,-86,772,1.6,10.4,29.4,4.14,58,0.3,1.6,1.6,0.6,,,,,,
2026-08-25-F1,2026-08-25T21:04:52.675Z,-83,7,1,929,2,-86,772,1.6,10.4,29.4,4.14,58,-0.9,1.7,1.6,0.6,,,,,,
2026-08-25-F1,2026-08-25T21:04:52.778Z,-83,7,1,930,2,-86,772,1.6,10.4,29.4,4.14,58,-1.7,1.6,1.6,0.7,,,,,,
2026-08-25-F1,2026-08-25T21:04:52.880Z,-83,7,1,931,2,-86,772,1.6,10.4,29.4,4.14,58,-1.4,1.6,1.6,0.7,,,,,,
2026-08-25-F1,2026-08-25T21:04:52.983Z,-83,7,1,932,2,-87,772,1.6,10.4,29.4,4.14,58,-2.0,1.6,1.6,0.7,,,,,,
2026-08-25-F1,2026-08-25T21:04:53.090Z,-84,7,1,933,2,-86,772,1.6,10.4,29.4,4.14,58,-0.4,1.6,1.6,0.7,,,,,,
2026-08-25-F1,2026-08-25T21:04:53.193Z,-84,7,1,934,2,-86,772,1.6,10.4,29.4,4.14,58,0.4,1.7,1.6,0.7,,,,,,
2026-08-25-F1,2026-08-25T21:04:53.276Z,-84,7,1,935,2,-86,772,1.7,10.4,29.4,4.14,59,1.7,1.7,1.6,0.6,,,,,,
2026-08-25-F1,2026-08-25T21:04:53.379Z,-84,7,1,936,2,-86,772,1.6,10.4,29.4,4.14,59,1.1,1.7,1.6,0.6,,,,,,
2026-08-25-F1,2026-08-25T21:04:53.482Z,-84,7,1,937,2,-86,772,1.6,10.4,29.4,4.14,59,0.6,1.6,1.6,0.6,,,,,,
2026-08-25-F1,2026-08-25T21:04:53.584Z,-83,7,1,938,2,-86,772,1.7,10.4,29.4,4.14,59,0.9,1.7,1.6,0.6,,,,,,
2026-08-25-F1,2026-08-25T21:04:53.687Z,-84,7,1,939,2,-86,772,1.6,10.4,29.4,4.14,59,-0.2,1.6,1.6,0.6,,,,,,
2026-08-25-F1,2026-08-25T21:04:53.790Z,-83,7,1,940,2,-86,772,1.6,10.4,29.4,4.14,59,-0.1,1.6,1.6,0.6,,,,,,
2026-08-25-F1,2026-08-25T21:04:53.893Z,-84,7,1,941,2,-86,772,1.7,10.4,29.4,4.14,59,0.1,1.7,1.6,0.6,,,,,,
2026-08-25-F1,2026-08-25T21:04:53.997Z,-83,7,1,942,2,-86,772,1.6,10.4,29.4,4.14,59,-0.9,1.7,1.6,0.6,,,,,,
2026-08-25-F1,2026-08-25T21:04:54.099Z,-83,7,1,943,2,-86,772,1.6,10.4,29.4,4.14,59,-0.5,1.6,1.6,0.6,,,,,,
2026-08-25-F1,2026-08-25T21:04:54.202Z,-83,7,1,944,2,-86,772,1.7,10.4,29.4,4.14,59,0.2,1.7,1.5,0.6,,,,,,
2026-08-25-F1,2026-08-25T21:04:54.285Z,-83,7,1,945,2,-86,772,1.6,10.4,29.4,4.14,60,0.4,1.6,1.6,0.7,,,,,,
2026-08-25-F1,2026-08-25T21:04:54.388Z,-84,7,1,946,2,-86,772,1.6,10.4,29.4,4.14,60,1.3,1.6,1.6,0.7,,,,,,
2026-08-25-F1,2026-08-25T21:04:54.490Z,-84,7,1,947,2,-86,772,1.6,10.4,29.4,4.14,60,-0.5,1.6,1.6,0.6,,,,,,
2026-08-25-F1,2026-08-25T21:04:54.593Z,-83,7,1,948,2,-86,772,1.6,10.4,29.4,4.14,60,-0.9,1.6,1.6,0.6,,,,,,
2026-08-25-F1,2026-08-25T21:04:54.696Z,-84,7,1,949,2,-86,772,1.6,10.4,29.4,4.14,60,-0.1,1.6,1.6,0.6,,,,,,
2026-08-25-F1,2026-08-25T21:04:54.799Z,-84,7,1,950,2,-86,772,1.6,10.4,29.4,4.14,60,0.6,1.7,1.6,0.6,,,,,,
2026-08-25-F1,2026-08-25T21:04:54.902Z,-84,7,1,951,2,-86,772,1.5,10.4,29.4,4.14,60,0.7,1.7,1.5,0.6,,,,,,
2026-08-25-F1,2026-08-25T21:04:55.005Z,-84,7,1,952,2,-86,772,1.6,10.4,29.4,4.14,60,1.1,1.6,1.6,0.7,,,,,,
2026-08-25-F1,2026-08-25T21:04:55.108Z,-84,7,1,953,2,-86,772,1.6,10.4,29.4,4.14,60,-0.4,1.6,1.6,0.7,,,,,,
2026-08-25-F1,2026-08-25T21:04:55.211Z,-85,7,1,954,2,-86,772,1.6,10.4,29.4,4.14,60,-0.7,1.6,1.6,0.6,,,,,,
2026-08-25-F1,2026-08-25T21:04:55.299Z,-84,7,1,955,2,-86,772,1.6,10.4,29.4,4.14,61,-0.9,1.6,1.6,0.6,,,,,,
2026-08-25-F1,2026-08-25T21:04:55.401Z,-84,7,1,956,2,-86,772,1.6,10.4,29.4,4.14,61,-0.1,1.6,1.6,0.6,,,,,,
2026-08-25-F1,2026-08-25T21:04:55.504Z,-84,7,1,957,2,-86,772,1.6,10.4,29.4,4.14,61,-0.0,1.6,1.6,0.6,,,,,,
2026-08-25-F1,2026-08-25T21:04:55.607Z,-84,7,1,958,2,-86,772,1.6,10.4,29.4,4.14,61,-0.5,1.6,1.6,0.7,,,,,,
2026-08-25-F1,2026-08-25T21:04:55.709Z,-84,7,1,959,2,-86,772,1.6,10.4,29.4,4.14,61,-1.2,1.7,1.6,0.6,,,,,,
2026-08-25-F1,2026-08-25T21:04:55.812Z,-85,7,1,960,2,-86,772,1.6,10.4,29.4,4.14,61,0.8,1.6,1.6,0.7,,,,,,
2026-08-25-F1,2026-08-25T21:04:55.915Z,-85,7,1,961,2,-86,772,1.6,10.4,29.4,4.14,61,1.5,1.6,1.6,0.6,,,,,,
2026-08-25-F1,2026-08-25T21:04:56.018Z,-85,7,1,962,2,-86,772,1.6,10.4,29.4,4.14,61,-0.6,1.7,1.6,0.6,,,,,,
2026-08-25-F1,2026-08-25T21:04:56.100Z,-84,7,1,963,2,-86,772,1.6,10.4,29.4,4.14,61,-0.1,1.6,1.6,0.7,,,,,,
2026-08-25-F1,2026-08-25T21:04:56.203Z,-85,7,1,964,2,-86,772,1.6,10.4,29.4,4.14,61,0.5,1.6,1.6,0.6,,,,,,
2026-08-25-F1,2026-08-25T21:04:56.306Z,-84,7,1,965,2,-86,772,1.6,10.4,29.4,4.14,62,-0.6,1.6,1.6,0.6,,,,,,
2026-08-25-F1,2026-08-25T21:04:56.408Z,-84,7,1,966,2,-86,772,1.6,10.4,29.4,4.14,62,-0.1,1.6,1.6,0.6,,,,,,
2026-08-25-F1,2026-08-25T21:04:56.511Z,-84,7,1,967,2,-86,772,1.6,10.4,29.4,4.14,62,-0.2,1.7,1.6,0.6,,,,,,
2026-08-25-F1,2026-08-25T21:04:56.614Z,-84,7,1,968,2,-86,772,1.6,10.4,29.4,4.14,62,-0.0,1.6,1.6,0.7,,,,,,
2026-08-25-F1,2026-08-25T21:04:56.717Z,-84,7,1,969,2,-86,772,1.6,10.4,29.4,4.14,62,-0.2,1.6,1.6,0.6,,,,,,
2026-08-25-F1,2026-08-25T21:04:56.820Z,-84,7,1,970,2,-86,772,1.6,10.4,29.4,4.14,62,-0.4,1.6,1.6,0.7,,,,,,
2026-08-25-F1,2026-08-25T21:04:56.922Z,-84,7,1,971,2,-86,772,1.6,10.4,29.4,4.14,62,-0.1,1.6,1.6,0.6,,,,,,
2026-08-25-F1,2026-08-25T21:04:57.005Z,-84,7,1,972,2,-86,772,1.7,10.4,29.4,4.14,62,0.3,1.7,1.7,0.6,,,,,,
2026-08-25-F1,2026-08-25T21:04:57.087Z,-84,7,1,973,2,-86,772,1.6,10.4,29.4,4.14,62,-0.1,1.6,1.6,0.6,,,,,,
2026-08-25-F1,2026-08-25T21:04:57.189Z,-84,7,1,974,2,-86,772,1.6,10.4,29.4,4.14,62,-0.3,1.6,1.6,0.7,,,,,,
2026-08-25-F1,2026-08-25T21:04:57.291Z,-84,7,1,975,2,-86,772,1.6,10.4,29.4,4.14,63,-0.0,1.7,1.6,0.6,,,,,,
2026-08-25-F1,2026-08-25T21:04:57.394Z,-84,7,1,976,2,-86,772,1.6,10.4,29.4,4.14,63,0.4,1.7,1.6,0.6,,,,,,
2026-08-25-F1,2026-08-25T21:04:57.496Z,-84,7,1,977,2,-86,772,1.6,10.4,29.4,4.14,63,-0.1,1.7,1.6,0.6,,,,,,
2026-08-25-F1,2026-08-25T21:04:57.598Z,-84,7,1,978,2,-86,772,1.6,10.4,29.4,4.14,63,-0.5,1.6,1.6,0.6,,,,,,
2026-08-25-F1,2026-08-25T21:04:57.701Z,-84,7,1,979,2,-86,772,1.6,10.4,29.4,4.14,63,-0.9,1.6,1.6,0.7,,,,,,
2026-08-25-F1,2026-08-25T21:04:57.803Z,-85,7,1,980,2,-86,772,1.6,10.4,29.4,4.14,63,-1.1,1.6,1.6,0.7,,,,,,
2026-08-25-F1,2026-08-25T21:04:57.885Z,-84,7,1,981,2,-86,772,1.6,10.4,29.4,4.14,63,-0.2,1.6,1.6,0.6,,,,,,
2026-08-25-F1,2026-08-25T21:04:57.988Z,-84,7,1,982,2,-86,772,1.6,10.4,29.4,4.14,63,-0.1,1.6,1.6,0.6,,,,,,
2026-08-25-F1,2026-08-25T21:04:58.091Z,-84,7,1,983,2,-86,772,1.6,10.4,29.4,4.14,63,0.0,1.6,1.6,0.6,,,,,,
2026-08-25-F1,2026-08-25T21:04:58.193Z,-84,7,1,984,2,-86,772,1.6,10.4,29.4,4.14,63,-0.6,1.6,1.6,0.7,,,,,,
2026-08-25-F1,2026-08-25T21:04:58.296Z,-84,7,1,985,2,-86,772,1.6,10.4,29.4,4.14,64,-0.0,1.6,1.5,0.6,,,,,,
2026-08-25-F1,2026-08-25T21:04:58.399Z,-84,7,1,986,2,-86,772,1.6,10.4,29.4,4.14,64,0.6,1.6,1.6,0.6,,,,,,
2026-08-25-F1,2026-08-25T21:04:58.501Z,-85,7,1,987,2,-86,772,1.6,10.4,29.4,4.14,64,-0.5,1.6,1.5,0.6,,,,,,
2026-08-25-F1,2026-08-25T21:04:58.609Z,-85,7,1,988,2,-86,772,1.6,10.4,29.4,4.14,64,-0.8,1.6,1.6,0.7,,,,,,
2026-08-25-F1,2026-08-25T21:04:58.691Z,-85,7,1,989,2,-86,772,1.7,10.4,29.4,4.14,64,0.7,1.7,1.6,0.7,,,,,,
2026-08-25-F1,2026-08-25T21:04:58.794Z,-84,7,1,990,2,-86,772,1.6,10.4,29.4,4.14,64,0.8,1.6,1.6,0.6,,,,,,
2026-08-25-F1,2026-08-25T21:04:58.897Z,-83,7,1,991,2,-86,772,1.6,10.4,29.4,4.14,64,-0.0,1.7,1.6,0.7,,,,,,
2026-08-25-F1,2026-08-25T21:04:59.000Z,-84,7,1,992,2,-86,772,1.6,10.4,29.4,4.14,64,1.2,1.7,1.6,0.6,,,,,,
2026-08-25-F1,2026-08-25T21:04:59.103Z,-83,7,1,993,2,-86,772,1.7,10.4,29.4,4.14,64,-0.4,1.7,1.6,0.6,,,,,,
2026-08-25-F1,2026-08-25T21:04:59.205Z,-84,7,1,994,2,-86,772,1.7,10.4,29.4,4.14,64,0.3,1.7,1.6,0.6,,,,,,
2026-08-25-F1,2026-08-25T21:04:59.308Z,-83,7,1,995,2,-86,772,1.6,10.4,29.4,4.14,65,0.0,1.6,1.6,0.7,,,,,,
2026-08-25-F1,2026-08-25T21:04:59.411Z,-84,7,1,996,2,-86,772,1.6,10.4,29.4,4.14,65,-0.2,1.6,1.6,0.6,,,,,,
2026-08-25-F1,2026-08-25T21:04:59.513Z,-83,7,1,997,2,-86,772,1.6,10.4,29.4,4.14,65,-1.0,1.6,1.6,0.6,,,,,,
2026-08-25-F1,2026-08-25T21:04:59.596Z,-83,7,1,998,2,-86,772,1.6,10.4,29.4,4.14,65,-0.1,1.6,1.6,0.6,,,,,,
2026-08-25-F1,2026-08-25T21:04:59.698Z,-84,7,1,999,2,-86,772,1.6,10.4,29.4,4.14,65,0.8,1.6,1.6,0.6,,,,,,
2026-08-25-F1,2026-08-25T21:04:59.801Z,-84,7,1,1000,2,-86,772,1.7,10.4,29.4,4.14,65,-0.6,1.7,1.6,0.6,,,,,,
2026-08-25-F1,2026-08-25T21:04:59.903Z,-83,7,1,1001,2,-86,772,1.6,10.4,29.4,4.14,65,0.3,1.6,1.6,0.6,,,,,,
2026-08-25-F1,2026-08-25T21:05:00.005Z,-83,7,1,1002,2,-86,772,1.5,10.4,29.4,4.14,65,-0.3,1.7,1.5,0.6,,,,,,
2026-08-25-F1,2026-08-25T21:05:00.108Z,-83,7,1,1003,2,-86,772,1.6,10.4,29.4,4.14,65,0.2,1.6,1.6,0.6,,,,,,
2026-08-25-F1,2026-08-25T21:05:00.211Z,-83,7,1,1004,2,-86,772,1.6,10.4,29.4,4.14,65,0.1,1.6,1.6,0.7,,,,,,
2026-08-25-F1,2026-08-25T21:05:00.314Z,-84,7,1,1005,2,-86,772,1.6,10.4,29.4,4.14,66,-0.9,1.6,1.6,0.6,,,,,,
2026-08-25-F1,2026-08-25T21:05:00.416Z,-84,7,1,1006,2,-86,772,1.6,10.4,29.4,4.14,66,-0.3,1.6,1.6,0.6,,,,,,
2026-08-25-F1,2026-08-25T21:05:00.519Z,-84,7,1,1007,2,-86,772,1.6,10.4,29.4,4.14,66,0.7,1.7,1.6,0.6,,,,,,
2026-08-25-F1,2026-08-25T21:05:00.601Z,-84,7,1,1008,2,-86,772,1.6,10.4,29.4,4.14,66,0.6,1.6,1.6,0.6,,,,,,
2026-08-25-F1,2026-08-25T21:05:00.704Z,-83,7,1,1009,2,-86,772,1.6,10.4,29.4,4.14,66,1.2,1.7,1.6,0.6,,,,,,
2026-08-25-F1,2026-08-25T21:05:00.806Z,-83,7,1,1010,2,-86,772,1.7,10.4,29.4,4.14,66,1.0,1.7,1.7,0.7,,,,,,
2026-08-25-F1,2026-08-25T21:05:00.909Z,-83,7,1,1011,2,-86,772,1.6,10.4,29.4,4.14,66,-0.4,1.6,1.6,0.6,,,,,,
2026-08-25-F1,2026-08-25T21:05:01.012Z,-83,7,1,1012,2,-86,772,1.6,10.4,29.4,4.14,66,-0.3,1.6,1.6,0.7,,,,,,
2026-08-25-F1,2026-08-25T21:05:01.115Z,-83,7,1,1013,2,-86,772,1.6,10.4,29.4,4.14,66,-0.2,1.6,1.6,0.6,,,,,,
2026-08-25-F1,2026-08-25T21:05:01.217Z,-84,7,1,1014,2,-86,772,1.6,10.4,29.4,4.14,66,0.4,1.6,1.6,0.6,,,,,,
2026-08-25-F1,2026-08-25T21:05:01.320Z,-84,7,1,1015,2,-86,772,1.6,10.4,29.4,4.14,67,0.0,1.7,1.6,0.6,,,,,,
2026-08-25-F1,2026-08-25T21:05:01.422Z,-84,7,1,1016,2,-86,772,1.6,10.4,29.4,4.14,67,-0.6,1.7,1.6,0.6,,,,,,
2026-08-25-F1,2026-08-25T21:05:01.525Z,-83,7,1,1017,2,-86,772,1.6,10.4,29.4,4.14,67,0.1,1.6,1.6,0.6,,,,,,
2026-08-25-F1,2026-08-25T21:05:01.607Z,-83,7,1,1018,2,-86,772,1.6,10.4,29.4,4.14,67,0.0,1.6,1.6,0.6,,,,,,
2026-08-25-F1,2026-08-25T21:05:01.710Z,-84,7,1,1019,2,-86,772,1.6,10.4,29.4,4.14,67,0.1,1.6,1.6,0.6,,,,,,
2026-08-25-F1,2026-08-25T21:05:01.813Z,-84,7,1,1020,2,-86,772,1.6,10.4,29.4,4.14,67,-0.6,1.6,1.6,0.6,,,,,,
2026-08-25-F1,2026-08-25T21:05:01.920Z,-84,7,1,1021,2,-86,772,1.7,10.4,29.4,4.14,67,-0.3,1.7,1.7,0.6,,,,,,
2026-08-25-F1,2026-08-25T21:05:02.023Z,-84,7,1,1022,2,-85,772,1.6,10.4,29.4,4.14,67,1.9,1.6,1.6,0.6,,,,,,
2026-08-25-F1,2026-08-25T21:05:02.125Z,-84,7,1,1023,2,-86,772,1.7,10.4,29.4,4.14,67,0.5,1.7,1.7,0.6,,,,,,
2026-08-25-F1,2026-08-25T21:05:02.228Z,-84,7,1,1024,2,-86,772,1.7,10.4,29.4,4.14,67,0.9,1.7,1.6,0.6,,,,,,
2026-08-25-F1,2026-08-25T21:05:02.310Z,-84,7,1,1025,2,-86,772,1.6,10.4,29.4,4.14,68,0.1,1.6,1.6,0.6,,,,,,
2026-08-25-F1,2026-08-25T21:05:02.413Z,-84,7,1,1026,2,-86,772,1.6,10.4,29.4,4.14,68,-0.5,1.6,1.6,0.7,,,,,,
2026-08-25-F1,2026-08-25T21:05:02.515Z,-83,7,1,1027,2,-86,772,1.6,10.4,29.4,4.14,68,-1.7,1.6,1.6,0.6,,,,,,
2026-08-25-F1,2026-08-25T21:05:02.618Z,-83,7,1,1028,2,-86,772,1.6,10.4,29.4,4.14,68,-1.5,1.6,1.6,0.6,,,,,,
2026-08-25-F1,2026-08-25T21:05:02.721Z,-84,7,1,1029,2,-86,772,1.7,10.4,29.4,4.14,68,-0.5,1.7,1.7,0.6,,,,,,
2026-08-25-F1,2026-08-25T21:05:02.823Z,-84,7,1,1030,2,-86,772,1.6,10.4,29.4,4.14,68,0.1,1.6,1.6,0.6,,,,,,
2026-08-25-F1,2026-08-25T21:05:02.926Z,-84,7,1,1031,2,-86,772,1.6,10.4,29.4,4.14,68,-0.4,1.6,1.6,0.6,,,,,,
2026-08-25-F1,2026-08-25T21:05:03.028Z,-84,7,1,1032,2,-86,772,1.6,10.4,29.4,4.14,68,0.5,1.6,1.6,0.6,,,,,,
2026-08-25-F1,2026-08-25T21:05:03.131Z,-84,7,1,1033,2,-86,772,1.6,10.4,29.4,4.14,68,0.3,1.6,1.6,0.6,,,,,,
2026-08-25-F1,2026-08-25T21:05:03.214Z,-84,7,1,1034,2,-86,772,1.6,10.4,29.4,4.14,68,-0.1,1.6,1.6,0.6,,,,,,
2026-08-25-F1,2026-08-25T21:05:03.316Z,-84,7,1,1035,2,-86,772,1.6,10.4,29.4,4.14,69,0.3,1.6,1.6,0.6,,,,,,
2026-08-25-F1,2026-08-25T21:05:03.419Z,-85,7,1,1036,2,-86,772,1.6,10.4,29.4,4.14,69,0.1,1.6,1.6,0.6,,,,,,
2026-08-25-F1,2026-08-25T21:05:03.521Z,-85,7,1,1037,2,-86,772,1.6,10.4,29.4,4.14,69,-0.4,1.7,1.6,0.7,,,,,,
2026-08-25-F1,2026-08-25T21:05:03.624Z,-85,7,1,1038,2,-86,772,1.6,10.4,29.4,4.14,69,-0.9,1.6,1.6,0.7,,,,,,
2026-08-25-F1,2026-08-25T21:05:03.726Z,-84,7,1,1039,2,-86,772,1.6,10.4,29.4,4.14,69,-0.7,1.6,1.6,0.6,,,,,,
2026-08-25-F1,2026-08-25T21:05:03.829Z,-84,7,1,1040,2,-86,772,1.7,10.4,29.4,4.14,69,0.3,1.7,1.6,0.6,,,,,,
2026-08-25-F1,2026-08-25T21:05:03.931Z,-84,7,1,1041,2,-86,772,1.6,10.4,29.4,4.14,69,-0.2,1.6,1.6,0.6,,,,,,
2026-08-25-F1,2026-08-25T21:05:04.034Z,-85,7,1,1042,2,-86,772,1.7,10.4,29.4,4.14,69,-0.4,1.7,1.5,0.6,,,,,,
2026-08-25-F1,2026-08-25T21:05:04.117Z,-84,7,1,1043,2,-86,772,1.7,10.4,29.4,4.14,69,-0.9,1.7,1.6,0.6,,,,,,
2026-08-25-F1,2026-08-25T21:05:04.219Z,-84,7,1,1044,2,-86,772,1.6,10.4,29.4,4.14,69,-0.1,1.7,1.6,0.6,,,,,,
2026-08-25-F1,2026-08-25T21:05:04.322Z,-84,7,1,1045,2,-86,772,1.6,10.4,29.4,4.14,70,-0.5,1.7,1.6,0.6,,,,,,
2026-08-25-F1,2026-08-25T21:05:04.424Z,-84,7,1,1046,2,-86,772,1.6,10.4,29.4,4.14,70,0.2,1.6,1.6,0.6,,,,,,
2026-08-25-F1,2026-08-25T21:05:04.526Z,-84,7,1,1047,2,-86,772,1.6,10.4,29.4,4.14,70,-0.5,1.6,1.6,0.6,,,,,,
2026-08-25-F1,2026-08-25T21:05:04.629Z,-84,7,1,1048,2,-86,772,1.7,10.4,29.4,4.14,70,0.2,1.7,1.7,0.6,,,,,,
2026-08-25-F1,2026-08-25T21:05:04.731Z,-85,7,1,1049,2,-86,772,1.6,10.4,29.4,4.14,70,1.2,1.6,1.6,0.6,,,,,,
2026-08-25-F1,2026-08-25T21:05:04.834Z,-84,7,1,1050,2,-86,772,1.6,10.4,29.4,4.14,70,1.1,1.6,1.6,0.6,,,,,,
2026-08-25-F1,2026-08-25T21:05:04.936Z,-84,7,1,1051,2,-86,772,1.6,10.4,29.4,4.14,70,-0.7,1.6,1.6,0.7,,,,,,
2026-08-25-F1,2026-08-25T21:05:05.039Z,-84,7,1,1052,2,-86,772,1.6,10.4,29.4,4.14,70,-0.2,1.6,1.6,0.6,,,,,,
2026-08-25-F1,2026-08-25T21:05:05.122Z,-83,7,1,1053,2,-86,772,1.6,10.4,29.4,4.14,70,0.1,1.6,1.6,0.6,,,,,,
2026-08-25-F1,2026-08-25T21:05:05.224Z,-84,7,1,1054,2,-86,772,1.6,10.4,29.4,4.14,70,-0.1,1.6,1.6,0.6,,,,,,
2026-08-25-F1,2026-08-25T21:05:05.327Z,-84,7,1,1055,2,-86,772,1.6,10.4,29.4,4.14,71,-0.4,1.6,1.6,0.6,,,,,,
2026-08-25-F1,2026-08-25T21:05:05.429Z,-84,7,1,1056,2,-86,772,1.6,10.4,29.4,4.14,71,0.9,1.6,1.6,0.6,,,,,,
2026-08-25-F1,2026-08-25T21:05:05.531Z,-83,7,1,1057,2,-86,772,1.6,10.4,29.4,4.14,71,-0.2,1.7,1.6,0.6,,,,,,
2026-08-25-F1,2026-08-25T21:05:05.634Z,-83,7,1,1058,2,-86,772,1.7,10.4,29.4,4.14,71,0.9,1.7,1.6,0.6,,,,,,
2026-08-25-F1,2026-08-25T21:05:05.736Z,-83,7,1,1059,2,-86,772,1.6,10.4,29.4,4.14,71,0.3,1.6,1.6,0.6,,,,,,
2026-08-25-F1,2026-08-25T21:05:05.839Z,-83,7,1,1060,2,-86,772,1.6,10.4,29.4,4.14,71,-1.2,1.6,1.6,0.6,,,,,,
2026-08-25-F1,2026-08-25T21:05:05.941Z,-83,7,1,1061,2,-86,772,1.6,10.4,29.4,4.14,71,-0.8,1.6,1.6,0.7,,,,,,
2026-08-25-F1,2026-08-25T21:05:06.023Z,-84,7,1,1062,2,-86,772,1.6,10.4,29.4,4.14,71,-1.2,1.6,1.6,0.6,,,,,,
2026-08-25-F1,2026-08-25T21:05:06.126Z,-83,7,1,1063,2,-86,772,1.6,10.4,29.4,4.14,71,-0.4,1.6,1.6,0.6,,,,,,
2026-08-25-F1,2026-08-25T21:05:06.228Z,-84,7,1,1064,2,-86,772,1.6,10.4,29.4,4.14,71,0.5,1.6,1.6,0.6,,,,,,
2026-08-25-F1,2026-08-25T21:05:06.335Z,-83,7,1,1065,2,-86,772,1.6,10.4,29.4,4.14,72,-0.4,1.6,1.6,0.6,,,,,,
2026-08-25-F1,2026-08-25T21:05:06.437Z,-83,7,1,1066,2,-86,772,1.6,10.4,29.4,4.14,72,-0.6,1.6,1.6,0.7,,,,,,
2026-08-25-F1,2026-08-25T21:05:06.539Z,-83,7,1,1067,2,-86,772,1.6,10.4,29.4,4.14,72,-0.3,1.6,1.6,0.6,,,,,,
2026-08-25-F1,2026-08-25T21:05:06.642Z,-84,7,1,1068,2,-86,772,1.7,10.4,29.4,4.14,72,1.5,1.7,1.5,0.7,,,,,,
2026-08-25-F1,2026-08-25T21:05:06.744Z,-83,7,1,1069,2,-86,772,1.6,10.4,29.4,4.14,72,0.8,1.6,1.6,0.6,,,,,,
2026-08-25-F1,2026-08-25T21:05:06.826Z,-84,7,1,1070,2,-86,772,1.6,10.4,29.4,4.14,72,0.1,1.6,1.6,0.6,,,,,,
2026-08-25-F1,2026-08-25T21:05:06.929Z,-84,7,1,1071,2,-86,772,1.6,10.4,29.4,4.14,72,-0.1,1.6,1.6,0.6,,,,,,
2026-08-25-F1,2026-08-25T21:05:07.053Z,-84,7,1,1072,2,-86,772,1.6,10.4,29.4,4.14,72,0.4,1.6,1.6,0.6,,,,,,
2026-08-25-F1,2026-08-25T21:05:07.156Z,-83,7,1,1073,2,-86,772,1.6,10.4,29.4,4.14,72,-0.0,1.6,1.6,0.6,,,,,,
2026-08-25-F1,2026-08-25T21:05:07.258Z,-84,7,1,1074,2,-86,772,1.7,10.4,29.4,4.14,72,1.1,1.7,1.6,0.6,,,,,,
2026-08-25-F1,2026-08-25T21:05:07.361Z,-84,7,1,1075,2,-86,772,1.6,10.4,29.4,4.13,73,0.3,1.6,1.6,0.6,,,,,,
2026-08-25-F1,2026-08-25T21:05:07.463Z,-84,7,1,1076,2,-86,772,1.6,10.4,29.4,4.14,73,-0.4,1.6,1.6,0.6,,,,,,
2026-08-25-F1,2026-08-25T21:05:07.565Z,-84,7,1,1077,2,-86,772,1.6,10.4,29.4,4.14,73,-0.1,1.6,1.6,0.6,,,,,,
2026-08-25-F1,2026-08-25T21:05:07.647Z,-84,7,1,1078,2,-86,772,1.6,10.4,29.4,4.14,73,0.3,1.6,1.6,0.7,,,,,,
2026-08-25-F1,2026-08-25T21:05:07.750Z,-84,7,1,1079,2,-86,772,1.6,10.4,29.4,4.14,73,0.1,1.7,1.6,0.6,,,,,,
2026-08-25-F1,2026-08-25T21:05:07.852Z,-84,7,1,1080,2,-86,772,1.7,10.4,29.4,4.14,73,0.3,1.7,1.6,0.6,,,,,,
2026-08-25-F1,2026-08-25T21:05:07.954Z,-84,7,1,1081,2,-86,772,1.6,10.4,29.4,4.14,73,0.2,1.7,1.6,0.6,,,,,,
2026-08-25-F1,2026-08-25T21:05:08.057Z,-84,7,1,1082,2,-86,772,1.6,10.4,29.4,4.14,73,-0.4,1.6,1.5,0.6,,,,,,
2026-08-25-F1,2026-08-25T21:05:08.159Z,-84,7,1,1083,2,-86,772,1.5,10.4,29.4,4.14,73,0.0,1.6,1.5,0.6,,,,,,
2026-08-25-F1,2026-08-25T21:05:08.262Z,-84,7,1,1084,2,-86,772,1.6,10.4,29.4,4.14,73,-0.1,1.6,1.6,0.7,,,,,,
2026-08-25-F1,2026-08-25T21:05:08.364Z,-84,7,1,1085,2,-86,772,1.7,10.4,29.4,4.14,74,-0.6,1.7,1.6,0.6,,,,,,
2026-08-25-F1,2026-08-25T21:05:08.466Z,-84,7,1,1086,2,-86,772,1.6,10.4,29.3,4.14,74,-0.7,1.6,1.6,0.6,,,,,,
2026-08-25-F1,2026-08-25T21:05:08.548Z,-83,7,1,1087,2,-86,772,1.7,10.4,29.4,4.14,74,-0.6,1.7,1.6,0.6,,,,,,
2026-08-25-F1,2026-08-25T21:05:08.651Z,-83,7,1,1088,2,-86,772,1.6,10.4,29.3,4.14,74,-0.1,1.6,1.6,0.6,,,,,,
2026-08-25-F1,2026-08-25T21:05:08.753Z,-83,7,1,1089,2,-86,772,1.7,10.4,29.4,4.14,74,0.8,1.7,1.6,0.6,,,,,,
2026-08-25-F1,2026-08-25T21:05:08.855Z,-83,7,1,1090,2,-86,772,1.6,10.4,29.4,4.14,74,-0.5,1.7,1.6,0.6,,,,,,
2026-08-25-F1,2026-08-25T21:05:08.958Z,-83,7,1,1091,2,-86,772,1.7,10.4,29.4,4.14,74,0.4,1.7,1.7,0.6,,,,,,
2026-08-25-F1,2026-08-25T21:05:09.060Z,-83,7,1,1092,2,-86,772,1.6,10.4,29.3,4.14,74,0.1,1.6,1.6,0.6,,,,,,
2026-08-25-F1,2026-08-25T21:05:09.163Z,-83,7,1,1093,2,-86,772,1.6,10.4,29.4,4.14,74,0.2,1.7,1.6,0.6,,,,,,
2026-08-25-F1,2026-08-25T21:05:09.266Z,-83,7,1,1094,2,-86,772,1.6,10.4,29.3,4.14,74,0.9,1.7,1.6,0.6,,,,,,
2026-08-25-F1,2026-08-25T21:05:09.348Z,-83,7,1,1095,2,-86,772,1.6,10.4,29.3,4.14,75,-0.2,1.7,1.6,0.6,,,,,,
2026-08-25-F1,2026-08-25T21:05:09.450Z,-83,7,1,1096,2,-86,772,1.6,10.4,29.3,4.14,75,-0.2,1.7,1.6,0.6,,,,,,
2026-08-25-F1,2026-08-25T21:05:09.552Z,-83,7,1,1097,2,-86,772,1.6,10.4,29.3,4.14,75,-0.8,1.6,1.6,0.7,,,,,,
2026-08-25-F1,2026-08-25T21:05:09.655Z,-84,7,1,1098,2,-86,772,1.6,10.4,29.3,4.14,75,-0.4,1.6,1.6,0.6,,,,,,
2026-08-25-F1,2026-08-25T21:05:09.757Z,-83,7,1,1099,2,-86,772,1.6,10.4,29.3,4.14,75,0.3,1.7,1.6,0.6,,,,,,
2026-08-25-F1,2026-08-25T21:05:09.860Z,-84,7,1,1100,2,-86,772,1.6,10.4,29.3,4.14,75,0.7,1.6,1.6,0.7,,,,,,
2026-08-25-F1,2026-08-25T21:05:09.962Z,-83,7,1,1101,2,-86,772,1.7,10.4,29.3,4.14,75,0.6,1.7,1.6,0.6,,,,,,
2026-08-25-F1,2026-08-25T21:05:10.064Z,-83,7,1,1102,2,-86,772,1.6,10.4,29.3,4.14,75,0.6,1.6,1.6,0.6,,,,,,
2026-08-25-F1,2026-08-25T21:05:10.167Z,-83,7,1,1103,2,-86,772,1.6,10.4,29.3,4.14,75,-0.2,1.6,1.6,0.7,,,,,,
2026-08-25-F1,2026-08-25T21:05:10.249Z,-84,7,1,1104,2,-86,772,1.6,10.4,29.3,4.14,75,-0.0,1.7,1.6,0.7,,,,,,
2026-08-25-F1,2026-08-25T21:05:10.351Z,-84,7,1,1105,2,-86,772,1.6,10.4,29.3,4.14,76,-0.9,1.6,1.6,0.7,,,,,,
2026-08-25-F1,2026-08-25T21:05:10.453Z,-83,7,1,1106,2,-86,772,1.6,10.4,29.3,4.14,76,-1.4,1.6,1.6,0.6,,,,,,
2026-08-25-F1,2026-08-25T21:05:10.556Z,-83,7,1,1107,2,-86,772,1.6,10.4,29.3,4.14,76,-0.7,1.6,1.6,0.6,,,,,,
2026-08-25-F1,2026-08-25T21:05:10.658Z,-83,7,1,1108,2,-86,772,1.6,10.4,29.3,4.14,76,0.1,1.6,1.6,0.6,,,,,,
2026-08-25-F1,2026-08-25T21:05:10.760Z,-82,7,1,1109,2,-86,772,1.6,10.4,29.3,4.14,76,0.1,1.7,1.6,0.6,,,,,,
2026-08-25-F1,2026-08-25T21:05:10.863Z,-82,7,1,1110,2,-86,772,1.6,10.4,29.3,4.14,76,1.0,1.7,1.6,0.6,,,,,,
2026-08-25-F1,2026-08-25T21:05:10.965Z,-83,7,1,1111,2,-86,772,1.6,10.4,29.3,4.14,76,0.3,1.6,1.6,0.6,,,,,,
2026-08-25-F1,2026-08-25T21:05:11.067Z,-83,7,1,1112,2,-86,772,1.6,10.4,29.3,4.14,76,1.1,1.6,1.6,0.6,,,,,,
2026-08-25-F1,2026-08-25T21:05:11.150Z,-83,7,1,1113,2,-86,772,1.6,10.4,29.3,4.14,76,0.5,1.7,1.6,0.6,,,,,,
2026-08-25-F1,2026-08-25T21:05:11.353Z,-83,7,1,1115,2,-86,772,1.6,10.4,29.3,4.14,77,0.4,1.6,1.6,0.6,,,,,,
2026-08-25-F1,2026-08-25T21:05:11.455Z,-84,7,1,1116,2,-86,772,1.6,10.4,29.3,4.14,77,0.4,1.6,1.6,0.6,,,,,,
2026-08-25-F1,2026-08-25T21:05:11.558Z,-83,7,1,1117,2,-86,772,1.6,10.4,29.3,4.14,77,0.3,1.6,1.6,0.6,,,,,,
2026-08-25-F1,2026-08-25T21:05:11.660Z,-82,7,1,1118,2,-86,772,1.7,10.4,29.3,4.14,77,-0.3,1.7,1.6,0.6,,,,,,
2026-08-25-F1,2026-08-25T21:05:11.762Z,-83,7,1,1119,2,-86,772,1.6,10.4,29.3,4.14,77,-0.9,1.6,1.6,0.7,,,,,,
2026-08-25-F1,2026-08-25T21:05:11.865Z,-83,7,1,1120,2,-86,772,1.6,10.4,29.3,4.14,77,-1.2,1.6,1.6,0.6,,,,,,
2026-08-25-F1,2026-08-25T21:05:11.967Z,-83,7,1,1121,2,-87,772,1.6,10.4,29.3,4.14,77,-1.4,1.7,1.6,0.6,,,,,,
2026-08-25-F1,2026-08-25T21:05:12.049Z,-83,7,1,1122,2,-86,772,1.6,10.4,29.3,4.14,77,1.4,1.6,1.5,0.6,,,,,,
2026-08-25-F1,2026-08-25T21:05:12.152Z,-83,7,1,1123,2,-86,772,1.6,10.4,29.3,4.14,77,0.1,1.7,1.6,0.6,,,,,,
2026-08-25-F1,2026-08-25T21:05:12.255Z,-83,7,1,1124,2,-86,772,1.7,10.4,29.3,4.14,77,0.2,1.7,1.6,0.6,,,,,,
2026-08-25-F1,2026-08-25T21:05:12.357Z,-83,7,1,1125,2,-86,772,1.7,10.4,29.3,4.14,78,-0.3,1.7,1.6,0.6,,,,,,
2026-08-25-F1,2026-08-25T21:05:12.459Z,-84,7,1,1126,2,-86,772,1.6,10.4,29.3,4.14,78,-0.1,1.6,1.6,0.6,,,,,,
2026-08-25-F1,2026-08-25T21:05:12.561Z,-83,7,1,1127,2,-86,772,1.6,10.4,29.3,4.14,78,1.2,1.7,1.6,0.6,,,,,,
2026-08-25-F1,2026-08-25T21:05:12.664Z,-83,7,1,1128,2,-86,772,1.6,10.4,29.3,4.14,78,-0.1,1.7,1.6,0.6,,,,,,
2026-08-25-F1,2026-08-25T21:05:12.766Z,-82,7,1,1129,2,-86,772,1.6,10.4,29.3,4.14,78,0.5,1.6,1.6,0.7,,,,,,
2026-08-25-F1,2026-08-25T21:05:12.869Z,-82,7,1,1130,2,-86,772,1.6,10.4,29.3,4.14,78,-1.0,1.6,1.6,0.6,,,,,,
2026-08-25-F1,2026-08-25T21:05:12.956Z,-82,7,1,1131,2,-86,772,1.7,10.4,29.3,4.14,78,-0.2,1.7,1.6,0.6,,,,,,
2026-08-25-F1,2026-08-25T21:05:13.058Z,-82,7,1,1132,2,-86,772,1.6,10.4,29.3,4.14,78,0.8,1.6,1.6,0.7,,,,,,
2026-08-25-F1,2026-08-25T21:05:13.161Z,-83,7,1,1133,2,-86,772,1.6,10.4,29.3,4.14,78,0.2,1.6,1.6,0.6,,,,,,
2026-08-25-F1,2026-08-25T21:05:13.263Z,-82,7,1,1134,2,-86,772,1.6,10.4,29.3,4.14,78,0.1,1.6,1.6,0.6,,,,,,
2026-08-25-F1,2026-08-25T21:05:13.366Z,-82,7,1,1135,2,-86,772,1.7,10.4,29.3,4.14,79,-1.1,1.7,1.6,0.6,,,,,,
2026-08-25-F1,2026-08-25T21:05:13.468Z,-83,7,1,1136,2,-86,772,1.6,10.4,29.3,4.13,79,-0.6,1.6,1.6,0.6,,,,,,
2026-08-25-F1,2026-08-25T21:05:13.550Z,-83,7,1,1137,2,-87,772,1.6,10.4,29.3,4.14,79,-0.9,1.7,1.6,0.6,,,,,,
2026-08-25-F1,2026-08-25T21:05:13.652Z,-83,7,1,1138,2,-86,772,1.6,10.4,29.3,4.14,79,0.6,1.6,1.6,0.6,,,,,,
2026-08-25-F1,2026-08-25T21:05:13.754Z,-83,7,1,1139,2,-87,772,1.5,10.4,29.3,4.14,79,-1.0,1.6,1.5,0.7,,,,,,
2026-08-25-F1,2026-08-25T21:05:13.857Z,-83,7,1,1140,2,-86,772,1.5,10.4,29.3,4.14,79,0.3,1.6,1.5,0.6,,,,,,
2026-08-25-F1,2026-08-25T21:05:13.959Z,-82,7,1,1141,2,-86,772,1.6,10.4,29.3,4.14,79,-0.1,1.6,1.6,0.7,,,,,,
2026-08-25-F1,2026-08-25T21:05:14.062Z,-83,7,1,1142,2,-86,772,1.6,10.4,29.3,4.14,79,0.6,1.7,1.6,0.6,,,,,,
2026-08-25-F1,2026-08-25T21:05:14.164Z,-83,7,1,1143,2,-86,772,1.6,10.4,29.3,4.14,79,0.6,1.6,1.6,0.7,,,,,,
2026-08-25-F1,2026-08-25T21:05:14.267Z,-83,7,1,1144,2,-86,772,1.6,10.4,29.3,4.14,79,-0.0,1.6,1.6,0.6,,,,,,
2026-08-25-F1,2026-08-25T21:05:14.369Z,-83,7,1,1145,2,-86,772,1.6,10.4,29.3,4.14,80,0.0,1.6,1.6,0.6,,,,,,
2026-08-25-F1,2026-08-25T21:05:14.451Z,-83,7,1,1146,2,-86,772,1.6,10.4,29.3,4.14,80,1.2,1.6,1.6,0.6,,,,,,
2026-08-25-F1,2026-08-25T21:05:14.553Z,-83,7,1,1147,2,-86,772,1.6,10.4,29.3,4.14,80,-0.5,1.7,1.6,0.6,,,,,,
2026-08-25-F1,2026-08-25T21:05:14.656Z,-82,7,1,1148,2,-86,772,1.7,10.4,29.3,4.14,80,-0.5,1.7,1.6,0.6,,,,,,
2026-08-25-F1,2026-08-25T21:05:14.758Z,-83,7,1,1149,2,-86,772,1.5,10.4,29.3,4.14,80,-0.9,1.8,1.5,0.6,,,,,,
2026-08-25-F1,2026-08-25T21:05:14.860Z,-83,7,1,1150,2,-86,772,1.6,10.4,29.3,4.14,80,0.7,1.6,1.6,0.7,,,,,,
2026-08-25-F1,2026-08-25T21:05:14.963Z,-83,7,1,1151,2,-86,772,1.6,10.4,29.3,4.14,80,1.1,1.6,1.6,0.6,,,,,,
2026-08-25-F1,2026-08-25T21:05:15.065Z,-82,7,1,1152,2,-86,772,1.6,10.4,29.3,4.14,80,0.7,1.6,1.6,0.6,,,,,,
2026-08-25-F1,2026-08-25T21:05:15.168Z,-83,7,1,1153,2,-86,772,1.7,10.4,29.3,4.14,80,-0.3,1.7,1.6,0.6,,,,,,
2026-08-25-F1,2026-08-25T21:05:15.250Z,-83,7,1,1154,2,-86,772,1.6,10.4,29.3,4.14,80,-0.1,1.6,1.6,0.6,,,,,,
2026-08-25-F1,2026-08-25T21:05:15.352Z,-83,7,1,1155,2,-86,772,1.6,10.4,29.3,4.14,81,-0.5,1.6,1.6,0.6,,,,,,
2026-08-25-F1,2026-08-25T21:05:15.454Z,-83,7,1,1156,2,-86,772,1.6,10.4,29.3,4.14,81,-0.8,1.6,1.6,0.6,,,,,,
2026-08-25-F1,2026-08-25T21:05:15.557Z,-82,7,1,1157,2,-86,772,1.6,10.4,29.3,4.14,81,-1.3,1.6,1.6,0.6,,,,,,
2026-08-25-F1,2026-08-25T21:05:15.659Z,-83,7,1,1158,2,-86,772,1.5,10.4,29.3,4.14,81,0.2,1.7,1.5,0.6,,,,,,
2026-08-25-F1,2026-08-25T21:05:15.761Z,-83,7,1,1159,2,-86,772,1.6,10.4,29.3,4.14,81,0.8,1.7,1.6,0.7,,,,,,
2026-08-25-F1,2026-08-25T21:05:15.864Z,-83,7,1,1160,2,-86,772,1.6,10.4,29.3,4.14,81,0.4,1.6,1.6,0.6,,,,,,
2026-08-25-F1,2026-08-25T21:05:15.966Z,-83,7,1,1161,2,-86,772,1.6,10.4,29.3,4.14,81,-0.3,1.6,1.6,0.6,,,,,,
2026-08-25-F1,2026-08-25T21:05:16.069Z,-84,7,1,1162,2,-86,772,1.6,10.4,29.3,4.14,81,0.5,1.6,1.6,0.7,,,,,,
2026-08-25-F1,2026-08-25T21:05:16.151Z,-83,7,1,1163,2,-86,772,1.6,10.4,29.3,4.14,81,0.3,1.6,1.6,0.7,,,,,,
2026-08-25-F1,2026-08-25T21:05:16.253Z,-83,7,1,1164,2,-86,772,1.6,10.4,29.3,4.14,81,-0.4,1.6,1.6,0.6,,,,,,
2026-08-25-F1,2026-08-25T21:05:16.356Z,-83,7,1,1165,2,-86,772,1.6,10.4,29.3,4.14,82,-0.4,1.6,1.6,0.6,,,,,,
2026-08-25-F1,2026-08-25T21:05:16.458Z,-84,7,1,1166,2,-86,772,1.6,10.4,29.3,4.14,82,-0.8,1.6,1.6,0.6,,,,,,
2026-08-25-F1,2026-08-25T21:05:16.560Z,-83,7,1,1167,2,-87,772,1.6,10.4,29.3,4.14,82,-1.3,1.6,1.6,0.6,,,,,,
2026-08-25-F1,2026-08-25T21:05:16.663Z,-83,7,1,1168,2,-87,772,1.6,10.4,29.3,4.14,82,-2.0,1.6,1.6,0.6,,,,,,
2026-08-25-F1,2026-08-25T21:05:16.765Z,-83,7,1,1169,2,-87,772,1.6,10.4,29.3,4.14,82,-0.6,1.7,1.6,0.6,,,,,,
2026-08-25-F1,2026-08-25T21:05:16.867Z,-82,7,1,1170,2,-86,772,1.6,10.4,29.3,4.14,82,0.1,1.7,1.6,0.6,,,,,,
2026-08-25-F1,2026-08-25T21:05:16.970Z,-83,7,1,1171,2,-86,772,1.6,10.4,29.3,4.14,82,0.3,1.6,1.6,0.6,,,,,,
2026-08-25-F1,2026-08-25T21:05:17.052Z,-83,7,1,1172,2,-86,772,1.6,10.4,29.3,4.14,82,0.8,1.6,1.6,0.6,,,,,,
2026-08-25-F1,2026-08-25T21:05:17.087Z,-83,7,1,1173,2,-86,772,1.6,10.4,29.3,4.14,82,0.8,1.6,1.6,0.7,,,,,,
2026-08-25-F1,2026-08-25T21:05:17.189Z,-84,7,1,1174,2,-86,772,1.6,10.4,29.3,4.14,82,0.7,1.6,1.6,0.6,,,,,,
2026-08-25-F1,2026-08-25T21:05:17.291Z,-83,7,1,1175,2,-86,772,1.6,10.4,29.3,4.14,83,1.2,1.6,1.6,0.6,,,,,,
2026-08-25-F1,2026-08-25T21:05:17.394Z,-84,7,1,1176,2,-86,772,1.6,10.4,29.3,4.14,83,0.2,1.6,1.6,0.6,,,,,,
2026-08-25-F1,2026-08-25T21:05:17.496Z,-83,7,1,1177,2,-86,772,1.7,10.4,29.3,4.14,83,-1.0,1.7,1.7,0.6,,,,,,
2026-08-25-F1,2026-08-25T21:05:17.598Z,-83,7,1,1178,2,-86,772,1.6,10.4,29.3,4.14,83,-0.9,1.6,1.6,0.6,,,,,,
2026-08-25-F1,2026-08-25T21:05:17.700Z,-84,7,1,1179,2,-87,772,1.6,10.4,29.3,4.14,83,-1.1,1.6,1.6,0.7,,,,,,
2026-08-25-F1,2026-08-25T21:05:17.783Z,-83,7,1,1180,2,-87,772,1.6,10.4,29.3,4.14,83,-1.2,1.6,1.6,0.6,,,,,,
2026-08-25-F1,2026-08-25T21:05:17.885Z,-83,7,1,1181,2,-87,772,1.6,10.4,29.3,4.14,83,-0.9,1.6,1.6,0.7,,,,,,
2026-08-25-F1,2026-08-25T21:05:17.987Z,-83,7,1,1182,2,-87,772,1.6,10.4,29.3,4.14,83,-0.7,1.6,1.6,0.6,,,,,,
2026-08-25-F1,2026-08-25T21:05:18.090Z,-83,7,1,1183,2,-87,772,1.6,10.4,29.3,4.14,83,0.3,1.6,1.6,0.6,,,,,,
2026-08-25-F1,2026-08-25T21:05:18.193Z,-83,7,1,1184,2,-86,772,1.6,10.4,29.3,4.14,83,0.9,1.6,1.6,0.7,,,,,,
2026-08-25-F1,2026-08-25T21:05:18.296Z,-83,7,1,1185,2,-86,772,1.6,10.4,29.3,4.14,84,0.1,1.6,1.6,0.6,,,,,,
2026-08-25-F1,2026-08-25T21:05:18.404Z,-83,7,1,1186,2,-86,772,1.6,10.4,29.3,4.14,84,1.5,1.6,1.6,0.6,,,,,,
2026-08-25-F1,2026-08-25T21:05:18.487Z,-83,7,1,1187,2,-86,772,1.6,10.4,29.3,4.14,84,0.1,1.7,1.6,0.6,,,,,,
2026-08-25-F1,2026-08-25T21:05:18.590Z,-83,7,1,1188,2,-86,772,1.6,10.4,29.3,4.14,84,0.1,1.7,1.6,0.6,,,,,,
2026-08-25-F1,2026-08-25T21:05:18.693Z,-83,7,1,1189,2,-86,772,1.6,10.4,29.3,4.14,84,-0.4,1.7,1.6,0.6,,,,,,
2026-08-25-F1,2026-08-25T21:05:18.795Z,-83,7,1,1190,2,-87,772,1.7,10.4,29.3,4.14,84,-0.9,1.7,1.6,0.6,,,,,,
2026-08-25-F1,2026-08-25T21:05:18.898Z,-83,7,1,1191,2,-86,772,1.5,10.4,29.3,4.14,84,-0.0,1.6,1.5,0.6,,,,,,
2026-08-25-F1,2026-08-25T21:05:19.001Z,-83,7,1,1192,2,-86,772,1.6,10.4,29.3,4.14,84,0.9,1.6,1.6,0.6,,,,,,
2026-08-25-F1,2026-08-25T21:05:19.104Z,-82,7,1,1193,2,-86,772,1.6,10.4,29.3,4.14,84,1.0,1.6,1.6,0.6,,,,,,
2026-08-25-F1,2026-08-25T21:05:19.207Z,-83,7,1,1194,2,-86,772,1.7,10.4,29.3,4.14,84,0.1,1.7,1.6,0.7,,,,,,
2026-08-25-F1,2026-08-25T21:05:19.310Z,-83,7,1,1195,2,-86,772,1.7,10.4,29.3,4.14,85,1.0,1.7,1.6,0.6,,,,,,
2026-08-25-F1,2026-08-25T21:05:19.412Z,-83,7,1,1196,2,-86,772,1.6,10.4,29.3,4.14,85,0.3,1.6,1.6,0.6,,,,,,
2026-08-25-F1,2026-08-25T21:05:19.494Z,-83,7,1,1197,2,-86,772,1.6,10.4,29.3,4.14,85,-0.3,1.6,1.6,0.6,,,,,,
2026-08-25-F1,2026-08-25T21:05:19.597Z,-83,7,1,1198,2,-87,772,1.6,10.4,29.3,4.14,85,-1.7,1.6,1.6,0.6,,,,,,
2026-08-25-F1,2026-08-25T21:05:19.700Z,-83,7,1,1199,2,-87,772,1.6,10.4,29.3,4.14,85,-1.6,1.6,1.6,0.6,,,,,,
2026-08-25-F1,2026-08-25T21:05:19.803Z,-82,7,1,1200,2,-87,772,1.6,10.4,29.3,4.14,85,-0.4,1.6,1.6,0.6,,,,,,
2026-08-25-F1,2026-08-25T21:05:19.905Z,-82,7,1,1201,2,-86,772,1.6,10.4,29.3,4.14,85,1.2,1.6,1.5,0.7,,,,,,
2026-08-25-F1,2026-08-25T21:05:20.008Z,-83,7,1,1202,2,-86,772,1.6,10.4,29.3,4.14,85,-0.7,1.7,1.6,0.6,,,,,,
2026-08-25-F1,2026-08-25T21:05:20.111Z,-83,7,1,1203,2,-87,772,1.6,10.4,29.3,4.14,85,-0.6,1.6,1.6,0.7,,,,,,
2026-08-25-F1,2026-08-25T21:05:20.214Z,-83,7,1,1204,2,-87,772,1.6,10.4,29.3,4.14,85,-0.6,1.6,1.5,0.6,,,,,,
2026-08-25-F1,2026-08-25T21:05:20.317Z,-84,7,1,1205,2,-87,772,1.6,10.4,29.3,4.14,86,-0.3,1.6,1.6,0.6,,,,,,
2026-08-25-F1,2026-08-25T21:05:20.419Z,-83,7,1,1206,2,-87,772,1.6,10.4,29.3,4.14,86,-0.8,1.6,1.6,0.6,,,,,,
2026-08-25-F1,2026-08-25T21:05:20.502Z,-83,7,1,1207,2,-87,772,1.6,10.4,29.3,4.14,86,-0.2,1.6,1.6,0.6,,,,,,
2026-08-25-F1,2026-08-25T21:05:20.604Z,-83,7,1,1208,2,-86,772,1.6,10.4,29.3,4.14,86,0.4,1.7,1.6,0.6,,,,,,
2026-08-25-F1,2026-08-25T21:05:20.707Z,-83,7,1,1209,2,-86,772,1.5,10.4,29.3,4.14,86,0.6,1.6,1.5,0.7,,,,,,
2026-08-25-F1,2026-08-25T21:05:20.810Z,-83,7,1,1210,2,-87,772,1.6,10.4,29.3,4.14,86,-0.3,1.6,1.6,0.6,,,,,,
2026-08-25-F1,2026-08-25T21:05:20.912Z,-84,7,1,1211,2,-87,772,1.7,10.4,29.3,4.14,86,-0.5,1.7,1.6,0.6,,,,,,
2026-08-25-F1,2026-08-25T21:05:21.015Z,-83,7,1,1212,2,-86,772,1.6,10.4,29.3,4.14,86,0.3,1.6,1.6,0.7,,,,,,
2026-08-25-F1,2026-08-25T21:05:21.118Z,-83,7,1,1213,2,-86,772,1.6,10.4,29.3,4.14,86,0.6,1.6,1.5,0.6,,,,,,
2026-08-25-F1,2026-08-25T21:05:21.220Z,-83,7,1,1214,2,-86,772,1.7,10.4,29.3,4.14,86,0.4,1.7,1.6,0.6,,,,,,
2026-08-25-F1,2026-08-25T21:05:21.323Z,-83,7,1,1215,2,-86,772,1.6,10.4,29.3,4.14,87,0.6,1.7,1.6,0.6,,,,,,
2026-08-25-F1,2026-08-25T21:05:21.425Z,-83,7,1,1216,2,-86,772,1.6,10.4,29.3,4.14,87,-0.3,1.6,1.6,0.6,,,,,,
2026-08-25-F1,2026-08-25T21:05:21.508Z,-83,7,1,1217,2,-86,772,1.6,10.4,29.3,4.14,87,0.7,1.6,1.6,0.6,,,,,,
2026-08-25-F1,2026-08-25T21:05:21.610Z,-83,7,1,1218,2,-86,772,1.6,10.4,29.3,4.14,87,-0.5,1.6,1.6,0.6,,,,,,
2026-08-25-F1,2026-08-25T21:05:21.716Z,-82,7,1,1219,2,-86,772,1.6,10.4,29.3,4.14,87,-0.3,1.6,1.6,0.6,,,,,,
2026-08-25-F1,2026-08-25T21:05:21.819Z,-83,7,1,1220,2,-86,772,1.6,10.4,29.3,4.14,87,-0.0,1.6,1.6,0.6,,,,,,
2026-08-25-F1,2026-08-25T21:05:21.922Z,-84,7,1,1221,2,-86,772,1.7,10.4,29.3,4.14,87,-0.5,1.7,1.6,0.6,,,,,,
2026-08-25-F1,2026-08-25T21:05:22.024Z,-83,7,1,1222,2,-86,772,1.6,10.4,29.3,4.14,87,0.3,1.6,1.6,0.6,,,,,,
2026-08-25-F1,2026-08-25T21:05:22.128Z,-83,7,1,1223,2,-86,772,1.6,10.4,29.3,4.14,87,1.2,1.6,1.6,0.6,,,,,,
2026-08-25-F1,2026-08-25T21:05:22.210Z,-83,7,1,1224,2,-86,772,1.6,10.4,29.3,4.14,87,0.7,1.6,1.6,0.6,,,,,,
2026-08-25-F1,2026-08-25T21:05:22.312Z,-83,7,1,1225,2,-86,772,1.6,10.4,29.3,4.13,88,-0.4,1.6,1.6,0.6,,,,,,
2026-08-25-F1,2026-08-25T21:05:22.414Z,-83,7,1,1226,2,-86,772,1.6,10.4,29.3,4.14,88,-0.1,1.6,1.6,0.6,,,,,,
2026-08-25-F1,2026-08-25T21:05:22.517Z,-82,7,1,1227,2,-86,772,1.7,10.4,29.3,4.14,88,0.6,1.7,1.6,0.6,,,,,,
2026-08-25-F1,2026-08-25T21:05:22.619Z,-82,7,1,1228,2,-86,772,1.6,10.4,29.3,4.14,88,-1.2,1.7,1.6,0.7,,,,,,
2026-08-25-F1,2026-08-25T21:05:22.722Z,-83,7,1,1229,2,-87,772,1.6,10.4,29.3,4.14,88,-0.9,1.6,1.6,0.6,,,,,,
2026-08-25-F1,2026-08-25T21:05:22.825Z,-83,7,1,1230,2,-86,772,1.6,10.4,29.3,4.14,88,0.2,1.6,1.6,0.6,,,,,,
2026-08-25-F1,2026-08-25T21:05:22.928Z,-82,7,1,1231,2,-86,772,1.6,10.4,29.3,4.14,88,1.6,1.6,1.6,0.6,,,,,,
2026-08-25-F1,2026-08-25T21:05:23.030Z,-82,7,1,1232,2,-86,772,1.6,10.4,29.3,4.14,88,-0.2,1.7,1.6,0.6,,,,,,
2026-08-25-F1,2026-08-25T21:05:23.133Z,-83,7,1,1233,2,-86,772,1.6,10.4,29.3,4.13,88,-0.7,1.6,1.6,0.6,,,,,,
2026-08-25-F1,2026-08-25T21:05:23.215Z,-83,7,1,1234,2,-86,772,1.6,10.4,29.3,4.14,88,-0.9,1.7,1.6,0.6,,,,,,
2026-08-25-F1,2026-08-25T21:05:23.318Z,-83,7,1,1235,2,-86,772,1.7,10.4,29.3,4.13,89,0.8,1.7,1.6,0.6,,,,,,
2026-08-25-F1,2026-08-25T21:05:23.420Z,-82,7,1,1236,2,-86,772,1.6,10.4,29.3,4.14,89,0.9,1.6,1.6,0.6,,,,,,
2026-08-25-F1,2026-08-25T21:05:23.523Z,-83,7,1,1237,2,-86,772,1.6,10.4,29.3,4.14,89,0.5,1.7,1.6,0.7,,,,,,
2026-08-25-F1,2026-08-25T21:05:23.625Z,-82,7,1,1238,2,-86,772,1.6,10.4,29.3,4.14,89,0.5,1.6,1.6,0.6,,,,,,
2026-08-25-F1,2026-08-25T21:05:23.728Z,-82,7,1,1239,2,-86,772,1.6,10.4,29.3,4.14,89,0.9,1.6,1.6,0.6,,,,,,
2026-08-25-F1,2026-08-25T21:05:23.830Z,-83,7,1,1240,2,-86,772,1.6,10.4,29.3,4.14,89,-0.1,1.6,1.6,0.6,,,,,,
2026-08-25-F1,2026-08-25T21:05:23.933Z,-82,7,1,1241,2,-86,772,1.6,10.4,29.3,4.14,89,-0.6,1.6,1.5,0.6,,,,,,
2026-08-25-F1,2026-08-25T21:05:24.035Z,-82,7,1,1242,2,-86,772,1.6,10.4,29.3,4.14,89,0.3,1.6,1.6,0.6,,,,,,
2026-08-25-F1,2026-08-25T21:05:24.118Z,-83,7,1,1243,2,-86,772,1.6,10.4,29.3,4.14,89,-0.7,1.6,1.6,0.6,,,,,,
2026-08-25-F1,2026-08-25T21:05:24.221Z,-83,7,1,1244,2,-86,772,1.6,10.4,29.3,4.14,89,-1.4,1.6,1.6,0.7,,,,,,
2026-08-25-F1,2026-08-25T21:05:24.323Z,-83,7,1,1245,2,-87,772,1.6,10.4,29.3,4.14,90,-1.2,1.6,1.6,0.6,,,,,,
2026-08-25-F1,2026-08-25T21:05:24.425Z,-83,7,1,1246,2,-87,772,1.5,10.4,29.3,4.14,90,-1.1,1.6,1.5,0.7,,,,,,
2026-08-25-F1,2026-08-25T21:05:24.528Z,-83,7,1,1247,2,-87,772,1.6,10.4,29.3,4.14,90,-0.5,1.6,1.6,0.6,,,,,,
2026-08-25-F1,2026-08-25T21:05:24.630Z,-83,7,1,1248,2,-86,772,1.6,10.4,29.3,4.14,90,0.9,1.6,1.6,0.6,,,,,,
2026-08-25-F1,2026-08-25T21:05:24.732Z,-83,7,1,1249,2,-86,772,1.6,10.4,29.3,4.14,90,-0.2,1.6,1.6,0.6,,,,,,
2026-08-25-F1,2026-08-25T21:05:24.835Z,-83,7,1,1250,2,-87,772,1.6,10.4,29.3,4.14,90,-1.0,1.6,1.6,0.6,,,,,,
2026-08-25-F1,2026-08-25T21:05:24.937Z,-83,7,1,1251,2,-86,772,1.7,10.4,29.3,4.14,90,0.6,1.7,1.6,0.7,,,,,,
2026-08-25-F1,2026-08-25T21:05:25.040Z,-83,7,1,1252,2,-86,772,1.6,10.4,29.3,4.14,90,0.3,1.6,1.5,0.6,,,,,,
2026-08-25-F1,2026-08-25T21:05:25.123Z,-83,7,1,1253,2,-86,772,1.7,10.4,29.3,4.14,90,-0.1,1.7,1.7,0.6,,,,,,
2026-08-25-F1,2026-08-25T21:05:25.225Z,-83,7,1,1254,2,-86,772,1.6,10.4,29.3,4.14,90,0.3,1.6,1.6,0.6,,,,,,
2026-08-25-F1,2026-08-25T21:05:25.328Z,-83,7,1,1255,2,-86,772,1.6,10.4,29.3,4.14,91,0.7,1.6,1.5,0.6,,,,,,
2026-08-25-F1,2026-08-25T21:05:25.430Z,-83,7,1,1256,2,-86,772,1.7,10.4,29.3,4.14,91,1.6,1.7,1.6,0.6,,,,,,
2026-08-25-F1,2026-08-25T21:05:25.533Z,-83,7,1,1257,2,-86,772,1.6,10.4,29.3,4.14,91,0.9,1.6,1.6,0.6,,,,,,
2026-08-25-F1,2026-08-25T21:05:25.635Z,-84,7,1,1258,2,-86,772,1.6,10.4,29.3,4.14,91,-0.4,1.6,1.6,0.7,,,,,,
2026-08-25-F1,2026-08-25T21:05:25.738Z,-83,7,1,1259,2,-86,772,1.6,10.4,29.3,4.14,91,-0.1,1.6,1.6,0.6,,,,,,
2026-08-25-F1,2026-08-25T21:05:25.840Z,-84,7,1,1260,2,-86,772,1.6,10.4,29.3,4.14,91,-0.9,1.6,1.6,0.6,,,,,,
2026-08-25-F1,2026-08-25T21:05:25.943Z,-83,7,1,1261,2,-86,772,1.6,10.4,29.3,4.14,91,0.1,1.6,1.6,0.6,,,,,,
2026-08-25-F1,2026-08-25T21:05:26.025Z,-83,7,1,1262,2,-86,772,1.6,10.4,29.3,4.14,91,-0.1,1.6,1.6,0.6,,,,,,
2026-08-25-F1,2026-08-25T21:05:26.131Z,-83,7,1,1263,2,-86,772,1.6,10.4,29.3,4.14,91,-0.5,1.7,1.6,0.6,,,,,,
2026-08-25-F1,2026-08-25T21:05:26.233Z,-82,7,1,1264,2,-86,772,1.6,10.4,29.3,4.14,91,-0.5,1.6,1.6,0.6,,,,,,
2026-08-25-F1,2026-08-25T21:05:26.336Z,-83,7,1,1265,2,-86,772,1.6,10.4,29.3,4.14,92,0.2,1.6,1.6,0.7,,,,,,
2026-08-25-F1,2026-08-25T21:05:26.438Z,-83,7,1,1266,2,-86,772,1.6,10.4,29.3,4.14,92,0.3,1.6,1.6,0.6,,,,,,
2026-08-25-F1,2026-08-25T21:05:26.541Z,-84,7,1,1267,2,-86,772,1.6,10.4,29.3,4.14,92,0.1,1.6,1.6,0.6,,,,,,
2026-08-25-F1,2026-08-25T21:05:26.643Z,-83,7,1,1268,2,-86,772,1.5,10.4,29.3,4.14,92,-0.6,1.6,1.5,0.6,,,,,,
2026-08-25-F1,2026-08-25T21:05:26.745Z,-83,7,1,1269,2,-86,772,1.6,10.4,29.3,4.14,92,0.6,1.6,1.6,0.6,,,,,,
2026-08-25-F1,2026-08-25T21:05:26.827Z,-84,7,1,1270,2,-87,772,1.6,10.4,29.3,4.14,92,-0.7,1.7,1.6,0.6,,,,,,
2026-08-25-F1,2026-08-25T21:05:26.930Z,-84,7,1,1271,2,-86,772,1.7,10.4,29.3,4.14,92,-0.2,1.7,1.6,0.6,,,,,,
2026-08-25-F1,2026-08-25T21:05:26.065Z,-83,7,1,1272,2,-86,772,1.7,10.4,29.3,4.14,92,0.4,1.7,1.6,0.7,,,,,,
2026-08-25-F1,2026-08-25T21:05:27.149Z,-83,7,1,1273,2,-86,772,1.7,10.4,29.3,4.14,92,0.1,1.7,1.6,0.6,,,,,,
2026-08-25-F1,2026-08-25T21:05:27.253Z,-83,7,1,1274,2,-86,772,1.6,10.4,29.3,4.14,92,0.2,1.7,1.6,0.6,,,,,,
2026-08-25-F1,2026-08-25T21:05:27.355Z,-83,7,1,1275,2,-86,772,1.7,10.4,29.3,4.14,93,-0.2,1.7,1.6,0.6,,,,,,
2026-08-25-F1,2026-08-25T21:05:27.457Z,-83,7,1,1276,2,-86,772,1.6,10.4,29.3,4.14,93,1.0,1.6,1.6,0.7,,,,,,
2026-08-25-F1,2026-08-25T21:05:27.560Z,-83,7,1,1277,2,-86,772,1.6,10.4,29.3,4.14,93,0.7,1.6,1.6,0.7,,,,,,
2026-08-25-F1,2026-08-25T21:05:27.642Z,-83,7,1,1278,2,-86,772,1.6,10.4,29.3,4.14,93,0.5,1.6,1.6,0.6,,,,,,
2026-08-25-F1,2026-08-25T21:05:27.744Z,-83,7,1,1279,2,-86,772,1.7,10.4,29.3,4.14,93,-0.4,1.7,1.6,0.6,,,,,,
2026-08-25-F1,2026-08-25T21:05:27.847Z,-83,7,1,1280,2,-86,772,1.5,10.4,29.3,4.14,93,0.8,1.6,1.5,0.6,,,,,,
2026-08-25-F1,2026-08-25T21:05:27.949Z,-83,7,1,1281,2,-86,772,1.7,10.4,29.3,4.14,93,-0.1,1.7,1.6,0.6,,,,,,
2026-08-25-F1,2026-08-25T21:05:28.051Z,-83,7,1,1282,2,-86,772,1.6,10.4,29.3,4.14,93,0.4,1.6,1.6,0.6,,,,,,
2026-08-25-F1,2026-08-25T21:05:28.154Z,-83,7,1,1283,2,-86,772,1.7,10.4,29.3,4.14,93,0.2,1.7,1.6,0.7,,,,,,
2026-08-25-F1,2026-08-25T21:05:28.257Z,-83,7,1,1284,2,-86,772,1.6,10.4,29.3,4.14,93,0.3,1.7,1.6,0.6,,,,,,
2026-08-25-F1,2026-08-25T21:05:28.359Z,-83,7,1,1285,2,-86,772,1.6,10.4,29.3,4.14,94,-0.1,1.6,1.6,0.6,,,,,,
2026-08-25-F1,2026-08-25T21:05:28.461Z,-83,7,1,1286,2,-86,772,1.7,10.4,29.3,4.14,94,0.9,1.7,1.6,0.6,,,,,,
2026-08-25-F1,2026-08-25T21:05:28.543Z,-83,7,1,1287,2,-86,772,1.6,10.4,29.3,4.14,94,-0.6,1.6,1.6,0.6,,,,,,
2026-08-25-F1,2026-08-25T21:05:28.646Z,-83,7,1,1288,2,-86,772,1.6,10.4,29.3,4.14,94,-0.9,1.6,1.6,0.7,,,,,,
2026-08-25-F1,2026-08-25T21:05:28.748Z,-83,7,1,1289,2,-86,772,1.7,10.4,29.3,4.14,94,-0.4,1.7,1.6,0.6,,,,,,
2026-08-25-F1,2026-08-25T21:05:28.850Z,-83,7,1,1290,2,-86,772,1.7,10.4,29.3,4.14,94,0.1,1.7,1.6,0.6,,,,,,
2026-08-25-F1,2026-08-25T21:05:28.953Z,-84,7,1,1291,2,-87,772,1.6,10.4,29.3,4.14,94,-1.4,1.6,1.6,0.6,,,,,,
2026-08-25-F1,2026-08-25T21:05:29.055Z,-83,7,1,1292,2,-86,772,1.6,10.4,29.3,4.14,94,-0.5,1.6,1.5,0.6,,,,,,
2026-08-25-F1,2026-08-25T21:05:29.158Z,-83,7,1,1293,2,-86,772,1.6,10.4,29.3,4.14,94,-0.4,1.6,1.6,0.7,,,,,,
2026-08-25-F1,2026-08-25T21:05:29.260Z,-83,7,1,1294,2,-87,772,1.6,10.4,29.3,4.13,94,-0.8,1.6,1.6,0.6,,,,,,
2026-08-25-F1,2026-08-25T21:05:29.342Z,-83,7,1,1295,2,-86,772,1.6,10.4,29.3,4.14,95,0.0,1.6,1.6,0.6,,,,,,
2026-08-25-F1,2026-08-25T21:05:29.445Z,-83,7,1,1296,2,-87,772,1.7,10.4,29.3,4.14,95,-0.5,1.7,1.6,0.6,,,,,,
2026-08-25-F1,2026-08-25T21:05:29.547Z,-83,7,1,1297,2,-87,772,1.6,10.4,29.3,4.14,95,-0.7,1.6,1.6,0.6,,,,,,
2026-08-25-F1,2026-08-25T21:05:29.649Z,-83,7,1,1298,2,-86,772,1.6,10.4,29.3,4.14,95,0.2,1.6,1.6,0.6,,,,,,
2026-08-25-F1,2026-08-25T21:05:29.751Z,-84,7,1,1299,2,-86,772,1.6,10.4,29.3,4.14,95,1.0,1.6,1.6,0.6,,,,,,
2026-08-25-F1,2026-08-25T21:05:29.854Z,-83,7,1,1300,2,-86,772,1.5,10.4,29.3,4.14,95,0.5,1.6,1.5,0.6,,,,,,
2026-08-25-F1,2026-08-25T21:05:29.956Z,-83,7,1,1301,2,-86,772,1.6,10.4,29.3,4.14,95,0.3,1.6,1.6,0.6,,,,,,
2026-08-25-F1,2026-08-25T21:05:30.059Z,-83,7,1,1302,2,-86,772,1.6,10.4,29.3,4.14,95,0.0,1.6,1.6,0.6,,,,,,
2026-08-25-F1,2026-08-25T21:05:30.161Z,-83,7,1,1303,2,-86,772,1.6,10.4,29.3,4.14,95,-0.7,1.6,1.6,0.6,,,,,,
2026-08-25-F1,2026-08-25T21:05:30.244Z,-83,7,1,1304,2,-86,772,1.6,10.4,29.3,4.14,95,-0.2,1.6,1.6,0.6,,,,,,
2026-08-25-F1,2026-08-25T21:05:30.346Z,-83,7,1,1305,2,-86,772,1.6,10.4,29.3,4.14,96,0.5,1.6,1.6,0.6,,,,,,
2026-08-25-F1,2026-08-25T21:05:30.448Z,-83,7,1,1306,2,-86,772,1.6,10.4,29.3,4.14,96,-0.7,1.6,1.6,0.6,,,,,,
2026-08-25-F1,2026-08-25T21:05:30.550Z,-83,7,1,1307,2,-86,772,1.7,10.4,29.3,4.14,96,-0.6,1.7,1.6,0.6,,,,,,
2026-08-25-F1,2026-08-25T21:05:30.653Z,-83,7,1,1308,2,-86,772,1.6,10.4,29.3,4.14,96,0.2,1.7,1.6,0.6,,,,,,
2026-08-25-F1,2026-08-25T21:05:30.755Z,-83,7,1,1309,2,-86,772,1.7,10.4,29.3,4.14,96,-0.1,1.7,1.6,0.6,,,,,,
2026-08-25-F1,2026-08-25T21:05:30.857Z,-83,7,1,1310,2,-86,772,1.7,10.4,29.3,4.14,96,-0.2,1.7,1.6,0.6,,,,,,
2026-08-25-F1,2026-08-25T21:05:30.960Z,-82,7,1,1311,2,-87,772,1.6,10.4,29.3,4.14,96,-0.5,1.7,1.6,0.6,,,,,,
2026-08-25-F1,2026-08-25T21:05:31.062Z,-83,7,1,1312,2,-86,772,1.6,10.4,29.3,4.14,96,0.1,1.6,1.6,0.6,,,,,,
2026-08-25-F1,2026-08-25T21:05:31.144Z,-83,7,1,1313,2,-86,772,1.7,10.4,29.3,4.14,96,0.4,1.7,1.6,0.7,,,,,,
2026-08-25-F1,2026-08-25T21:05:31.247Z,-83,7,1,1314,2,-87,772,1.6,10.4,29.3,4.14,96,-0.8,1.6,1.6,0.6,,,,,,
2026-08-25-F1,2026-08-25T21:05:31.349Z,-83,7,1,1315,2,-86,772,1.6,10.4,29.3,4.14,97,0.1,1.6,1.6,0.6,,,,,,
2026-08-25-F1,2026-08-25T21:05:31.451Z,-83,7,1,1316,2,-86,772,1.6,10.4,29.3,4.14,97,0.5,1.6,1.6,0.6,,,,,,
2026-08-25-F1,2026-08-25T21:05:31.554Z,-83,7,1,1317,2,-87,772,1.7,10.4,29.3,4.14,97,-0.7,1.7,1.6,0.6,,,,,,
2026-08-25-F1,2026-08-25T21:05:31.661Z,-83,7,1,1318,2,-87,772,1.6,10.4,29.3,4.14,97,-0.9,1.7,1.6,0.6,,,,,,
2026-08-25-F1,2026-08-25T21:05:31.743Z,-83,7,1,1319,2,-87,772,1.6,10.4,29.3,4.14,97,-0.9,1.7,1.6,0.6,,,,,,
2026-08-25-F1,2026-08-25T21:05:31.846Z,-83,7,1,1320,2,-86,772,1.6,10.4,29.3,4.14,97,0.4,1.6,1.6,0.6,,,,,,
2026-08-25-F1,2026-08-25T21:05:31.948Z,-83,7,1,1321,2,-87,772,1.6,10.4,29.3,4.14,97,0.0,1.7,1.6,0.6,,,,,,
2026-08-25-F1,2026-08-25T21:05:32.050Z,-84,7,1,1322,2,-86,772,1.6,10.4,29.3,4.14,97,1.2,1.6,1.6,0.6,,,,,,
2026-08-25-F1,2026-08-25T21:05:32.153Z,-83,7,1,1323,2,-86,772,1.6,10.4,29.3,4.14,97,0.1,1.7,1.6,0.6,,,,,,
2026-08-25-F1,2026-08-25T21:05:32.255Z,-83,7,1,1324,2,-86,772,1.6,10.4,29.3,4.14,97,1.2,1.6,1.6,0.7,,,,,,
2026-08-25-F1,2026-08-25T21:05:32.358Z,-83,7,1,1325,2,-86,772,1.6,10.4,29.3,4.14,98,0.7,1.6,1.6,0.6,,,,,,
2026-08-25-F1,2026-08-25T21:05:32.460Z,-83,7,1,1326,2,-86,772,1.6,10.4,29.3,4.14,98,-0.3,1.6,1.6,0.6,,,,,,
2026-08-25-F1,2026-08-25T21:05:32.562Z,-83,7,1,1327,2,-86,772,1.6,10.4,29.3,4.14,98,-0.2,1.6,1.6,0.6,,,,,,
2026-08-25-F1,2026-08-25T21:05:32.644Z,-84,7,1,1328,2,-86,772,1.6,10.4,29.3,4.14,98,0.5,1.6,1.6,0.6,,,,,,
2026-08-25-F1,2026-08-25T21:05:32.747Z,-83,7,1,1329,2,-86,772,1.7,10.4,29.3,4.14,98,0.9,1.7,1.7,0.6,,,,,,
2026-08-25-F1,2026-08-25T21:05:32.849Z,-83,7,1,1330,2,-86,772,1.6,10.4,29.3,4.14,98,1.1,1.6,1.6,0.6,,,,,,
2026-08-25-F1,2026-08-25T21:05:32.951Z,-83,7,1,1331,2,-86,772,1.6,10.4,29.3,4.14,98,0.2,1.6,1.6,0.6,,,,,,
2026-08-25-F1,2026-08-25T21:05:33.054Z,-83,7,1,1332,2,-86,772,1.5,10.4,29.3,4.14,98,-0.3,1.6,1.5,0.6,,,,,,
2026-08-25-F1,2026-08-25T21:05:33.156Z,-83,7,1,1333,2,-87,772,1.6,10.4,29.3,4.14,98,-1.4,1.7,1.6,0.6,,,,,,
2026-08-25-F1,2026-08-25T21:05:33.259Z,-83,7,1,1334,2,-86,772,1.7,10.4,29.3,4.14,98,0.4,1.7,1.6,0.7,,,,,,
2026-08-25-F1,2026-08-25T21:05:33.361Z,-83,7,1,1335,2,-86,772,1.6,10.4,29.3,4.14,99,0.2,1.6,1.6,0.6,,,,,,
2026-08-25-F1,2026-08-25T21:05:33.463Z,-83,7,1,1336,2,-86,772,1.6,10.4,29.3,4.14,99,0.3,1.6,1.6,0.6,,,,,,
2026-08-25-F1,2026-08-25T21:05:33.546Z,-84,7,1,1337,2,-86,772,1.6,10.4,29.3,4.14,99,-0.5,1.6,1.6,0.7,,,,,,
2026-08-25-F1,2026-08-25T21:05:33.648Z,-83,7,1,1338,2,-86,772,1.7,10.4,29.3,4.14,99,0.2,1.7,1.6,0.6,,,,,,
2026-08-25-F1,2026-08-25T21:05:33.750Z,-83,7,1,1339,2,-87,772,1.6,10.4,29.3,4.14,99,-1.2,1.6,1.6,0.6,,,,,,
2026-08-25-F1,2026-08-25T21:05:33.853Z,-83,7,1,1340,2,-87,772,1.7,10.4,29.3,4.14,99,-0.9,1.7,1.6,0.6,,,,,,
2026-08-25-F1,2026-08-25T21:05:33.955Z,-83,7,1,1341,2,-87,772,1.5,10.4,29.3,4.14,99,-0.8,1.6,1.5,0.6,,,,,,
2026-08-25-F1,2026-08-25T21:05:34.057Z,-83,7,1,1342,2,-87,772,1.6,10.4,29.3,4.14,99,-0.5,1.6,1.6,0.6,,,,,,
2026-08-25-F1,2026-08-25T21:05:34.160Z,-83,7,1,1343,2,-87,772,1.6,10.4,29.3,4.14,99,-0.3,1.6,1.6,0.6,,,,,,
2026-08-25-F1,2026-08-25T21:05:34.263Z,-83,7,1,1344,2,-86,772,1.7,10.4,29.3,4.14,99,1.2,1.7,1.7,0.6,,,,,,
2026-08-25-F1,2026-08-25T21:05:34.345Z,-83,7,1,1345,2,-86,772,1.6,10.4,29.3,4.13,100,0.5,1.6,1.6,0.7,,,,,,
2026-08-25-F1,2026-08-25T21:05:34.447Z,-83,7,1,1346,2,-86,772,1.6,10.4,29.3,4.14,100,0.7,1.7,1.6,0.6,,,,,,
2026-08-25-F1,2026-08-25T21:05:34.549Z,-83,7,1,1347,2,-86,772,1.6,10.4,29.3,4.14,100,-0.0,1.6,1.6,0.6,,,,,,
2026-08-25-F1,2026-08-25T21:05:34.651Z,-83,7,1,1348,2,-87,772,1.7,10.4,29.3,4.14,100,-0.9,1.7,1.6,0.6,,,,,,
2026-08-25-F1,2026-08-25T21:05:34.754Z,-83,7,1,1349,2,-86,772,1.7,10.4,29.3,4.14,100,-0.3,1.7,1.6,0.6,,,,,,
2026-08-25-F1,2026-08-25T21:05:34.856Z,-83,7,1,1350,2,-87,772,1.6,10.4,29.3,4.14,100,-0.8,1.7,1.6,0.7,,,,,,
2026-08-25-F1,2026-08-25T21:05:34.958Z,-84,7,1,1351,2,-86,772,1.6,10.4,29.3,4.14,100,0.2,1.6,1.6,0.6,,,,,,
2026-08-25-F1,2026-08-25T21:05:35.061Z,-83,7,1,1352,2,-86,772,1.6,10.4,29.3,4.14,100,1.1,1.6,1.6,0.6,,,,,,
2026-08-25-F1,2026-08-25T21:05:35.163Z,-83,7,1,1353,2,-86,772,1.6,10.4,29.3,4.14,100,0.8,1.6,1.6,0.6,,,,,,
2026-08-25-F1,2026-08-25T21:05:35.246Z,-83,7,1,1354,2,-86,772,1.6,10.4,29.3,4.14,100,-0.3,1.7,1.6,0.6,,,,,,
2026-08-25-F1,2026-08-25T21:05:35.348Z,-83,7,1,1355,2,-86,772,1.7,10.4,29.3,4.14,101,0.1,1.7,1.6,0.6,,,,,,
2026-08-25-F1,2026-08-25T21:05:35.450Z,-83,7,1,1356,2,-86,772,1.6,10.4,29.3,4.14,101,0.8,1.6,1.6,0.6,,,,,,
2026-08-25-F1,2026-08-25T21:05:35.553Z,-83,7,1,1357,2,-86,772,1.7,10.4,29.3,4.14,101,0.4,1.7,1.6,0.6,,,,,,
2026-08-25-F1,2026-08-25T21:05:35.655Z,-82,7,1,1358,2,-86,772,1.6,10.4,29.3,4.14,101,0.4,1.6,1.6,0.6,,,,,,
2026-08-25-F1,2026-08-25T21:05:35.757Z,-83,7,1,1359,2,-86,772,1.6,10.4,29.3,4.14,101,0.2,1.6,1.5,0.7,,,,,,
2026-08-25-F1,2026-08-25T21:05:35.860Z,-83,7,1,1360,2,-86,772,1.6,10.4,29.3,4.14,101,-1.5,1.6,1.6,0.6,,,,,,
2026-08-25-F1,2026-08-25T21:05:35.962Z,-83,7,1,1361,2,-87,772,1.6,10.4,29.3,4.14,101,-1.4,1.6,1.5,0.6,,,,,,
2026-08-25-F1,2026-08-25T21:05:36.064Z,-82,7,1,1362,2,-86,772,1.6,10.4,29.3,4.14,101,-0.2,1.7,1.6,0.7,,,,,,
2026-08-25-F1,2026-08-25T21:05:36.147Z,-82,7,1,1363,2,-86,772,1.7,10.4,29.3,4.14,101,0.8,1.7,1.6,0.6,,,,,,
2026-08-25-F1,2026-08-25T21:05:36.249Z,-83,7,1,1364,2,-86,772,1.6,10.4,29.3,4.14,101,1.0,1.6,1.6,0.7,,,,,,
2026-08-25-F1,2026-08-25T21:05:36.351Z,-83,7,1,1365,2,-86,772,1.6,10.4,29.3,4.14,102,0.2,1.6,1.6,0.6,,,,,,
2026-08-25-F1,2026-08-25T21:05:36.454Z,-83,7,1,1366,2,-86,772,1.6,10.4,29.3,4.14,102,-0.0,1.6,1.6,0.6,,,,,,
2026-08-25-F1,2026-08-25T21:05:36.556Z,-83,7,1,1367,2,-86,772,1.6,10.4,29.3,4.14,102,0.5,1.6,1.6,0.6,,,,,,
2026-08-25-F1,2026-08-25T21:05:36.658Z,-83,7,1,1368,2,-86,772,1.6,10.4,29.3,4.14,102,0.0,1.6,1.6,0.6,,,,,,
2026-08-25-F1,2026-08-25T21:05:36.761Z,-83,7,1,1369,2,-86,772,1.6,10.4,29.3,4.14,102,-1.3,1.6,1.6,0.6,,,,,,
2026-08-25-F1,2026-08-25T21:05:36.863Z,-83,7,1,1370,2,-86,772,1.6,10.4,29.3,4.14,102,-0.9,1.6,1.6,0.7,,,,,,
2026-08-25-F1,2026-08-25T21:05:36.945Z,-82,7,1,1371,2,-86,772,1.6,10.4,29.3,4.14,102,0.2,1.6,1.6,0.6,,,,,,
2026-08-25-F1,2026-08-25T21:05:37.047Z,-83,7,1,1372,2,-86,772,1.6,10.4,29.3,4.14,102,1.4,1.6,1.6,0.6,,,,,,
2026-08-25-F1,2026-08-25T21:05:37.089Z,-83,7,1,1373,2,-86,772,1.6,10.4,29.3,4.14,102,0.0,1.6,1.6,0.7,,,,,,
2026-08-25-F1,2026-08-25T21:05:37.192Z,-83,7,1,1374,2,-86,772,1.6,10.4,29.3,4.14,102,-0.8,1.6,1.6,0.6,,,,,,
2026-08-25-F1,2026-08-25T21:05:37.294Z,-83,7,1,1375,2,-86,772,1.6,10.4,29.3,4.14,103,-1.2,1.6,1.5,0.6,,,,,,
2026-08-25-F1,2026-08-25T21:05:37.396Z,-83,7,1,1376,2,-87,772,1.6,10.4,29.3,4.14,103,-1.0,1.8,1.6,0.6,,,,,,
2026-08-25-F1,2026-08-25T21:05:37.499Z,-83,7,1,1377,2,-86,772,1.7,10.4,29.3,4.14,103,-0.0,1.7,1.6,0.6,,,,,,
2026-08-25-F1,2026-08-25T21:05:37.601Z,-83,7,1,1378,2,-86,772,1.6,10.4,29.3,4.14,103,-0.2,1.6,1.6,0.7,,,,,,
2026-08-25-F1,2026-08-25T21:05:37.703Z,-83,7,1,1379,2,-86,772,1.6,10.4,29.3,4.14,103,-0.3,1.6,1.6,0.6,,,,,,
2026-08-25-F1,2026-08-25T21:05:37.785Z,-82,7,1,1380,2,-87,772,1.6,10.4,29.3,4.13,103,-1.1,1.7,1.6,0.7,,,,,,
2026-08-25-F1,2026-08-25T21:05:37.888Z,-83,7,1,1381,2,-87,772,1.6,10.4,29.3,4.14,103,-0.5,1.6,1.6,0.6,,,,,,
2026-08-25-F1,2026-08-25T21:05:37.990Z,-83,7,1,1382,2,-86,772,1.6,10.4,29.3,4.14,103,0.4,1.6,1.6,0.6,,,,,,
2026-08-25-F1,2026-08-25T21:05:38.093Z,-83,7,1,1383,2,-87,772,1.6,10.4,29.3,4.14,103,-0.0,1.6,1.6,0.6,,,,,,
2026-08-25-F1,2026-08-25T21:05:38.200Z,-83,7,1,1384,2,-87,772,1.6,10.4,29.3,4.14,103,-0.7,1.6,1.6,0.6,,,,,,
2026-08-25-F1,2026-08-25T21:05:38.303Z,-82,7,1,1385,2,-87,772,1.6,10.4,29.3,4.14,104,0.1,1.6,1.6,0.6,,,,,,
2026-08-25-F1,2026-08-25T21:05:38.405Z,-83,7,1,1386,2,-87,772,1.6,10.4,29.3,4.14,104,-0.6,1.6,1.5,0.6,,,,,,
2026-08-25-F1,2026-08-25T21:05:38.507Z,-83,7,1,1387,2,-86,772,1.6,10.4,29.2,4.14,104,1.1,1.6,1.6,0.7,,,,,,
2026-08-25-F1,2026-08-25T21:05:38.590Z,-83,7,1,1388,2,-86,772,1.6,10.4,29.2,4.14,104,0.8,1.6,1.6,0.6,,,,,,
2026-08-25-F1,2026-08-25T21:05:38.692Z,-83,7,1,1389,2,-86,772,1.6,10.4,29.2,4.13,104,0.0,1.7,1.6,0.6,,,,,,
2026-08-25-F1,2026-08-25T21:05:38.795Z,-83,7,1,1390,2,-86,772,1.6,10.4,29.2,4.14,104,0.3,1.6,1.6,0.6,,,,,,
2026-08-25-F1,2026-08-25T21:05:38.897Z,-83,7,1,1391,2,-86,772,1.7,10.4,29.2,4.14,104,-0.3,1.7,1.6,0.6,,,,,,
2026-08-25-F1,2026-08-25T21:05:39.000Z,-82,7,1,1392,2,-86,772,1.7,10.4,29.3,4.14,104,-0.4,1.7,1.6,0.6,,,,,,
2026-08-25-F1,2026-08-25T21:05:39.102Z,-82,7,1,1393,2,-86,772,1.6,10.4,29.2,4.14,104,0.2,1.7,1.6,0.6,,,,,,
2026-08-25-F1,2026-08-25T21:05:39.205Z,-82,7,1,1394,2,-86,772,1.6,10.4,29.2,4.14,104,0.1,1.6,1.6,0.6,,,,,,
2026-08-25-F1,2026-08-25T21:05:39.309Z,-83,7,1,1395,2,-86,772,1.6,10.4,29.2,4.14,105,0.0,1.6,1.6,0.6,,,,,,
2026-08-25-F1,2026-08-25T21:05:39.411Z,-82,7,1,1396,2,-86,772,1.7,10.4,29.2,4.14,105,-0.5,1.7,1.6,0.6,,,,,,
2026-08-25-F1,2026-08-25T21:05:39.514Z,-82,7,1,1397,2,-86,772,1.6,10.4,29.2,4.14,105,-0.3,1.7,1.6,0.6,,,,,,
2026-08-25-F1,2026-08-25T21:05:39.596Z,-83,7,1,1398,2,-86,772,1.6,10.4,29.2,4.14,105,-0.2,1.6,1.6,0.6,,,,,,
2026-08-25-F1,2026-08-25T21:05:39.699Z,-82,7,1,1399,2,-87,772,1.6,10.4,29.2,4.14,105,-1.1,1.6,1.6,0.7,,,,,,
2026-08-25-F1,2026-08-25T21:05:39.801Z,-82,7,1,1400,2,-87,772,1.6,10.4,29.2,4.14,105,-0.4,1.6,1.6,0.6,,,,,,
2026-08-25-F1,2026-08-25T21:05:39.904Z,-83,7,1,1401,2,-86,772,1.6,10.4,29.2,4.14,105,0.1,1.6,1.6,0.6,,,,,,
2026-08-25-F1,2026-08-25T21:05:40.007Z,-82,7,1,1402,2,-86,772,1.6,10.4,29.2,4.14,105,0.6,1.6,1.6,0.6,,,,,,
2026-08-25-F1,2026-08-25T21:05:40.109Z,-83,7,1,1403,2,-86,772,1.6,10.4,29.2,4.14,105,0.7,1.7,1.6,0.6,,,,,,
2026-08-25-F1,2026-08-25T21:05:40.212Z,-83,7,1,1404,2,-86,772,1.6,10.4,29.2,4.14,105,0.5,1.6,1.6,0.6,,,,,,
2026-08-25-F1,2026-08-25T21:05:40.315Z,-83,7,1,1405,2,-86,772,1.6,10.4,29.2,4.13,106,0.4,1.6,1.6,0.6,,,,,,
2026-08-25-F1,2026-08-25T21:05:40.417Z,-82,7,1,1406,2,-86,772,1.7,10.4,29.2,4.14,106,0.3,1.7,1.6,0.6,,,,,,
2026-08-25-F1,2026-08-25T21:05:40.520Z,-83,7,1,1407,2,-86,772,1.7,10.4,29.2,4.14,106,0.1,1.7,1.6,0.6,,,,,,
2026-08-25-F1,2026-08-25T21:05:40.602Z,-82,7,1,1408,2,-86,772,1.6,10.4,29.2,4.14,106,-0.8,1.6,1.6,0.7,,,,,,
2026-08-25-F1,2026-08-25T21:05:40.705Z,-83,7,1,1409,2,-86,772,1.6,10.4,29.2,4.14,106,1.0,1.6,1.6,0.7,,,,,,
2026-08-25-F1,2026-08-25T21:05:40.808Z,-82,7,1,1410,2,-86,772,1.6,10.4,29.2,4.14,106,0.2,1.7,1.6,0.6,,,,,,
2026-08-25-F1,2026-08-25T21:05:40.910Z,-82,7,1,1411,2,-86,772,1.6,10.4,29.2,4.14,106,-0.5,1.6,1.6,0.6,,,,,,
2026-08-25-F1,2026-08-25T21:05:41.013Z,-82,7,1,1412,2,-86,772,1.6,10.4,29.2,4.14,106,0.4,1.6,1.6,0.6,,,,,,
2026-08-25-F1,2026-08-25T21:05:41.116Z,-82,7,1,1413,2,-86,772,1.5,10.4,29.2,4.14,106,-0.5,1.6,1.5,0.6,,,,,,
2026-08-25-F1,2026-08-25T21:05:41.219Z,-82,7,1,1414,2,-87,772,1.6,10.4,29.2,4.14,106,-1.0,1.6,1.6,0.6,,,,,,
2026-08-25-F1,2026-08-25T21:05:41.321Z,-83,7,1,1415,2,-87,772,1.6,10.4,29.2,4.14,107,-0.8,1.6,1.6,0.6,,,,,,
2026-08-25-F1,2026-08-25T21:05:41.424Z,-83,7,1,1416,2,-86,772,1.7,10.4,29.2,4.14,107,0.7,1.7,1.7,0.6,,,,,,
2026-08-25-F1,2026-08-25T21:05:41.512Z,-83,7,1,1417,2,-86,772,1.6,10.4,29.2,4.14,107,0.4,1.6,1.6,0.6,,,,,,
2026-08-25-F1,2026-08-25T21:05:41.614Z,-82,7,1,1418,2,-86,772,1.6,10.4,29.2,4.14,107,0.8,1.6,1.6,0.7,,,,,,
2026-08-25-F1,2026-08-25T21:05:41.717Z,-82,7,1,1419,2,-86,772,1.6,10.4,29.2,4.14,107,0.7,1.6,1.6,0.7,,,,,,
2026-08-25-F1,2026-08-25T21:05:41.819Z,-83,7,1,1420,2,-86,772,1.6,10.4,29.2,4.14,107,0.0,1.6,1.6,0.6,,,,,,
2026-08-25-F1,2026-08-25T21:05:41.921Z,-82,7,1,1421,2,-86,772,1.6,10.4,29.2,4.14,107,-0.2,1.6,1.6,0.6,,,,,,
2026-08-25-F1,2026-08-25T21:05:42.024Z,-83,7,1,1422,2,-87,772,1.6,10.4,29.2,4.13,107,-1.1,1.6,1.6,0.6,,,,,,
2026-08-25-F1,2026-08-25T21:05:42.126Z,-82,7,1,1423,2,-86,772,1.6,10.4,29.2,4.14,107,-0.5,1.7,1.6,0.7,,,,,,
2026-08-25-F1,2026-08-25T21:05:42.209Z,-82,7,1,1424,2,-86,772,1.6,10.4,29.2,4.13,107,0.5,1.6,1.6,0.6,,,,,,
2026-08-25-F1,2026-08-25T21:05:42.312Z,-82,7,1,1425,2,-86,772,1.6,10.4,29.2,4.14,108,-0.6,1.6,1.6,0.6,,,,,,
2026-08-25-F1,2026-08-25T21:05:42.414Z,-82,7,1,1426,2,-86,772,1.6,10.4,29.2,4.14,108,0.0,1.6,1.6,0.6,,,,,,
2026-08-25-F1,2026-08-25T21:05:42.516Z,-82,7,1,1427,2,-86,772,1.6,10.4,29.2,4.14,108,0.1,1.6,1.6,0.6,,,,,,
2026-08-25-F1,2026-08-25T21:05:42.620Z,-82,7,1,1428,2,-86,772,1.6,10.4,29.2,4.14,108,0.4,1.6,1.6,0.6,,,,,,
2026-08-25-F1,2026-08-25T21:05:42.722Z,-82,7,1,1429,2,-87,772,1.6,10.4,29.2,4.14,108,-0.8,1.7,1.6,0.6,,,,,,
2026-08-25-F1,2026-08-25T21:05:42.825Z,-82,7,1,1430,2,-87,772,1.7,10.4,29.2,4.13,108,-0.6,1.7,1.6,0.6,,,,,,
2026-08-25-F1,2026-08-25T21:05:42.927Z,-82,7,1,1431,2,-86,772,1.7,10.4,29.2,4.14,108,0.7,1.7,1.7,0.6,,,,,,
2026-08-25-F1,2026-08-25T21:05:43.029Z,-82,7,1,1432,2,-86,772,1.6,10.4,29.2,4.14,108,0.3,1.7,1.6,0.6,,,,,,
2026-08-25-F1,2026-08-25T21:05:43.132Z,-82,7,1,1433,2,-86,772,1.6,10.4,29.2,4.14,108,0.8,1.6,1.6,0.7,,,,,,
2026-08-25-F1,2026-08-25T21:05:43.215Z,-82,7,1,1434,2,-86,772,1.6,10.4,29.2,4.14,108,0.5,1.6,1.6,0.6,,,,,,
2026-08-25-F1,2026-08-25T21:05:43.317Z,-82,7,1,1435,2,-86,772,1.6,10.4,29.2,4.14,109,-0.5,1.6,1.6,0.6,,,,,,
2026-08-25-F1,2026-08-25T21:05:43.420Z,-82,7,1,1436,2,-87,772,1.6,10.4,29.2,4.14,109,-1.0,1.6,1.6,0.6,,,,,,
2026-08-25-F1,2026-08-25T21:05:43.522Z,-82,7,1,1437,2,-87,772,1.7,10.4,29.2,4.14,109,-0.4,1.7,1.6,0.6,,,,,,
2026-08-25-F1,2026-08-25T21:05:43.625Z,-83,7,1,1438,2,-86,772,1.6,10.4,29.2,4.14,109,0.6,1.6,1.6,0.6,,,,,,
2026-08-25-F1,2026-08-25T21:05:43.727Z,-82,7,1,1439,2,-87,772,1.6,10.4,29.2,4.14,109,-0.4,1.6,1.6,0.6,,,,,,
2026-08-25-F1,2026-08-25T21:05:43.830Z,-82,7,1,1440,2,-87,772,1.6,10.4,29.2,4.13,109,-0.9,1.6,1.6,0.6,,,,,,
2026-08-25-F1,2026-08-25T21:05:43.932Z,-82,7,1,1441,2,-87,772,1.6,10.4,29.2,4.14,109,-0.2,1.6,1.6,0.7,,,,,,
2026-08-25-F1,2026-08-25T21:05:44.035Z,-83,7,1,1442,2,-87,772,1.6,10.4,29.2,4.14,109,-0.7,1.7,1.6,0.6,,,,,,
2026-08-25-F1,2026-08-25T21:05:44.117Z,-82,7,1,1443,2,-86,772,1.6,10.4,29.2,4.14,109,0.6,1.6,1.6,0.6,,,,,,
2026-08-25-F1,2026-08-25T21:05:44.220Z,-82,7,1,1444,2,-87,772,1.6,10.4,29.2,4.14,109,-0.7,1.7,1.6,0.6,,,,,,
2026-08-25-F1,2026-08-25T21:05:44.322Z,-82,7,1,1445,2,-86,772,1.6,10.4,29.2,4.13,110,1.2,1.6,1.6,0.7,,,,,,
2026-08-25-F1,2026-08-25T21:05:44.425Z,-82,7,1,1446,2,-86,772,1.6,10.4,29.2,4.14,110,0.3,1.6,1.6,0.6,,,,,,
2026-08-25-F1,2026-08-25T21:05:44.527Z,-82,7,1,1447,2,-86,772,1.6,10.4,29.2,4.14,110,-0.2,1.6,1.6,0.6,,,,,,
2026-08-25-F1,2026-08-25T21:05:44.629Z,-82,7,1,1448,2,-86,772,1.6,10.4,29.2,4.14,110,0.0,1.6,1.6,0.6,,,,,,
2026-08-25-F1,2026-08-25T21:05:44.732Z,-82,7,1,1449,2,-86,772,1.6,10.4,29.2,4.14,110,0.1,1.6,1.6,0.6,,,,,,
2026-08-25-F1,2026-08-25T21:05:44.834Z,-83,7,1,1450,2,-86,772,1.6,10.4,29.2,4.14,110,-0.2,1.7,1.6,0.6,,,,,,
2026-08-25-F1,2026-08-25T21:05:44.936Z,-83,7,1,1451,2,-87,772,1.6,10.4,29.2,4.14,110,-0.5,1.6,1.6,0.6,,,,,,
2026-08-25-F1,2026-08-25T21:05:45.039Z,-83,7,1,1452,2,-87,772,1.6,10.4,29.2,4.14,110,-0.5,1.6,1.6,0.6,,,,,,
2026-08-25-F1,2026-08-25T21:05:45.121Z,-83,7,1,1453,2,-86,772,1.7,10.4,29.2,4.14,110,0.2,1.7,1.6,0.6,,,,,,
2026-08-25-F1,2026-08-25T21:05:45.224Z,-83,7,1,1454,2,-86,772,1.6,10.4,29.2,4.13,110,0.5,1.6,1.6,0.6,,,,,,
2026-08-25-F1,2026-08-25T21:05:45.327Z,-83,7,1,1455,2,-86,772,1.6,10.4,29.2,4.14,111,-0.1,1.6,1.6,0.6,,,,,,
2026-08-25-F1,2026-08-25T21:05:45.429Z,-83,7,1,1456,2,-87,772,1.6,10.4,29.2,4.14,111,-0.8,1.7,1.6,0.6,,,,,,
2026-08-25-F1,2026-08-25T21:05:45.531Z,-83,7,1,1457,2,-86,772,1.5,10.4,29.2,4.14,111,0.7,1.6,1.5,0.6,,,,,,
2026-08-25-F1,2026-08-25T21:05:45.634Z,-83,7,1,1458,2,-86,772,1.7,10.4,29.2,4.14,111,0.5,1.7,1.7,0.6,,,,,,
2026-08-25-F1,2026-08-25T21:05:45.736Z,-83,7,1,1459,2,-87,772,1.6,10.4,29.2,4.14,111,-0.2,1.6,1.6,0.6,,,,,,
2026-08-25-F1,2026-08-25T21:05:45.839Z,-83,7,1,1460,2,-86,772,1.6,10.4,29.2,4.14,111,0.1,1.7,1.6,0.6,,,,,,
2026-08-25-F1,2026-08-25T21:05:45.926Z,-83,7,1,1461,2,-86,772,1.6,10.4,29.2,4.14,111,0.4,1.6,1.6,0.6,,,,,,
2026-08-25-F1,2026-08-25T21:05:46.029Z,-83,7,1,1462,2,-86,772,1.7,10.4,29.2,4.14,111,-0.2,1.7,1.7,0.6,,,,,,
2026-08-25-F1,2026-08-25T21:05:46.131Z,-83,7,1,1463,2,-86,772,1.6,10.4,29.2,4.14,111,0.1,1.7,1.6,0.6,,,,,,
2026-08-25-F1,2026-08-25T21:05:46.234Z,-83,7,1,1464,2,-86,772,1.6,10.4,29.2,4.14,111,0.9,1.7,1.6,0.6,,,,,,
2026-08-25-F1,2026-08-25T21:05:46.336Z,-83,7,1,1465,2,-86,772,1.6,10.4,29.2,4.14,112,0.5,1.6,1.6,0.6,,,,,,
2026-08-25-F1,2026-08-25T21:05:46.439Z,-83,7,1,1466,2,-87,772,1.6,10.4,29.2,4.14,112,-1.5,1.7,1.6,0.6,,,,,,
2026-08-25-F1,2026-08-25T21:05:46.541Z,-83,7,1,1467,2,-87,772,1.6,10.4,29.2,4.14,112,-0.5,1.6,1.6,0.6,,,,,,
2026-08-25-F1,2026-08-25T21:05:46.624Z,-83,7,1,1468,2,-86,772,1.6,10.4,29.2,4.14,112,1.1,1.6,1.6,0.6,,,,,,
2026-08-25-F1,2026-08-25T21:05:46.726Z,-83,7,1,1469,2,-86,772,1.6,10.4,29.2,4.14,112,0.6,1.6,1.6,0.6,,,,,,
2026-08-25-F1,2026-08-25T21:05:46.829Z,-83,7,1,1470,2,-87,772,1.6,10.4,29.2,4.14,112,-0.6,1.6,1.6,0.6,,,,,,
2026-08-25-F1,2026-08-25T21:05:46.931Z,-83,7,1,1471,2,-87,772,1.6,10.4,29.2,4.14,112,-0.2,1.6,1.6,0.6,,,,,,
2026-08-25-F1,2026-08-25T21:05:47.034Z,-82,7,1,1472,2,-86,772,1.6,10.4,29.2,4.14,112,1.4,1.6,1.6,0.6,,,,,,
2026-08-25-F1,2026-08-25T21:05:47.012Z,-82,7,1,1473,2,-86,772,1.6,10.4,29.2,4.14,112,-0.3,1.7,1.6,0.6,,,,,,
2026-08-25-F1,2026-08-25T21:05:47.115Z,-82,7,1,1474,2,-86,772,1.6,10.4,29.2,4.14,112,0.7,1.6,1.6,0.6,,,,,,
2026-08-25-F1,2026-08-25T21:05:47.217Z,-83,7,1,1475,2,-86,772,1.6,10.4,29.2,4.14,113,0.7,1.6,1.6,0.7,,,,,,
2026-08-25-F1,2026-08-25T21:05:47.300Z,-83,7,1,1476,2,-86,772,1.6,10.4,29.2,4.14,113,1.3,1.6,1.6,0.6,,,,,,
2026-08-25-F1,2026-08-25T21:05:47.402Z,-83,7,1,1477,2,-86,772,1.6,10.4,29.2,4.14,113,0.2,1.6,1.6,0.6,,,,,,
2026-08-25-F1,2026-08-25T21:05:47.504Z,-83,7,1,1478,2,-86,772,1.6,10.4,29.2,4.13,113,-0.2,1.6,1.6,0.6,,,,,,
2026-08-25-F1,2026-08-25T21:05:47.606Z,-83,7,1,1479,2,-86,772,1.6,10.4,29.2,4.14,113,-1.0,1.6,1.6,0.6,,,,,,
2026-08-25-F1,2026-08-25T21:05:47.709Z,-83,7,1,1480,2,-86,772,1.6,10.4,29.2,4.14,113,-0.8,1.6,1.6,0.6,,,,,,
2026-08-25-F1,2026-08-25T21:05:47.811Z,-83,7,1,1481,2,-87,772,1.6,10.4,29.2,4.14,113,-1.0,1.6,1.6,0.6,,,,,,
2026-08-25-F1,2026-08-25T21:05:47.913Z,-83,7,1,1482,2,-86,772,1.5,10.4,29.2,4.14,113,-0.4,1.6,1.5,0.6,,,,,,
2026-08-25-F1,2026-08-25T21:05:48.016Z,-83,7,1,1483,2,-86,772,1.6,10.4,29.2,4.14,113,0.3,1.7,1.6,0.6,,,,,,
2026-08-25-F1,2026-08-25T21:05:48.119Z,-83,7,1,1484,2,-87,772,1.6,10.4,29.2,4.14,113,-0.9,1.6,1.6,0.6,,,,,,
2026-08-25-F1,2026-08-25T21:05:48.222Z,-83,7,1,1485,2,-87,772,1.6,10.4,29.2,4.14,114,-0.6,1.6,1.6,0.6,,,,,,
2026-08-25-F1,2026-08-25T21:05:48.305Z,-83,7,1,1486,2,-86,772,1.6,10.4,29.2,4.13,114,1.5,1.6,1.6,0.6,,,,,,
2026-08-25-F1,2026-08-25T21:05:48.408Z,-83,7,1,1487,2,-86,772,1.6,10.4,29.2,4.14,114,1.0,1.7,1.6,0.6,,,,,,
2026-08-25-F1,2026-08-25T21:05:48.512Z,-83,7,1,1488,2,-86,772,1.6,10.4,29.2,4.13,114,0.6,1.6,1.6,0.7,,,,,,
2026-08-25-F1,2026-08-25T21:05:48.615Z,-83,7,1,1489,2,-86,772,1.5,10.4,29.2,4.14,114,0.1,1.6,1.5,0.6,,,,,,
2026-08-25-F1,2026-08-25T21:05:48.719Z,-83,7,1,1490,2,-86,772,1.6,10.4,29.2,4.14,114,-1.3,1.6,1.6,0.7,,,,,,
2026-08-25-F1,2026-08-25T21:05:48.822Z,-83,7,1,1491,2,-86,772,1.6,10.4,29.2,4.14,114,0.9,1.6,1.6,0.6,,,,,,
2026-08-25-F1,2026-08-25T21:05:48.925Z,-84,7,1,1492,2,-86,772,1.6,10.4,29.2,4.14,114,-0.4,1.6,1.6,0.6,,,,,,
2026-08-25-F1,2026-08-25T21:05:49.133Z,-83,7,1,1494,2,-86,772,1.6,10.4,29.2,4.13,114,-0.1,1.6,1.6,0.7,,,,,,
2026-08-25-F1,2026-08-25T21:05:49.236Z,-83,7,1,1495,2,-86,772,1.6,10.4,29.2,4.14,115,0.2,1.6,1.6,0.6,,,,,,
2026-08-25-F1,2026-08-25T21:05:49.338Z,-83,7,1,1496,2,-86,772,1.6,10.4,29.2,4.14,115,-0.3,1.6,1.6,0.6,,,,,,
2026-08-25-F1,2026-08-25T21:05:49.441Z,-83,7,1,1497,2,-86,772,1.6,10.4,29.2,4.14,115,0.3,1.6,1.6,0.7,,,,,,
2026-08-25-F1,2026-08-25T21:05:49.544Z,-84,7,1,1498,2,-86,772,1.6,10.4,29.2,4.14,115,0.2,1.6,1.6,0.6,,,,,,
2026-08-25-F1,2026-08-25T21:05:49.646Z,-83,7,1,1499,2,-86,772,1.6,10.4,29.2,4.14,115,-0.1,1.6,1.6,0.6,,,,,,
2026-08-25-F1,2026-08-25T21:05:49.749Z,-84,7,1,1500,2,-86,772,1.6,10.4,29.2,4.14,115,-0.1,1.6,1.5,0.6,,,,,,
2026-08-25-F1,2026-08-25T21:05:49.832Z,-83,7,1,1501,2,-86,772,1.6,10.4,29.2,4.13,115,-0.5,1.6,1.6,0.6,,,,,,
2026-08-25-F1,2026-08-25T21:05:49.935Z,-83,7,1,1502,2,-86,772,1.6,10.4,29.2,4.14,115,0.3,1.6,1.6,0.6,,,,,,
2026-08-25-F1,2026-08-25T21:05:50.038Z,-83,7,1,1503,2,-86,772,1.6,10.4,29.2,4.13,115,0.1,1.6,1.6,0.6,,,,,,
2026-08-25-F1,2026-08-25T21:05:50.141Z,-83,7,1,1504,2,-86,772,1.7,10.4,29.2,4.14,115,0.7,1.7,1.6,0.6,,,,,,
2026-08-25-F1,2026-08-25T21:05:50.244Z,-83,7,1,1505,2,-86,772,1.7,10.4,29.2,4.14,116,0.4,1.7,1.6,0.6,,,,,,
2026-08-25-F1,2026-08-25T21:05:50.346Z,-83,7,1,1506,2,-86,772,1.5,10.4,29.2,4.14,116,0.3,1.6,1.5,0.6,,,,,,
2026-08-25-F1,2026-08-25T21:05:50.449Z,-83,7,1,1507,2,-86,772,1.7,10.4,29.2,4.14,116,-0.2,1.7,1.5,0.6,,,,,,
2026-08-25-F1,2026-08-25T21:05:50.552Z,-83,7,1,1508,2,-86,772,1.6,10.4,29.2,4.14,116,-0.1,1.6,1.6,0.7,,,,,,
2026-08-25-F1,2026-08-25T21:05:50.656Z,-83,7,1,1509,2,-86,772,1.6,10.4,29.2,4.14,116,-0.1,1.6,1.6,0.6,,,,,,
2026-08-25-F1,2026-08-25T21:05:50.758Z,-83,7,1,1510,2,-86,772,1.6,10.4,29.2,4.14,116,-1.1,1.6,1.6,0.6,,,,,,
2026-08-25-F1,2026-08-25T21:05:50.860Z,-83,7,1,1511,2,-86,772,1.6,10.4,29.2,4.14,116,-0.1,1.6,1.6,0.6,,,,,,
2026-08-25-F1,2026-08-25T21:05:50.963Z,-83,7,1,1512,2,-86,772,1.6,10.4,29.2,4.14,116,0.2,1.6,1.6,0.6,,,,,,
2026-08-25-F1,2026-08-25T21:05:51.066Z,-84,7,1,1513,2,-86,772,1.6,10.4,29.2,4.14,116,-0.1,1.6,1.6,0.6,,,,,,
2026-08-25-F1,2026-08-25T21:05:51.169Z,-83,7,1,1514,2,-86,772,1.7,10.4,29.2,4.13,116,-0.4,1.7,1.6,0.7,,,,,,
2026-08-25-F1,2026-08-25T21:05:51.251Z,-83,7,1,1515,2,-86,772,1.6,10.4,29.2,4.14,117,0.2,1.6,1.6,0.6,,,,,,
2026-08-25-F1,2026-08-25T21:05:51.354Z,-83,7,1,1516,2,-86,772,1.6,10.4,29.2,4.14,117,-0.2,1.6,1.6,0.6,,,,,,
2026-08-25-F1,2026-08-25T21:05:51.456Z,-83,7,1,1517,2,-86,772,1.6,10.4,29.2,4.14,117,0.2,1.6,1.6,0.6,,,,,,
2026-08-25-F1,2026-08-25T21:05:51.560Z,-84,7,1,1518,2,-86,772,1.6,10.4,29.2,4.14,117,-0.4,1.6,1.6,0.7,,,,,,
2026-08-25-F1,2026-08-25T21:05:51.663Z,-83,7,1,1519,2,-86,772,1.6,10.4,29.2,4.13,117,0.8,1.6,1.6,0.6,,,,,,
2026-08-25-F1,2026-08-25T21:05:51.766Z,-83,7,1,1520,2,-86,772,1.6,10.4,29.2,4.14,117,0.1,1.6,1.5,0.6,,,,,,
2026-08-25-F1,2026-08-25T21:05:51.869Z,-83,7,1,1521,2,-86,772,1.6,10.4,29.2,4.13,117,-0.7,1.6,1.6,0.7,,,,,,
2026-08-25-F1,2026-08-25T21:05:51.972Z,-83,7,1,1522,2,-87,772,1.6,10.4,29.2,4.14,117,-0.9,1.7,1.6,0.6,,,,,,
2026-08-25-F1,2026-08-25T21:05:52.075Z,-83,7,1,1523,2,-86,772,1.6,10.4,29.2,4.14,117,-0.4,1.6,1.6,0.6,,,,,,
2026-08-25-F1,2026-08-25T21:05:52.179Z,-83,7,1,1524,2,-87,772,1.6,10.4,29.2,4.14,117,-0.5,1.7,1.6,0.6,,,,,,
2026-08-25-F1,2026-08-25T21:05:52.282Z,-83,7,1,1525,2,-87,772,1.6,10.4,29.2,4.14,118,-0.4,1.6,1.6,0.6,,,,,,
2026-08-25-F1,2026-08-25T21:05:52.364Z,-83,7,1,1526,2,-86,772,1.6,10.4,29.2,4.14,118,0.5,1.6,1.6,0.6,,,,,,
2026-08-25-F1,2026-08-25T21:05:52.468Z,-84,7,1,1527,2,-87,772,1.7,10.4,29.2,4.14,118,-0.6,1.7,1.7,0.6,,,,,,
2026-08-25-F1,2026-08-25T21:05:52.571Z,-84,7,1,1528,2,-87,772,1.6,10.4,29.2,4.13,118,-0.5,1.6,1.6,0.6,,,,,,
2026-08-25-F1,2026-08-25T21:05:52.673Z,-83,7,1,1529,2,-87,772,1.6,10.4,29.2,4.14,118,-0.3,1.6,1.6,0.7,,,,,,
2026-08-25-F1,2026-08-25T21:05:52.776Z,-83,7,1,1530,2,-87,772,1.6,10.4,29.2,4.14,118,-0.5,1.6,1.6,0.6,,,,,,
2026-08-25-F1,2026-08-25T21:05:52.878Z,-83,7,1,1531,2,-87,772,1.6,10.4,29.2,4.14,118,-0.4,1.6,1.6,0.6,,,,,,
2026-08-25-F1,2026-08-25T21:05:52.980Z,-83,7,1,1532,2,-87,772,1.6,10.4,29.2,4.14,118,-0.1,1.6,1.6,0.6,,,,,,
2026-08-25-F1,2026-08-25T21:05:53.083Z,-84,7,1,1533,2,-87,772,1.6,10.4,29.2,4.13,118,0.1,1.6,1.6,0.6,,,,,,
2026-08-25-F1,2026-08-25T21:05:53.186Z,-83,7,1,1534,2,-87,772,1.6,10.4,29.2,4.14,118,-0.6,1.6,1.6,0.6,,,,,,
2026-08-25-F1,2026-08-25T21:05:53.289Z,-84,7,1,1535,2,-86,772,1.6,10.4,29.2,4.14,119,0.7,1.6,1.6,0.6,,,,,,
2026-08-25-F1,2026-08-25T21:05:53.391Z,-84,7,1,1536,2,-86,772,1.6,10.4,29.2,4.14,119,1.1,1.6,1.6,0.6,,,,,,
2026-08-25-F1,2026-08-25T21:05:53.494Z,-83,7,1,1537,2,-86,772,1.6,10.4,29.2,4.14,119,1.1,1.6,1.6,0.6,,,,,,
2026-08-25-F1,2026-08-25T21:05:53.576Z,-83,7,1,1538,2,-86,772,1.6,10.4,29.2,4.13,119,0.4,1.6,1.6,0.6,,,,,,
2026-08-25-F1,2026-08-25T21:05:53.679Z,-83,7,1,1539,2,-86,772,1.6,10.4,29.2,4.14,119,0.5,1.6,1.6,0.6,,,,,,
2026-08-25-F1,2026-08-25T21:05:53.782Z,-83,7,1,1540,2,-86,772,1.6,10.4,29.2,4.14,119,0.1,1.6,1.6,0.7,,,,,,
2026-08-25-F1,2026-08-25T21:05:53.885Z,-83,7,1,1541,2,-86,772,1.6,10.4,29.2,4.13,119,-0.1,1.6,1.6,0.6,,,,,,
2026-08-25-F1,2026-08-25T21:05:53.988Z,-83,7,1,1542,2,-86,772,1.5,10.4,29.2,4.14,119,-1.0,1.6,1.5,0.6,,,,,,
2026-08-25-F1,2026-08-25T21:05:54.091Z,-83,7,1,1543,2,-86,772,1.6,10.4,29.2,4.14,119,-0.3,1.6,1.6,0.6,,,,,,
2026-08-25-F1,2026-08-25T21:05:54.194Z,-83,7,1,1544,2,-86,772,1.7,10.4,29.2,4.14,119,0.5,1.7,1.7,0.6,,,,,,
2026-08-25-F1,2026-08-25T21:05:54.297Z,-83,7,1,1545,2,-86,772,1.6,10.4,29.2,4.14,120,0.9,1.6,1.6,0.7,,,,,,
2026-08-25-F1,2026-08-25T21:05:54.400Z,-83,7,1,1546,2,-86,772,1.7,10.4,29.2,4.14,120,0.9,1.7,1.5,0.6,,,,,,
2026-08-25-F1,2026-08-25T21:05:54.503Z,-83,7,1,1547,2,-86,772,1.7,10.4,29.2,4.13,120,-0.5,1.7,1.7,0.6,,,,,,
2026-08-25-F1,2026-08-25T21:05:54.585Z,-84,7,1,1548,2,-86,772,1.7,10.4,29.2,4.14,120,-0.4,1.7,1.6,0.6,,,,,,
2026-08-25-F1,2026-08-25T21:05:54.688Z,-84,7,1,1549,2,-86,772,1.6,10.4,29.2,4.14,120,-0.9,1.6,1.6,0.6,,,,,,
2026-08-25-F1,2026-08-25T21:05:54.790Z,-84,7,1,1550,2,-86,772,1.7,10.4,29.2,4.14,120,-0.6,1.7,1.6,0.6,,,,,,
2026-08-25-F1,2026-08-25T21:05:54.893Z,-84,7,1,1551,2,-87,772,1.6,10.4,29.2,4.14,120,-1.7,1.7,1.6,0.6,,,,,,
2026-08-25-F1,2026-08-25T21:05:54.995Z,-84,7,1,1552,2,-87,772,1.6,10.4,29.2,4.14,120,-1.0,1.6,1.6,0.6,,,,,,
2026-08-25-F1,2026-08-25T21:05:55.097Z,-84,7,1,1553,2,-87,772,1.6,10.4,29.2,4.14,120,-0.0,1.6,1.6,0.6,,,,,,
2026-08-25-F1,2026-08-25T21:05:55.200Z,-84,7,1,1554,2,-87,772,1.6,10.4,29.2,4.14,120,-0.9,1.6,1.6,0.6,,,,,,
2026-08-25-F1,2026-08-25T21:05:55.303Z,-84,7,1,1555,2,-87,772,1.6,10.4,29.2,4.14,121,0.0,1.6,1.6,0.6,,,,,,
2026-08-25-F1,2026-08-25T21:05:55.406Z,-84,7,1,1556,2,-87,772,1.6,10.4,29.2,4.13,121,-1.2,1.6,1.6,0.6,,,,,,
2026-08-25-F1,2026-08-25T21:05:55.509Z,-83,7,1,1557,2,-87,772,1.6,10.4,29.2,4.14,121,-0.7,1.7,1.6,0.6,,,,,,
2026-08-25-F1,2026-08-25T21:05:55.611Z,-83,7,1,1558,2,-87,772,1.6,10.4,29.2,4.14,121,0.2,1.6,1.6,0.6,,,,,,
2026-08-25-F1,2026-08-25T21:05:55.713Z,-83,7,1,1559,2,-87,772,1.5,10.4,29.2,4.14,121,0.2,1.6,1.5,0.6,,,,,,
2026-08-25-F1,2026-08-25T21:05:55.795Z,-83,7,1,1560,2,-87,772,1.5,10.4,29.2,4.14,121,0.1,1.6,1.5,0.6,,,,,,
2026-08-25-F1,2026-08-25T21:05:55.898Z,-84,7,1,1561,2,-86,772,1.7,10.4,29.2,4.13,121,1.3,1.7,1.7,0.7,,,,,,
2026-08-25-F1,2026-08-25T21:05:56.000Z,-83,7,1,1562,2,-86,772,1.5,10.4,29.2,4.14,121,1.0,1.6,1.5,0.6,,,,,,
2026-08-25-F1,2026-08-25T21:05:56.103Z,-83,7,1,1563,2,-86,772,1.6,10.4,29.2,4.14,121,1.4,1.6,1.6,0.6,,,,,,
2026-08-25-F1,2026-08-25T21:05:56.206Z,-83,7,1,1564,2,-86,772,1.6,10.4,29.2,4.14,121,-0.1,1.7,1.6,0.6,,,,,,
2026-08-25-F1,2026-08-25T21:05:56.308Z,-84,7,1,1565,2,-87,772,1.6,10.4,29.2,4.14,122,-0.5,1.6,1.6,0.6,,,,,,
2026-08-25-F1,2026-08-25T21:05:56.411Z,-84,7,1,1566,2,-87,772,1.7,10.4,29.2,4.14,122,-0.4,1.7,1.7,0.6,,,,,,
2026-08-25-F1,2026-08-25T21:05:56.513Z,-84,7,1,1567,2,-86,772,1.7,10.4,29.2,4.13,122,0.1,1.7,1.6,0.6,,,,,,
2026-08-25-F1,2026-08-25T21:05:56.616Z,-84,7,1,1568,2,-87,772,1.6,10.4,29.2,4.14,122,-0.2,1.7,1.6,0.6,,,,,,
2026-08-25-F1,2026-08-25T21:05:56.718Z,-83,7,1,1569,2,-87,772,1.6,10.4,29.2,4.14,122,-0.5,1.6,1.6,0.6,,,,,,
2026-08-25-F1,2026-08-25T21:05:56.825Z,-84,7,1,1570,2,-87,772,1.6,10.4,29.2,4.14,122,-0.6,1.6,1.6,0.6,,,,,,
2026-08-25-F1,2026-08-25T21:05:56.907Z,-83,7,1,1571,2,-86,772,1.7,10.4,29.2,4.14,122,0.5,1.7,1.7,0.6,,,,,,
2026-08-25-F1,2026-08-25T21:05:57.010Z,-83,7,1,1572,2,-86,772,1.6,10.4,29.2,4.13,122,1.0,1.6,1.6,0.6,,,,,,
2026-08-25-F1,2026-08-25T21:05:57.088Z,-83,7,1,1573,2,-86,772,1.6,10.4,29.2,4.14,122,0.2,1.6,1.6,0.6,,,,,,
2026-08-25-F1,2026-08-25T21:05:57.191Z,-83,7,1,1574,2,-86,772,1.6,10.4,29.2,4.14,122,0.7,1.6,1.6,0.6,,,,,,
2026-08-25-F1,2026-08-25T21:05:57.294Z,-83,7,1,1575,2,-86,772,1.6,10.4,29.2,4.13,123,0.5,1.6,1.6,0.6,,,,,,
2026-08-25-F1,2026-08-25T21:05:57.396Z,-83,7,1,1576,2,-87,772,1.6,10.4,29.2,4.14,123,-0.7,1.6,1.6,0.6,,,,,,
2026-08-25-F1,2026-08-25T21:05:57.498Z,-83,7,1,1577,2,-87,772,1.6,10.4,29.2,4.14,123,-1.2,1.6,1.6,0.6,,,,,,
2026-08-25-F1,2026-08-25T21:05:57.580Z,-83,7,1,1578,2,-87,772,1.6,10.4,29.2,4.13,123,-0.8,1.6,1.5,0.6,,,,,,
2026-08-25-F1,2026-08-25T21:05:57.683Z,-84,7,1,1579,2,-87,772,1.6,10.4,29.2,4.14,123,-0.3,1.6,1.6,0.6,,,,,,
2026-08-25-F1,2026-08-25T21:05:57.785Z,-84,7,1,1580,2,-87,772,1.6,10.4,29.2,4.13,123,0.4,1.6,1.6,0.6,,,,,,
2026-08-25-F1,2026-08-25T21:05:57.887Z,-84,7,1,1581,2,-87,772,1.7,10.4,29.2,4.14,123,-0.1,1.7,1.6,0.6,,,,,,
2026-08-25-F1,2026-08-25T21:05:57.990Z,-83,7,1,1582,2,-87,772,1.6,10.4,29.2,4.14,123,0.4,1.6,1.6,0.6,,,,,,
2026-08-25-F1,2026-08-25T21:05:58.092Z,-84,7,1,1583,2,-87,772,1.6,10.4,29.2,4.14,123,0.2,1.6,1.6,0.7,,,,,,
2026-08-25-F1,2026-08-25T21:05:58.196Z,-84,7,1,1584,2,-87,772,1.6,10.4,29.2,4.14,123,0.1,1.6,1.6,0.7,,,,,,
2026-08-25-F1,2026-08-25T21:05:58.299Z,-83,7,1,1585,2,-86,772,1.6,10.4,29.2,4.14,124,0.4,1.6,1.6,0.6,,,,,,
2026-08-25-F1,2026-08-25T21:05:58.402Z,-84,7,1,1586,2,-87,772,1.6,10.4,29.2,4.14,124,-0.6,1.6,1.6,0.6,,,,,,
2026-08-25-F1,2026-08-25T21:05:58.484Z,-84,7,1,1587,2,-87,772,1.6,10.4,29.2,4.13,124,-0.3,1.6,1.6,0.6,,,,,,
2026-08-25-F1,2026-08-25T21:05:58.587Z,-84,7,1,1588,2,-87,772,1.6,10.4,29.2,4.14,124,-0.1,1.6,1.6,0.6,,,,,,
2026-08-25-F1,2026-08-25T21:05:58.690Z,-84,7,1,1589,2,-87,772,1.6,10.4,29.2,4.14,124,0.2,1.7,1.6,0.6,,,,,,
2026-08-25-F1,2026-08-25T21:05:58.793Z,-84,7,1,1590,2,-87,772,1.6,10.4,29.2,4.14,124,-0.0,1.6,1.6,0.6,,,,,,
2026-08-25-F1,2026-08-25T21:05:58.896Z,-84,7,1,1591,2,-86,772,1.6,10.4,29.2,4.14,124,0.7,1.6,1.6,0.6,,,,,,
2026-08-25-F1,2026-08-25T21:05:58.998Z,-84,7,1,1592,2,-86,772,1.6,10.4,29.2,4.14,124,0.4,1.7,1.6,0.6,,,,,,
2026-08-25-F1,2026-08-25T21:05:59.203Z,-84,7,1,1594,2,-86,772,1.6,10.4,29.2,4.14,124,0.1,1.6,1.6,0.7,,,,,,
2026-08-25-F1,2026-08-25T21:05:59.305Z,-84,7,1,1595,2,-86,772,1.6,10.4,29.2,4.13,125,-0.1,1.7,1.6,0.7,,,,,,
2026-08-25-F1,2026-08-25T21:05:59.408Z,-84,7,1,1596,2,-87,772,1.6,10.4,29.2,4.14,125,-1.3,1.6,1.6,0.6,,,,,,
2026-08-25-F1,2026-08-25T21:05:59.491Z,-84,7,1,1597,2,-87,772,1.7,10.4,29.2,4.13,125,-1.3,1.7,1.6,0.7,,,,,,
2026-08-25-F1,2026-08-25T21:05:59.594Z,-84,7,1,1598,2,-87,772,1.6,10.4,29.2,4.14,125,0.1,1.6,1.6,0.6,,,,,,
2026-08-25-F1,2026-08-25T21:05:59.696Z,-84,7,1,1599,2,-87,772,1.7,10.4,29.2,4.14,125,-0.5,1.7,1.6,0.6,,,,,,
2026-08-25-F1,2026-08-25T21:05:59.799Z,-84,7,1,1600,2,-86,772,1.6,10.4,29.2,4.14,125,1.3,1.6,1.6,0.6,,,,,,
2026-08-25-F1,2026-08-25T21:05:59.902Z,-84,7,1,1601,2,-86,772,1.6,10.4,29.2,4.14,125,1.0,1.6,1.6,0.7,,,,,,
2026-08-25-F1,2026-08-25T21:06:00.004Z,-84,7,1,1602,2,-86,772,1.6,10.4,29.2,4.14,125,0.5,1.6,1.6,0.6,,,,,,
2026-08-25-F1,2026-08-25T21:06:00.112Z,-84,7,1,1603,2,-86,772,1.6,10.4,29.2,4.14,125,0.2,1.6,1.6,0.7,,,,,,
2026-08-25-F1,2026-08-25T21:06:00.215Z,-83,7,1,1604,2,-87,772,1.6,10.4,29.2,4.13,125,-0.8,1.7,1.6,0.6,,,,,,
2026-08-25-F1,2026-08-25T21:06:00.297Z,-84,7,1,1605,2,-86,772,1.6,10.4,29.2,4.14,126,-0.1,1.7,1.6,0.6,,,,,,
2026-08-25-F1,2026-08-25T21:06:00.400Z,-84,7,1,1606,2,-86,772,1.6,10.4,29.2,4.14,126,1.0,1.7,1.6,0.6,,,,,,
2026-08-25-F1,2026-08-25T21:06:00.503Z,-84,7,1,1607,2,-86,772,1.6,10.4,29.2,4.14,126,0.1,1.6,1.6,0.7,,,,,,
2026-08-25-F1,2026-08-25T21:06:00.605Z,-85,7,1,1608,2,-86,772,1.7,10.4,29.2,4.14,126,0.5,1.7,1.7,0.6,,,,,,
2026-08-25-F1,2026-08-25T21:06:00.708Z,-84,7,1,1609,2,-86,772,1.6,10.4,29.2,4.13,126,-0.9,1.6,1.6,0.6,,,,,,
2026-08-25-F1,2026-08-25T21:06:00.811Z,-84,7,1,1610,2,-87,772,1.6,10.4,29.2,4.13,126,-1.7,1.6,1.6,0.6,,,,,,
2026-08-25-F1,2026-08-25T21:06:00.913Z,-83,7,1,1611,2,-87,772,1.6,10.4,29.2,4.14,126,-0.4,1.6,1.6,0.6,,,,,,
2026-08-25-F1,2026-08-25T21:06:01.016Z,-84,7,1,1612,2,-86,772,1.6,10.4,29.2,4.14,126,1.5,1.6,1.6,0.6,,,,,,
2026-08-25-F1,2026-08-25T21:06:01.119Z,-83,7,1,1613,2,-86,772,1.6,10.4,29.2,4.14,126,1.4,1.6,1.6,0.6,,,,,,
2026-08-25-F1,2026-08-25T21:06:01.222Z,-83,7,1,1614,2,-86,772,1.6,10.4,29.2,4.14,126,0.7,1.6,1.6,0.6,,,,,,
2026-08-25-F1,2026-08-25T21:06:01.304Z,-84,7,1,1615,2,-86,772,1.6,10.4,29.2,4.14,127,-0.2,1.7,1.6,0.6,,,,,,
2026-08-25-F1,2026-08-25T21:06:01.407Z,-84,7,1,1616,2,-86,772,1.6,10.4,29.2,4.14,127,-0.2,1.6,1.6,0.6,,,,,,
2026-08-25-F1,2026-08-25T21:06:01.510Z,-84,7,1,1617,2,-86,772,1.6,10.4,29.2,4.14,127,0.1,1.6,1.6,0.6,,,,,,
2026-08-25-F1,2026-08-25T21:06:01.613Z,-84,7,1,1618,2,-86,772,1.6,10.4,29.2,4.14,127,-0.3,1.6,1.6,0.7,,,,,,
2026-08-25-F1,2026-08-25T21:06:01.715Z,-84,7,1,1619,2,-86,772,1.6,10.4,29.2,4.14,127,0.1,1.6,1.6,0.7,,,,,,
2026-08-25-F1,2026-08-25T21:06:01.818Z,-84,7,1,1620,2,-86,772,1.6,10.4,29.2,4.13,127,-0.7,1.6,1.6,0.7,,,,,,
2026-08-25-F1,2026-08-25T21:06:01.920Z,-84,7,1,1621,2,-86,772,1.6,10.4,29.2,4.14,127,-0.5,1.6,1.6,0.6,,,,,,
2026-08-25-F1,2026-08-25T21:06:02.023Z,-84,7,1,1622,2,-86,772,1.7,10.4,29.2,4.14,127,0.9,1.7,1.7,0.6,,,,,,
2026-08-25-F1,2026-08-25T21:06:02.126Z,-83,7,1,1623,2,-86,772,1.6,10.4,29.2,4.13,127,-0.4,1.6,1.6,0.6,,,,,,
2026-08-25-F1,2026-08-25T21:06:02.209Z,-83,7,1,1624,2,-86,772,1.6,10.4,29.2,4.14,127,0.4,1.6,1.6,0.6,,,,,,
2026-08-25-F1,2026-08-25T21:06:02.311Z,-84,7,1,1625,2,-86,772,1.6,10.4,29.2,4.13,128,0.3,1.6,1.6,0.6,,,,,,
2026-08-25-F1,2026-08-25T21:06:02.414Z,-84,7,1,1626,2,-86,772,1.6,10.4,29.2,4.13,128,-0.4,1.7,1.6,0.6,,,,,,
2026-08-25-F1,2026-08-25T21:06:02.517Z,-84,7,1,1627,2,-86,772,1.7,10.4,29.2,4.14,128,0.4,1.7,1.7,0.6,,,,,,
2026-08-25-F1,2026-08-25T21:06:02.619Z,-84,7,1,1628,2,-86,772,1.6,10.4,29.2,4.14,128,0.4,1.6,1.6,0.6,,,,,,
2026-08-25-F1,2026-08-25T21:06:02.722Z,-84,7,1,1629,2,-86,772,1.6,10.4,29.2,4.14,128,-0.4,1.7,1.6,0.6,,,,,,
2026-08-25-F1,2026-08-25T21:06:02.825Z,-84,7,1,1630,2,-86,772,1.6,10.4,29.2,4.14,128,1.6,1.7,1.6,0.6,,,,,,
2026-08-25-F1,2026-08-25T21:06:02.927Z,-84,7,1,1631,2,-86,772,1.6,10.4,29.2,4.14,128,0.8,1.6,1.6,0.6,,,,,,
2026-08-25-F1,2026-08-25T21:06:03.030Z,-83,7,1,1632,2,-86,772,1.7,10.4,29.2,4.14,128,0.3,1.7,1.6,0.6,,,,,,
2026-08-25-F1,2026-08-25T21:06:03.112Z,-83,7,1,1633,2,-86,772,1.6,10.4,29.2,4.14,128,-1.0,1.6,1.6,0.7,,,,,,
2026-08-25-F1,2026-08-25T21:06:03.215Z,-84,7,1,1634,2,-86,772,1.7,10.4,29.2,4.13,128,-1.0,1.7,1.6,0.6,,,,,,
2026-08-25-F1,2026-08-25T21:06:03.318Z,-84,7,1,1635,2,-86,772,1.6,10.4,29.2,4.14,129,-1.0,1.7,1.6,0.6,,,,,,
2026-08-25-F1,2026-08-25T21:06:03.423Z,-84,7,1,1636,2,-87,772,1.6,10.4,29.2,4.14,129,-1.1,1.7,1.6,0.6,,,,,,
2026-08-25-F1,2026-08-25T21:06:03.526Z,-84,7,1,1637,2,-86,772,1.6,10.4,29.2,4.14,129,0.0,1.6,1.6,0.6,,,,,,
2026-08-25-F1,2026-08-25T21:06:03.629Z,-84,7,1,1638,2,-87,772,1.6,10.4,29.2,4.14,129,-0.8,1.7,1.6,0.6,,,,,,
2026-08-25-F1,2026-08-25T21:06:03.731Z,-84,7,1,1639,2,-86,772,1.7,10.4,29.2,4.14,129,-0.2,1.7,1.6,0.6,,,,,,
2026-08-25-F1,2026-08-25T21:06:03.834Z,-84,7,1,1640,2,-86,772,1.5,10.4,29.2,4.14,129,0.7,1.6,1.5,0.7,,,,,,
2026-08-25-F1,2026-08-25T21:06:03.916Z,-84,7,1,1641,2,-86,772,1.6,10.4,29.2,4.14,129,-0.3,1.6,1.5,0.6,,,,,,
2026-08-25-F1,2026-08-25T21:06:04.019Z,-84,7,1,1642,2,-86,772,1.6,10.4,29.2,4.14,129,-0.4,1.7,1.6,0.6,,,,,,
2026-08-25-F1,2026-08-25T21:06:04.121Z,-84,7,1,1643,2,-86,772,1.7,10.4,29.2,4.14,129,-0.0,1.7,1.5,0.6,,,,,,
2026-08-25-F1,2026-08-25T21:06:04.224Z,-84,7,1,1644,2,-87,772,1.6,10.4,29.2,4.13,129,-0.8,1.6,1.6,0.6,,,,,,
2026-08-25-F1,2026-08-25T21:06:04.327Z,-85,7,1,1645,2,-86,772,1.6,10.4,29.2,4.14,130,0.3,1.6,1.6,0.7,,,,,,
2026-08-25-F1,2026-08-25T21:06:04.429Z,-84,7,1,1646,2,-86,772,1.6,10.4,29.2,4.13,130,0.0,1.6,1.6,0.6,,,,,,
2026-08-25-F1,2026-08-25T21:06:04.532Z,-84,7,1,1647,2,-87,772,1.6,10.4,29.2,4.13,130,-1.3,1.6,1.6,0.6,,,,,,
2026-08-25-F1,2026-08-25T21:06:04.635Z,-84,7,1,1648,2,-87,772,1.7,10.4,29.2,4.14,130,-0.1,1.7,1.6,0.6,,,,,,
2026-08-25-F1,2026-08-25T21:06:04.737Z,-84,7,1,1649,2,-86,772,1.7,10.4,29.2,4.14,130,-0.0,1.7,1.6,0.6,,,,,,
2026-08-25-F1,2026-08-25T21:06:04.819Z,-84,7,1,1650,2,-86,772,1.6,10.4,29.2,4.14,130,-0.0,1.7,1.6,0.6,,,,,,
2026-08-25-F1,2026-08-25T21:06:04.922Z,-84,7,1,1651,2,-86,772,1.6,10.4,29.2,4.14,130,0.2,1.6,1.6,0.6,,,,,,
2026-08-25-F1,2026-08-25T21:06:05.024Z,-84,7,1,1652,2,-87,772,1.6,10.4,29.2,4.14,130,-0.7,1.6,1.6,0.7,,,,,,
2026-08-25-F1,2026-08-25T21:06:05.127Z,-84,7,1,1653,2,-87,772,1.7,10.4,29.2,4.14,130,-0.6,1.7,1.7,0.6,,,,,,
2026-08-25-F1,2026-08-25T21:06:05.230Z,-84,7,1,1654,2,-86,772,1.6,10.4,29.2,4.14,130,0.6,1.6,1.6,0.7,,,,,,
2026-08-25-F1,2026-08-25T21:06:05.333Z,-84,7,1,1655,2,-86,772,1.6,10.4,29.2,4.13,131,0.2,1.6,1.6,0.7,,,,,,
2026-08-25-F1,2026-08-25T21:06:05.435Z,-84,7,1,1656,2,-86,772,1.6,10.4,29.2,4.14,131,1.1,1.6,1.6,0.7,,,,,,
2026-08-25-F1,2026-08-25T21:06:05.537Z,-84,7,1,1657,2,-86,772,1.6,10.4,29.2,4.13,131,1.4,1.6,1.6,0.6,,,,,,
2026-08-25-F1,2026-08-25T21:06:05.640Z,-84,7,1,1658,2,-86,772,1.6,10.4,29.2,4.14,131,-0.4,1.6,1.6,0.6,,,,,,
2026-08-25-F1,2026-08-25T21:06:05.742Z,-84,7,1,1659,2,-86,772,1.7,10.4,29.2,4.14,131,0.2,1.7,1.6,0.6,,,,,,
2026-08-25-F1,2026-08-25T21:06:05.825Z,-83,7,1,1660,2,-86,772,1.6,10.4,29.2,4.14,131,-1.1,1.6,1.6,0.7,,,,,,
2026-08-25-F1,2026-08-25T21:06:05.927Z,-84,7,1,1661,2,-86,772,1.6,10.4,29.2,4.14,131,-1.1,1.7,1.6,0.6,,,,,,
2026-08-25-F1,2026-08-25T21:06:06.030Z,-84,7,1,1662,2,-86,772,1.6,10.4,29.2,4.13,131,0.1,1.6,1.6,0.7,,,,,,
2026-08-25-F1,2026-08-25T21:06:06.132Z,-85,7,1,1663,2,-86,772,1.6,10.4,29.2,4.13,131,0.3,1.6,1.6,0.6,,,,,,
2026-08-25-F1,2026-08-25T21:06:06.235Z,-84,7,1,1664,2,-86,772,1.6,10.4,29.2,4.14,131,-0.2,1.7,1.6,0.7,,,,,,
2026-08-25-F1,2026-08-25T21:06:06.338Z,-84,7,1,1665,2,-87,772,1.6,10.4,29.2,4.13,132,-1.9,1.6,1.6,0.7,,,,,,
2026-08-25-F1,2026-08-25T21:06:06.440Z,-84,7,1,1666,2,-86,772,1.6,10.4,29.2,4.14,132,0.3,1.6,1.6,0.7,,,,,,
2026-08-25-F1,2026-08-25T21:06:06.542Z,-84,7,1,1667,2,-86,772,1.7,10.4,29.2,4.13,132,-0.2,1.7,1.6,0.6,,,,,,
2026-08-25-F1,2026-08-25T21:06:06.645Z,-84,7,1,1668,2,-86,772,1.6,10.4,29.2,4.14,132,0.6,1.6,1.6,0.6,,,,,,
2026-08-25-F1,2026-08-25T21:06:06.727Z,-84,7,1,1669,2,-86,772,1.6,10.4,29.2,4.13,132,0.1,1.6,1.6,0.6,,,,,,
2026-08-25-F1,2026-08-25T21:06:06.835Z,-84,7,1,1670,2,-86,772,1.7,10.4,29.2,4.14,132,-0.6,1.7,1.7,0.6,,,,,,
2026-08-25-F1,2026-08-25T21:06:06.938Z,-83,7,1,1671,2,-86,772,1.6,10.4,29.2,4.14,132,0.5,1.6,1.6,0.6,,,,,,
2026-08-25-F1,2026-08-25T21:06:07.051Z,-84,7,1,1672,2,-86,772,1.7,10.4,29.2,4.14,132,0.0,1.7,1.6,0.6,,,,,,
2026-08-25-F1,2026-08-25T21:06:07.153Z,-83,7,1,1673,2,-86,772,1.6,10.4,29.2,4.14,132,0.7,1.6,1.6,0.6,,,,,,
2026-08-25-F1,2026-08-25T21:06:07.256Z,-84,7,1,1674,2,-86,772,1.6,10.4,29.2,4.13,132,0.5,1.6,1.6,0.7,,,,,,
2026-08-25-F1,2026-08-25T21:06:07.339Z,-84,7,1,1675,2,-86,772,1.6,10.4,29.2,4.13,133,0.2,1.6,1.6,0.6,,,,,,
2026-08-25-F1,2026-08-25T21:06:07.441Z,-84,7,1,1676,2,-86,772,1.6,10.4,29.1,4.14,133,1.4,1.6,1.6,0.6,,,,,,
2026-08-25-F1,2026-08-25T21:06:07.543Z,-84,7,1,1677,2,-86,772,1.6,10.4,29.2,4.14,133,-0.4,1.7,1.6,0.6,,,,,,
2026-08-25-F1,2026-08-25T21:06:07.646Z,-84,7,1,1678,2,-86,772,1.6,10.4,29.2,4.14,133,-1.3,1.6,1.6,0.6,,,,,,
2026-08-25-F1,2026-08-25T21:06:07.748Z,-84,7,1,1679,2,-86,772,1.6,10.4,29.2,4.14,133,0.1,1.7,1.6,0.6,,,,,,
2026-08-25-F1,2026-08-25T21:06:07.850Z,-84,7,1,1680,2,-86,772,1.6,10.4,29.1,4.14,133,0.6,1.6,1.6,0.6,,,,,,
2026-08-25-F1,2026-08-25T21:06:07.952Z,-84,7,1,1681,2,-86,772,1.6,10.4,29.1,4.14,133,-0.7,1.6,1.6,0.6,,,,,,
2026-08-25-F1,2026-08-25T21:06:08.055Z,-84,7,1,1682,2,-86,772,1.6,10.4,29.2,4.14,133,-0.2,1.6,1.6,0.6,,,,,,
2026-08-25-F1,2026-08-25T21:06:08.157Z,-84,7,1,1683,2,-86,772,1.6,10.4,29.1,4.13,133,0.5,1.6,1.6,0.6,,,,,,
2026-08-25-F1,2026-08-25T21:06:08.240Z,-84,7,1,1684,2,-86,772,1.6,10.4,29.1,4.14,133,0.4,1.6,1.6,0.7,,,,,,
2026-08-25-F1,2026-08-25T21:06:08.342Z,-84,7,1,1685,2,-86,772,1.6,10.4,29.1,4.14,134,-0.2,1.6,1.6,0.7,,,,,,
2026-08-25-F1,2026-08-25T21:06:08.444Z,-83,7,1,1686,2,-86,772,1.6,10.4,29.1,4.13,134,1.4,1.7,1.6,0.7,,,,,,
2026-08-25-F1,2026-08-25T21:06:08.547Z,-84,7,1,1687,2,-86,772,1.6,10.4,29.1,4.13,134,0.6,1.6,1.6,0.6,,,,,,
2026-08-25-F1,2026-08-25T21:06:08.649Z,-84,7,1,1688,2,-86,772,1.7,10.4,29.1,4.14,134,-1.5,1.7,1.6,0.6,,,,,,
2026-08-25-F1,2026-08-25T21:06:08.751Z,-84,7,1,1689,2,-86,772,1.6,10.4,29.1,4.14,134,-1.3,1.7,1.6,0.7,,,,,,
2026-08-25-F1,2026-08-25T21:06:08.854Z,-84,7,1,1690,2,-86,772,1.6,10.4,29.1,4.14,134,-0.8,1.6,1.6,0.7,,,,,,
2026-08-25-F1,2026-08-25T21:06:08.957Z,-84,7,1,1691,2,-86,772,1.6,10.4,29.1,4.14,134,-0.2,1.6,1.6,0.6,,,,,,
2026-08-25-F1,2026-08-25T21:06:09.039Z,-84,7,1,1692,2,-86,772,1.7,10.4,29.1,4.13,134,0.5,1.7,1.7,0.6,,,,,,
2026-08-25-F1,2026-08-25T21:06:09.142Z,-84,7,1,1693,2,-86,772,1.6,10.4,29.1,4.14,134,0.0,1.6,1.6,0.6,,,,,,
2026-08-25-F1,2026-08-25T21:06:09.244Z,-84,7,1,1694,2,-87,772,1.6,10.4,29.1,4.13,134,-1.1,1.7,1.6,0.7,,,,,,
2026-08-25-F1,2026-08-25T21:06:09.347Z,-84,7,1,1695,2,-87,772,1.6,10.4,29.1,4.13,135,-0.5,1.6,1.6,0.7,,,,,,
2026-08-25-F1,2026-08-25T21:06:09.449Z,-84,7,1,1696,2,-86,772,1.7,10.4,29.1,4.14,135,0.3,1.7,1.7,0.6,,,,,,
2026-08-25-F1,2026-08-25T21:06:09.551Z,-84,7,1,1697,2,-87,772,1.6,10.4,29.1,4.14,135,-0.5,1.6,1.6,0.6,,,,,,
2026-08-25-F1,2026-08-25T21:06:09.654Z,-84,7,1,1698,2,-87,772,1.6,10.4,29.1,4.13,135,-0.4,1.6,1.6,0.6,,,,,,
2026-08-25-F1,2026-08-25T21:06:09.756Z,-84,7,1,1699,2,-86,772,1.6,10.4,29.1,4.14,135,0.4,1.6,1.6,0.7,,,,,,
2026-08-25-F1,2026-08-25T21:06:09.858Z,-84,7,1,1700,2,-86,772,1.7,10.4,29.1,4.14,135,0.3,1.7,1.7,0.6,,,,,,
2026-08-25-F1,2026-08-25T21:06:09.940Z,-84,7,1,1701,2,-87,772,1.6,10.4,29.1,4.14,135,-1.6,1.6,1.6,0.6,,,,,,
2026-08-25-F1,2026-08-25T21:06:10.043Z,-84,7,1,1702,2,-87,772,1.6,10.4,29.1,4.14,135,0.2,1.6,1.6,0.6,,,,,,
2026-08-25-F1,2026-08-25T21:06:10.145Z,-84,7,1,1703,2,-87,772,1.6,10.4,29.1,4.14,135,0.1,1.6,1.6,0.6,,,,,,
2026-08-25-F1,2026-08-25T21:06:10.248Z,-84,7,1,1704,2,-86,772,1.7,10.4,29.1,4.14,135,0.7,1.7,1.6,0.6,,,,,,
2026-08-25-F1,2026-08-25T21:06:10.350Z,-85,7,1,1705,2,-87,772,1.6,10.4,29.1,4.13,136,-0.3,1.7,1.6,0.6,,,,,,
2026-08-25-F1,2026-08-25T21:06:10.452Z,-84,7,1,1706,2,-87,772,1.5,10.4,29.1,4.14,136,-0.4,1.6,1.5,0.7,,,,,,
2026-08-25-F1,2026-08-25T21:06:10.555Z,-84,7,1,1707,2,-87,772,1.6,10.4,29.1,4.14,136,-0.1,1.6,1.6,0.6,,,,,,
2026-08-25-F1,2026-08-25T21:06:10.657Z,-84,7,1,1708,2,-86,772,1.6,10.4,29.1,4.13,136,0.3,1.6,1.6,0.7,,,,,,
2026-08-25-F1,2026-08-25T21:06:10.739Z,-84,7,1,1709,2,-86,772,1.6,10.4,29.1,4.14,136,1.1,1.6,1.6,0.6,,,,,,
2026-08-25-F1,2026-08-25T21:06:10.841Z,-84,7,1,1710,2,-87,772,1.6,10.4,29.1,4.14,136,-0.8,1.6,1.6,0.6,,,,,,
2026-08-25-F1,2026-08-25T21:06:10.944Z,-84,7,1,1711,2,-86,772,1.5,10.4,29.1,4.13,136,0.4,1.6,1.5,0.6,,,,,,
2026-08-25-F1,2026-08-25T21:06:11.046Z,-84,7,1,1712,2,-86,772,1.7,10.4,29.1,4.14,136,0.5,1.7,1.6,0.6,,,,,,
2026-08-25-F1,2026-08-25T21:06:11.148Z,-84,7,1,1713,2,-86,772,1.6,10.4,29.1,4.14,136,0.7,1.6,1.6,0.6,,,,,,
2026-08-25-F1,2026-08-25T21:06:11.252Z,-84,7,1,1714,2,-86,772,1.6,10.4,29.1,4.14,136,1.4,1.6,1.6,0.6,,,,,,
2026-08-25-F1,2026-08-25T21:06:11.354Z,-84,7,1,1715,2,-86,772,1.6,10.4,29.1,4.14,137,0.6,1.6,1.6,0.6,,,,,,
2026-08-25-F1,2026-08-25T21:06:11.457Z,-84,7,1,1716,2,-86,772,1.6,10.4,29.1,4.13,137,1.6,1.6,1.6,0.6,,,,,,
2026-08-25-F1,2026-08-25T21:06:11.559Z,-84,7,1,1717,2,-86,772,1.6,10.4,29.1,4.14,137,-0.1,1.6,1.6,0.6,,,,,,
2026-08-25-F1,2026-08-25T21:06:11.641Z,-83,7,1,1718,2,-86,772,1.6,10.4,29.1,4.14,137,-0.6,1.6,1.6,0.6,,,,,,
2026-08-25-F1,2026-08-25T21:06:11.743Z,-84,7,1,1719,2,-86,772,1.6,10.4,29.1,4.14,137,-0.1,1.7,1.6,0.6,,,,,,
2026-08-25-F1,2026-08-25T21:06:11.846Z,-84,7,1,1720,2,-86,772,1.7,10.4,29.1,4.14,137,-0.1,1.7,1.6,0.6,,,,,,
2026-08-25-F1,2026-08-25T21:06:11.948Z,-84,7,1,1721,2,-86,772,1.7,10.4,29.1,4.13,137,-0.0,1.7,1.6,0.6,,,,,,
2026-08-25-F1,2026-08-25T21:06:12.050Z,-84,7,1,1722,2,-86,772,1.7,10.4,29.1,4.13,137,-0.1,1.7,1.7,0.7,,,,,,
2026-08-25-F1,2026-08-25T21:06:12.152Z,-84,7,1,1723,2,-86,772,1.7,10.4,29.1,4.13,137,0.2,1.7,1.6,0.7,,,,,,
2026-08-25-F1,2026-08-25T21:06:12.255Z,-84,7,1,1724,2,-86,772,1.7,10.4,29.1,4.13,137,0.3,1.7,1.6,0.6,,,,,,
2026-08-25-F1,2026-08-25T21:06:12.343Z,-85,7,1,1725,2,-86,772,1.6,10.4,29.1,4.14,138,-0.6,1.6,1.6,0.6,,,,,,
2026-08-25-F1,2026-08-25T21:06:12.445Z,-85,7,1,1726,2,-86,772,1.6,10.4,29.1,4.13,138,-0.2,1.6,1.6,0.6,,,,,,
2026-08-25-F1,2026-08-25T21:06:12.548Z,-84,7,1,1727,2,-86,772,1.6,10.4,29.1,4.14,138,-0.5,1.6,1.6,0.6,,,,,,
2026-08-25-F1,2026-08-25T21:06:12.650Z,-84,7,1,1728,2,-87,772,1.6,10.4,29.1,4.14,138,-1.4,1.6,1.6,0.6,,,,,,
2026-08-25-F1,2026-08-25T21:06:12.752Z,-84,7,1,1729,2,-86,772,1.6,10.4,29.1,4.13,138,-0.3,1.6,1.6,0.6,,,,,,
2026-08-25-F1,2026-08-25T21:06:12.854Z,-84,7,1,1730,2,-87,772,1.6,10.4,29.1,4.13,138,-1.9,1.6,1.6,0.6,,,,,,
2026-08-25-F1,2026-08-25T21:06:12.957Z,-84,7,1,1731,2,-87,772,1.6,10.4,29.1,4.13,138,-0.9,1.6,1.6,0.6,,,,,,
2026-08-25-F1,2026-08-25T21:06:13.059Z,-84,7,1,1732,2,-86,772,1.7,10.4,29.1,4.13,138,0.4,1.7,1.6,0.6,,,,,,
2026-08-25-F1,2026-08-25T21:06:13.141Z,-84,7,1,1733,2,-87,772,1.6,10.4,29.1,4.13,138,-0.5,1.6,1.6,0.6,,,,,,
2026-08-25-F1,2026-08-25T21:06:13.244Z,-85,7,1,1734,2,-87,772,1.6,10.4,29.1,4.14,138,-0.5,1.6,1.6,0.6,,,,,,
2026-08-25-F1,2026-08-25T21:06:13.347Z,-84,7,1,1735,2,-87,772,1.6,10.4,29.1,4.14,139,-0.8,1.6,1.6,0.6,,,,,,
2026-08-25-F1,2026-08-25T21:06:13.450Z,-85,7,1,1736,2,-87,772,1.6,10.4,29.1,4.14,139,0.3,1.6,1.6,0.6,,,,,,
2026-08-25-F1,2026-08-25T21:06:13.552Z,-84,7,1,1737,2,-86,772,1.6,10.4,29.1,4.14,139,1.5,1.6,1.6,0.6,,,,,,
2026-08-25-F1,2026-08-25T21:06:13.655Z,-84,7,1,1738,2,-86,772,1.6,10.4,29.1,4.14,139,1.0,1.6,1.6,0.6,,,,,,
2026-08-25-F1,2026-08-25T21:06:13.757Z,-84,7,1,1739,2,-86,772,1.6,10.4,29.1,4.14,139,1.2,1.6,1.6,0.7,,,,,,
2026-08-25-F1,2026-08-25T21:06:13.859Z,-84,7,1,1740,2,-86,772,1.6,10.4,29.1,4.14,139,0.7,1.7,1.6,0.6,,,,,,
2026-08-25-F1,2026-08-25T21:06:13.941Z,-84,7,1,1741,2,-86,772,1.6,10.4,29.1,4.13,139,0.3,1.6,1.6,0.6,,,,,,
2026-08-25-F1,2026-08-25T21:06:14.044Z,-84,7,1,1742,2,-86,772,1.6,10.4,29.1,4.13,139,-0.1,1.6,1.6,0.6,,,,,,
2026-08-25-F1,2026-08-25T21:06:14.146Z,-85,7,1,1743,2,-86,772,1.6,10.4,29.1,4.13,139,-0.7,1.6,1.6,0.6,,,,,,
2026-08-25-F1,2026-08-25T21:06:14.249Z,-85,7,1,1744,2,-86,772,1.6,10.4,29.1,4.14,139,-0.7,1.6,1.6,0.6,,,,,,
2026-08-25-F1,2026-08-25T21:06:14.351Z,-84,7,1,1745,2,-86,772,1.6,10.4,29.1,4.13,140,0.9,1.6,1.5,0.7,,,,,,
2026-08-25-F1,2026-08-25T21:06:14.453Z,-85,7,1,1746,2,-86,772,1.6,10.4,29.1,4.14,140,-0.1,1.6,1.6,0.6,,,,,,
2026-08-25-F1,2026-08-25T21:06:14.556Z,-84,7,1,1747,2,-86,772,1.6,10.4,29.1,4.13,140,-0.1,1.7,1.6,0.6,,,,,,
2026-08-25-F1,2026-08-25T21:06:14.658Z,-84,7,1,1748,2,-86,772,1.6,10.4,29.1,4.14,140,0.2,1.7,1.6,0.6,,,,,,
2026-08-25-F1,2026-08-25T21:06:14.760Z,-84,7,1,1749,2,-86,772,1.6,10.4,29.1,4.14,140,0.1,1.7,1.6,0.6,,,,,,
2026-08-25-F1,2026-08-25T21:06:14.842Z,-85,7,1,1750,2,-86,772,1.7,10.4,29.1,4.13,140,-0.2,1.7,1.6,0.6,,,,,,
2026-08-25-F1,2026-08-25T21:06:14.945Z,-84,7,1,1751,2,-86,772,1.6,10.4,29.1,4.14,140,-1.1,1.6,1.6,0.6,,,,,,
2026-08-25-F1,2026-08-25T21:06:15.047Z,-84,7,1,1752,2,-86,772,1.6,10.4,29.1,4.13,140,0.9,1.6,1.6,0.6,,,,,,
2026-08-25-F1,2026-08-25T21:06:15.149Z,-85,7,1,1753,2,-86,772,1.7,10.4,29.1,4.14,140,0.3,1.7,1.6,0.7,,,,,,
2026-08-25-F1,2026-08-25T21:06:15.252Z,-85,7,1,1754,2,-86,772,1.6,10.4,29.1,4.14,140,0.6,1.6,1.6,0.7,,,,,,
2026-08-25-F1,2026-08-25T21:06:15.354Z,-84,7,1,1755,2,-86,772,1.6,10.4,29.1,4.14,141,0.5,1.6,1.6,0.7,,,,,,
2026-08-25-F1,2026-08-25T21:06:15.457Z,-84,7,1,1756,2,-86,772,1.6,10.4,29.1,4.13,141,0.3,1.6,1.6,0.6,,,,,,
2026-08-25-F1,2026-08-25T21:06:15.559Z,-85,7,1,1757,2,-86,772,1.6,10.4,29.1,4.14,141,0.3,1.7,1.6,0.6,,,,,,
2026-08-25-F1,2026-08-25T21:06:15.641Z,-84,7,1,1758,2,-86,772,1.6,10.4,29.1,4.13,141,0.7,1.6,1.6,0.6,,,,,,
2026-08-25-F1,2026-08-25T21:06:15.744Z,-84,7,1,1759,2,-86,772,1.6,10.4,29.1,4.14,141,0.8,1.6,1.6,0.6,,,,,,
2026-08-25-F1,2026-08-25T21:06:15.846Z,-85,7,1,1760,2,-86,772,1.6,10.4,29.1,4.13,141,-0.8,1.6,1.6,0.6,,,,,,
2026-08-25-F1,2026-08-25T21:06:15.948Z,-84,7,1,1761,2,-86,772,1.6,10.4,29.1,4.14,141,-0.8,1.6,1.6,0.6,,,,,,
2026-08-25-F1,2026-08-25T21:06:16.050Z,-85,7,1,1762,2,-86,772,1.6,10.4,29.1,4.14,141,-0.3,1.6,1.6,0.7,,,,,,
2026-08-25-F1,2026-08-25T21:06:16.153Z,-85,7,1,1763,2,-86,772,1.6,10.4,29.1,4.14,141,-0.8,1.6,1.6,0.6,,,,,,
2026-08-25-F1,2026-08-25T21:06:16.255Z,-85,7,1,1764,2,-87,772,1.6,10.4,29.1,4.13,141,-1.6,1.7,1.6,0.6,,,,,,
2026-08-25-F1,2026-08-25T21:06:16.358Z,-84,7,1,1765,2,-87,772,1.6,10.4,29.1,4.13,142,-0.9,1.6,1.6,0.6,,,,,,
2026-08-25-F1,2026-08-25T21:06:16.460Z,-84,7,1,1766,2,-87,772,1.7,10.4,29.1,4.14,142,-1.1,1.7,1.6,0.6,,,,,,
2026-08-25-F1,2026-08-25T21:06:16.542Z,-84,7,1,1767,2,-86,772,1.6,10.4,29.1,4.13,142,0.4,1.6,1.6,0.6,,,,,,
2026-08-25-F1,2026-08-25T21:06:16.644Z,-85,7,1,1768,2,-86,772,1.6,10.4,29.1,4.13,142,0.5,1.6,1.5,0.6,,,,,,
2026-08-25-F1,2026-08-25T21:06:16.747Z,-84,7,1,1769,2,-86,772,1.7,10.4,29.1,4.14,142,0.3,1.7,1.6,0.6,,,,,,
2026-08-25-F1,2026-08-25T21:06:16.849Z,-85,7,1,1770,2,-86,772,1.6,10.4,29.1,4.14,142,0.2,1.6,1.6,0.6,,,,,,
2026-08-25-F1,2026-08-25T21:06:16.951Z,-85,7,1,1771,2,-87,772,1.6,10.4,29.1,4.13,142,-0.8,1.6,1.6,0.6,,,,,,
2026-08-25-F1,2026-08-25T21:06:17.054Z,-85,7,1,1772,2,-87,772,1.6,10.4,29.1,4.13,142,-0.7,1.6,1.6,0.6,,,,,,
2026-08-25-F1,2026-08-25T21:06:17.156Z,-84,7,1,1773,2,-86,772,1.6,10.4,29.1,4.14,142,0.8,1.6,1.6,0.6,,,,,,
2026-08-25-F1,2026-08-25T21:06:17.259Z,-84,7,1,1774,2,-86,772,1.6,10.4,29.1,4.14,142,1.0,1.7,1.6,0.6,,,,,,
2026-08-25-F1,2026-08-25T21:06:17.361Z,-84,7,1,1775,2,-86,772,1.6,10.4,29.1,4.13,143,0.1,1.6,1.6,0.6,,,,,,
2026-08-25-F1,2026-08-25T21:06:17.443Z,-84,7,1,1776,2,-86,772,1.6,10.4,29.1,4.14,143,0.2,1.7,1.6,0.6,,,,,,
2026-08-25-F1,2026-08-25T21:06:17.545Z,-84,7,1,1777,2,-86,772,1.6,10.4,29.1,4.14,143,0.4,1.6,1.6,0.6,,,,,,
2026-08-25-F1,2026-08-25T21:06:17.647Z,-84,7,1,1778,2,-86,772,1.7,10.4,29.1,4.14,143,-0.6,1.7,1.6,0.6,,,,,,
2026-08-25-F1,2026-08-25T21:06:17.750Z,-84,7,1,1779,2,-86,772,1.6,10.4,29.1,4.13,143,-0.4,1.6,1.6,0.7,,,,,,
2026-08-25-F1,2026-08-25T21:06:17.852Z,-84,7,1,1780,2,-86,772,1.6,10.4,29.1,4.14,143,-0.1,1.6,1.6,0.6,,,,,,
2026-08-25-F1,2026-08-25T21:06:17.954Z,-84,7,1,1781,2,-86,772,1.6,10.4,29.1,4.14,143,0.4,1.6,1.5,0.6,,,,,,
2026-08-25-F1,2026-08-25T21:06:18.056Z,-84,7,1,1782,2,-86,772,1.6,10.4,29.1,4.14,143,0.9,1.6,1.6,0.6,,,,,,
2026-08-25-F1,2026-08-25T21:06:18.159Z,-84,7,1,1783,2,-87,772,1.7,10.4,29.1,4.14,143,-1.1,1.7,1.7,0.6,,,,,,
2026-08-25-F1,2026-08-25T21:06:18.261Z,-84,7,1,1784,2,-86,772,1.6,10.4,29.1,4.14,143,-0.7,1.6,1.6,0.6,,,,,,
2026-08-25-F1,2026-08-25T21:06:18.344Z,-84,7,1,1785,2,-86,772,1.5,10.4,29.1,4.14,144,0.5,1.6,1.5,0.6,,,,,,
2026-08-25-F1,2026-08-25T21:06:18.446Z,-85,7,1,1786,2,-86,772,1.6,10.4,29.1,4.14,144,0.4,1.6,1.6,0.6,,,,,,
2026-08-25-F1,2026-08-25T21:06:18.548Z,-84,7,1,1787,2,-86,772,1.6,10.4,29.1,4.14,144,-0.3,1.6,1.6,0.6,,,,,,
2026-08-25-F1,2026-08-25T21:06:18.650Z,-84,7,1,1788,2,-87,772,1.6,10.4,29.1,4.13,144,-0.9,1.7,1.6,0.6,,,,,,
2026-08-25-F1,2026-08-25T21:06:18.753Z,-84,7,1,1789,2,-87,772,1.6,10.4,29.1,4.13,144,-0.6,1.7,1.6,0.6,,,,,,
2026-08-25-F1,2026-08-25T21:06:18.855Z,-84,7,1,1790,2,-86,772,1.6,10.4,29.1,4.14,144,-0.0,1.6,1.6,0.6,,,,,,
2026-08-25-F1,2026-08-25T21:06:18.961Z,-84,7,1,1791,2,-86,772,1.6,10.4,29.1,4.14,144,0.5,1.6,1.6,0.6,,,,,,
2026-08-25-F1,2026-08-25T21:06:19.043Z,-84,7,1,1792,2,-86,772,1.6,10.4,29.1,4.14,144,0.3,1.7,1.6,0.6,,,,,,
2026-08-25-F1,2026-08-25T21:06:19.146Z,-84,7,1,1793,2,-86,772,1.6,10.4,29.1,4.14,144,0.7,1.6,1.6,0.6,,,,,,
2026-08-25-F1,2026-08-25T21:06:19.248Z,-84,7,1,1794,2,-86,772,1.6,10.4,29.1,4.13,144,0.4,1.6,1.6,0.6,,,,,,
2026-08-25-F1,2026-08-25T21:06:19.351Z,-84,7,1,1795,2,-86,772,1.6,10.4,29.1,4.13,145,-0.8,1.7,1.6,0.6,,,,,,
2026-08-25-F1,2026-08-25T21:06:19.453Z,-84,7,1,1796,2,-86,772,1.7,10.4,29.1,4.13,145,-0.1,1.7,1.6,0.7,,,,,,
2026-08-25-F1,2026-08-25T21:06:19.555Z,-84,7,1,1797,2,-86,772,1.6,10.4,29.1,4.14,145,1.2,1.7,1.6,0.7,,,,,,
2026-08-25-F1,2026-08-25T21:06:19.657Z,-84,7,1,1798,2,-86,772,1.6,10.4,29.1,4.14,145,0.1,1.7,1.6,0.6,,,,,,
2026-08-25-F1,2026-08-25T21:06:19.760Z,-84,7,1,1799,2,-86,772,1.6,10.4,29.1,4.14,145,-0.0,1.6,1.6,0.6,,,,,,
2026-08-25-F1,2026-08-25T21:06:19.862Z,-84,7,1,1800,2,-86,772,1.6,10.4,29.1,4.13,145,-0.4,1.6,1.6,0.6,,,,,,
2026-08-25-F1,2026-08-25T21:06:19.944Z,-84,7,1,1801,2,-86,772,1.6,10.4,29.1,4.13,145,-0.3,1.6,1.6,0.6,,,,,,
2026-08-25-F1,2026-08-25T21:06:20.047Z,-84,7,1,1802,2,-86,772,1.6,10.4,29.1,4.13,145,-0.4,1.7,1.6,0.6,,,,,,
2026-08-25-F1,2026-08-25T21:06:20.149Z,-84,7,1,1803,2,-86,772,1.6,10.4,29.1,4.14,145,2.3,1.6,1.6,0.6,,,,,,
2026-08-25-F1,2026-08-25T21:06:20.251Z,-84,7,1,1804,2,-86,772,1.6,10.4,29.1,4.13,145,-0.1,1.6,1.6,0.6,,,,,,
2026-08-25-F1,2026-08-25T21:06:20.354Z,-84,7,1,1805,2,-86,772,1.6,10.4,29.1,4.13,146,-0.9,1.6,1.6,0.6,,,,,,
2026-08-25-F1,2026-08-25T21:06:20.456Z,-84,7,1,1806,2,-86,772,1.7,10.4,29.1,4.14,146,0.1,1.7,1.7,0.7,,,,,,
2026-08-25-F1,2026-08-25T21:06:20.559Z,-84,7,1,1807,2,-86,772,1.6,10.4,29.1,4.14,146,-0.5,1.6,1.6,0.6,,,,,,
2026-08-25-F1,2026-08-25T21:06:20.661Z,-85,7,1,1808,2,-86,772,1.6,10.4,29.1,4.14,146,0.2,1.6,1.5,0.7,,,,,,
2026-08-25-F1,2026-08-25T21:06:20.743Z,-84,7,1,1809,2,-86,772,1.6,10.4,29.1,4.14,146,-0.1,1.6,1.6,0.6,,,,,,
2026-08-25-F1,2026-08-25T21:06:20.845Z,-84,7,1,1810,2,-86,772,1.6,10.4,29.1,4.14,146,-0.9,1.6,1.6,0.6,,,,,,
2026-08-25-F1,2026-08-25T21:06:20.948Z,-84,7,1,1811,2,-86,772,1.6,10.4,29.1,4.13,146,-0.7,1.6,1.6,0.6,,,,,,
2026-08-25-F1,2026-08-25T21:06:21.050Z,-84,7,1,1812,2,-86,772,1.6,10.4,29.1,4.14,146,-0.3,1.6,1.6,0.6,,,,,,
2026-08-25-F1,2026-08-25T21:06:21.153Z,-84,7,1,1813,2,-86,772,1.6,10.4,29.1,4.13,146,-0.1,1.6,1.6,0.6,,,,,,
2026-08-25-F1,2026-08-25T21:06:21.255Z,-84,7,1,1814,2,-86,772,1.6,10.4,29.1,4.14,146,0.0,1.6,1.6,0.7,,,,,,
2026-08-25-F1,2026-08-25T21:06:21.358Z,-85,7,1,1815,2,-86,772,1.7,10.4,29.1,4.14,147,-0.3,1.7,1.7,0.6,,,,,,
2026-08-25-F1,2026-08-25T21:06:21.460Z,-84,7,1,1816,2,-86,772,1.6,10.4,29.1,4.14,147,0.6,1.6,1.6,0.6,,,,,,
2026-08-25-F1,2026-08-25T21:06:21.562Z,-84,7,1,1817,2,-86,772,1.6,10.4,29.1,4.14,147,1.3,1.6,1.6,0.6,,,,,,
2026-08-25-F1,2026-08-25T21:06:21.645Z,-84,7,1,1818,2,-86,772,1.6,10.4,29.1,4.14,147,0.9,1.6,1.6,0.6,,,,,,
2026-08-25-F1,2026-08-25T21:06:21.747Z,-84,7,1,1819,2,-86,772,1.6,10.4,29.1,4.14,147,0.1,1.6,1.6,0.6,,,,,,
2026-08-25-F1,2026-08-25T21:06:21.849Z,-84,7,1,1820,2,-86,772,1.6,10.4,29.1,4.13,147,-0.4,1.6,1.6,0.6,,,,,,
2026-08-25-F1,2026-08-25T21:06:21.951Z,-84,7,1,1821,2,-86,772,1.7,10.4,29.1,4.14,147,0.6,1.7,1.7,0.6,,,,,,
2026-08-25-F1,2026-08-25T21:06:22.054Z,-84,7,1,1822,2,-86,772,1.7,10.4,29.1,4.14,147,0.9,1.7,1.6,0.6,,,,,,
2026-08-25-F1,2026-08-25T21:06:22.156Z,-84,7,1,1823,2,-86,772,1.6,10.4,29.1,4.13,147,0.2,1.6,1.6,0.6,,,,,,
2026-08-25-F1,2026-08-25T21:06:22.258Z,-84,7,1,1824,2,-86,772,1.6,10.4,29.1,4.13,147,-0.0,1.6,1.6,0.7,,,,,,
2026-08-25-F1,2026-08-25T21:06:22.361Z,-84,7,1,1825,2,-86,772,1.6,10.4,29.1,4.14,148,1.4,1.6,1.6,0.6,,,,,,
2026-08-25-F1,2026-08-25T21:06:22.463Z,-85,7,1,1826,2,-86,772,1.7,10.4,29.1,4.14,148,-1.0,1.7,1.6,0.6,,,,,,
2026-08-25-F1,2026-08-25T21:06:22.545Z,-85,7,1,1827,2,-86,772,1.6,10.4,29.1,4.13,148,-1.2,1.6,1.6,0.6,,,,,,
2026-08-25-F1,2026-08-25T21:06:22.648Z,-84,7,1,1828,2,-86,772,1.6,10.4,29.1,4.14,148,-0.3,1.6,1.6,0.6,,,,,,
2026-08-25-F1,2026-08-25T21:06:22.750Z,-85,7,1,1829,2,-86,772,1.6,10.4,29.1,4.14,148,-0.9,1.7,1.6,0.7,,,,,,
2026-08-25-F1,2026-08-25T21:06:22.852Z,-85,7,1,1830,2,-86,772,1.6,10.4,29.1,4.14,148,0.4,1.6,1.6,0.7,,,,,,
2026-08-25-F1,2026-08-25T21:06:22.954Z,-84,7,1,1831,2,-86,772,1.6,10.4,29.1,4.13,148,-0.2,1.6,1.6,0.7,,,,,,
2026-08-25-F1,2026-08-25T21:06:23.057Z,-84,7,1,1832,2,-86,772,1.6,10.4,29.1,4.13,148,1.0,1.6,1.6,0.6,,,,,,
2026-08-25-F1,2026-08-25T21:06:23.159Z,-84,7,1,1833,2,-86,772,1.6,10.4,29.1,4.13,148,0.3,1.6,1.6,0.6,,,,,,
2026-08-25-F1,2026-08-25T21:06:23.261Z,-85,7,1,1834,2,-86,772,1.6,10.4,29.1,4.13,148,-0.5,1.6,1.6,0.6,,,,,,
2026-08-25-F1,2026-08-25T21:06:23.364Z,-84,7,1,1835,2,-87,772,1.6,10.4,29.1,4.13,149,-1.7,1.6,1.6,0.6,,,,,,
2026-08-25-F1,2026-08-25T21:06:23.446Z,-84,7,1,1836,2,-86,772,1.6,10.4,29.1,4.13,149,0.2,1.6,1.6,0.7,,,,,,
2026-08-25-F1,2026-08-25T21:06:23.549Z,-84,7,1,1837,2,-86,772,1.6,10.4,29.1,4.14,149,-0.1,1.6,1.6,0.6,,,,,,
2026-08-25-F1,2026-08-25T21:06:23.651Z,-85,7,1,1838,2,-86,772,1.6,10.4,29.1,4.14,149,-0.1,1.6,1.6,0.6,,,,,,
2026-08-25-F1,2026-08-25T21:06:23.753Z,-84,7,1,1839,2,-86,772,1.7,10.4,29.1,4.14,149,0.1,1.7,1.7,0.6,,,,,,
2026-08-25-F1,2026-08-25T21:06:23.855Z,-85,7,1,1840,2,-86,772,1.6,10.4,29.1,4.13,149,0.3,1.6,1.6,0.6,,,,,,
2026-08-25-F1,2026-08-25T21:06:23.958Z,-84,7,1,1841,2,-86,772,1.6,10.4,29.1,4.14,149,0.6,1.7,1.6,0.6,,,,,,
2026-08-25-F1,2026-08-25T21:06:24.060Z,-85,7,1,1842,2,-86,772,1.7,10.4,29.1,4.14,149,-0.1,1.7,1.6,0.6,,,,,,
2026-08-25-F1,2026-08-25T21:06:24.162Z,-84,7,1,1843,2,-86,772,1.6,10.4,29.1,4.14,149,-0.4,1.6,1.6,0.7,,,,,,
2026-08-25-F1,2026-08-25T21:06:24.245Z,-84,7,1,1844,2,-86,772,1.6,10.4,29.1,4.14,149,0.8,1.6,1.6,0.7,,,,,,
2026-08-25-F1,2026-08-25T21:06:24.347Z,-85,7,1,1845,2,-86,772,1.6,10.4,29.1,4.13,150,0.7,1.7,1.6,0.7,,,,,,
2026-08-25-F1,2026-08-25T21:06:24.450Z,-84,7,1,1846,2,-86,772,1.6,10.4,29.1,4.14,150,-0.3,1.6,1.6,0.6,,,,,,
2026-08-25-F1,2026-08-25T21:06:24.552Z,-84,7,1,1847,2,-87,772,1.6,10.4,29.1,4.13,150,-1.1,1.6,1.5,0.6,,,,,,
2026-08-25-F1,2026-08-25T21:06:24.654Z,-84,7,1,1848,2,-86,772,1.6,10.4,29.1,4.13,150,1.0,1.6,1.5,0.6,,,,,,
2026-08-25-F1,2026-08-25T21:06:24.756Z,-85,7,1,1849,2,-86,772,1.6,10.4,29.1,4.14,150,0.2,1.6,1.6,0.7,,,,,,
2026-08-25-F1,2026-08-25T21:06:24.859Z,-84,7,1,1850,2,-86,772,1.6,10.4,29.1,4.13,150,0.2,1.7,1.6,0.6,,,,,,
2026-08-25-F1,2026-08-25T21:06:24.961Z,-85,7,1,1851,2,-86,772,1.6,10.4,29.1,4.13,150,0.3,1.6,1.6,0.6,,,,,,
2026-08-25-F1,2026-08-25T21:06:25.063Z,-84,7,1,1852,2,-86,772,1.6,10.4,29.1,4.14,150,-0.6,1.6,1.6,0.6,,,,,,
2026-08-25-F1,2026-08-25T21:06:25.145Z,-84,7,1,1853,2,-86,772,1.6,10.4,29.1,4.14,150,-0.3,1.6,1.6,0.7,,,,,,
2026-08-25-F1,2026-08-25T21:06:25.248Z,-84,7,1,1854,2,-86,772,1.6,10.4,29.1,4.13,150,-0.3,1.6,1.6,0.6,,,,,,
2026-08-25-F1,2026-08-25T21:06:25.351Z,-84,7,1,1855,2,-86,772,1.6,10.4,29.1,4.13,151,-0.3,1.6,1.6,0.6,,,,,,
2026-08-25-F1,2026-08-25T21:06:25.453Z,-84,7,1,1856,2,-86,772,1.6,10.4,29.1,4.14,151,-0.4,1.6,1.6,0.6,,,,,,
2026-08-25-F1,2026-08-25T21:06:25.560Z,-84,7,1,1857,2,-86,772,1.6,10.4,29.1,4.14,151,0.4,1.6,1.6,0.7,,,,,,
2026-08-25-F1,2026-08-25T21:06:25.663Z,-85,7,1,1858,2,-86,772,1.6,10.4,29.1,4.14,151,-0.1,1.6,1.6,0.6,,,,,,
2026-08-25-F1,2026-08-25T21:06:25.765Z,-84,7,1,1859,2,-86,772,1.6,10.4,29.1,4.14,151,0.7,1.6,1.6,0.6,,,,,,
2026-08-25-F1,2026-08-25T21:06:25.847Z,-84,7,1,1860,2,-86,772,1.6,10.4,29.1,4.13,151,0.6,1.6,1.6,0.6,,,,,,
2026-08-25-F1,2026-08-25T21:06:25.949Z,-84,7,1,1861,2,-86,772,1.6,10.4,29.1,4.14,151,0.0,1.6,1.6,0.6,,,,,,
2026-08-25-F1,2026-08-25T21:06:26.052Z,-84,7,1,1862,2,-86,772,1.6,10.4,29.1,4.13,151,0.3,1.6,1.6,0.6,,,,,,
2026-08-25-F1,2026-08-25T21:06:26.154Z,-85,7,1,1863,2,-86,772,1.6,10.4,29.1,4.14,151,0.1,1.6,1.6,0.6,,,,,,
2026-08-25-F1,2026-08-25T21:06:26.257Z,-84,7,1,1864,2,-86,772,1.6,10.4,29.1,4.13,151,0.1,1.6,1.6,0.6,,,,,,
2026-08-25-F1,2026-08-25T21:06:26.359Z,-85,7,1,1865,2,-87,772,1.6,10.4,29.1,4.14,152,-1.7,1.6,1.6,0.6,,,,,,
2026-08-25-F1,2026-08-25T21:06:26.462Z,-84,7,1,1866,2,-86,772,1.6,10.4,29.1,4.13,152,-0.5,1.7,1.6,0.6,,,,,,
2026-08-25-F1,2026-08-25T21:06:26.564Z,-84,7,1,1867,2,-86,772,1.7,10.4,29.1,4.14,152,-0.2,1.7,1.6,0.6,,,,,,
2026-08-25-F1,2026-08-25T21:06:26.646Z,-84,7,1,1868,2,-86,772,1.7,10.4,29.1,4.13,152,-0.1,1.7,1.6,0.6,,,,,,
2026-08-25-F1,2026-08-25T21:06:26.748Z,-84,7,1,1869,2,-86,772,1.6,10.4,29.1,4.14,152,0.3,1.6,1.5,0.6,,,,,,
2026-08-25-F1,2026-08-25T21:06:26.851Z,-84,7,1,1870,2,-86,772,1.6,10.4,29.1,4.14,152,-0.0,1.6,1.6,0.6,,,,,,
2026-08-25-F1,2026-08-25T21:06:26.953Z,-84,7,1,1871,2,-86,772,1.6,10.4,29.1,4.13,152,-0.6,1.6,1.6,0.6,,,,,,
2026-08-25-F1,2026-08-25T21:06:27.055Z,-84,7,1,1872,2,-87,772,1.7,10.4,29.1,4.13,152,-0.9,1.7,1.6,0.6,,,,,,
2026-08-25-F1,2026-08-25T21:06:27.038Z,-85,7,1,1873,2,-86,772,1.6,10.4,29.1,4.13,152,-0.5,1.6,1.6,0.6,,,,,,
2026-08-25-F1,2026-08-25T21:06:27.141Z,-84,7,1,1874,2,-86,772,1.5,10.4,29.1,4.13,152,-0.2,1.7,1.5,0.6,,,,,,
2026-08-25-F1,2026-08-25T21:06:27.243Z,-84,7,1,1875,2,-87,772,1.6,10.4,29.1,4.14,153,-0.8,1.6,1.6,0.7,,,,,,
2026-08-25-F1,2026-08-25T21:06:27.346Z,-84,7,1,1876,2,-86,772,1.6,10.4,29.1,4.14,153,0.5,1.7,1.6,0.6,,,,,,
2026-08-25-F1,2026-08-25T21:06:27.428Z,-84,7,1,1877,2,-86,772,1.6,10.4,29.1,4.14,153,0.6,1.7,1.6,0.7,,,,,,
2026-08-25-F1,2026-08-25T21:06:27.530Z,-84,7,1,1878,2,-86,772,1.6,10.4,29.1,4.13,153,0.4,1.6,1.6,0.6,,,,,,
2026-08-25-F1,2026-08-25T21:06:27.632Z,-84,7,1,1879,2,-86,772,1.6,10.4,29.1,4.13,153,-0.5,1.6,1.6,0.6,,,,,,
2026-08-25-F1,2026-08-25T21:06:27.735Z,-84,7,1,1880,2,-86,772,1.6,10.4,29.1,4.13,153,0.8,1.6,1.6,0.7,,,,,,
2026-08-25-F1,2026-08-25T21:06:27.837Z,-84,7,1,1881,2,-86,772,1.7,10.4,29.1,4.13,153,0.2,1.7,1.6,0.6,,,,,,
2026-08-25-F1,2026-08-25T21:06:27.939Z,-84,7,1,1882,2,-86,772,1.7,10.4,29.1,4.13,153,1.4,1.7,1.6,0.6,,,,,,
2026-08-25-F1,2026-08-25T21:06:28.042Z,-84,7,1,1883,2,-86,772,1.6,10.4,29.1,4.14,153,0.3,1.6,1.6,0.7,,,,,,
2026-08-25-F1,2026-08-25T21:06:28.145Z,-85,7,1,1884,2,-86,772,1.7,10.4,29.1,4.14,153,0.1,1.7,1.6,0.6,,,,,,
2026-08-25-F1,2026-08-25T21:06:28.249Z,-84,7,1,1885,2,-86,772,1.6,10.4,29.1,4.13,154,-0.4,1.6,1.6,0.6,,,,,,
2026-08-25-F1,2026-08-25T21:06:28.332Z,-84,7,1,1886,2,-86,772,1.7,10.4,29.1,4.13,154,0.3,1.7,1.6,0.6,,,,,,
2026-08-25-F1,2026-08-25T21:06:28.435Z,-84,7,1,1887,2,-86,772,1.6,10.4,29.1,4.13,154,0.0,1.6,1.6,0.6,,,,,,
2026-08-25-F1,2026-08-25T21:06:28.539Z,-84,7,1,1888,2,-86,772,1.6,10.4,29.1,4.13,154,-1.1,1.6,1.6,0.6,,,,,,
2026-08-25-F1,2026-08-25T21:06:28.642Z,-84,7,1,1889,2,-86,772,1.6,10.4,29.1,4.13,154,0.6,1.6,1.6,0.6,,,,,,
2026-08-25-F1,2026-08-25T21:06:28.751Z,-84,7,1,1890,2,-86,772,1.6,10.4,29.1,4.14,154,-0.2,1.6,1.5,0.6,,,,,,
2026-08-25-F1,2026-08-25T21:06:28.854Z,-84,7,1,1891,2,-86,772,1.6,10.4,29.1,4.13,154,0.0,1.6,1.6,0.7,,,,,,
2026-08-25-F1,2026-08-25T21:06:28.957Z,-85,7,1,1892,2,-86,772,1.6,10.4,29.1,4.14,154,-0.7,1.6,1.5,0.6,,,,,,
2026-08-25-F1,2026-08-25T21:06:29.060Z,-84,7,1,1893,2,-86,772,1.6,10.4,29.1,4.13,154,-0.0,1.6,1.5,0.6,,,,,,
2026-08-25-F1,2026-08-25T21:06:29.143Z,-84,7,1,1894,2,-86,772,1.6,10.4,29.1,4.13,154,-1.1,1.6,1.6,0.6,,,,,,
2026-08-25-F1,2026-08-25T21:06:29.246Z,-84,7,1,1895,2,-86,772,1.7,10.4,29.1,4.13,155,0.3,1.7,1.7,0.6,,,,,,
2026-08-25-F1,2026-08-25T21:06:29.349Z,-84,7,1,1896,2,-86,772,1.7,10.4,29.1,4.14,155,-0.5,1.7,1.6,0.6,,,,,,
2026-08-25-F1,2026-08-25T21:06:29.453Z,-84,7,1,1897,2,-86,772,1.6,10.4,29.1,4.14,155,0.1,1.6,1.6,0.6,,,,,,
2026-08-25-F1,2026-08-25T21:06:29.556Z,-84,7,1,1898,2,-86,772,1.6,10.4,29.1,4.14,155,0.3,1.6,1.6,0.6,,,,,,
2026-08-25-F1,2026-08-25T21:06:29.659Z,-84,7,1,1899,2,-86,772,1.6,10.4,29.1,4.13,155,-0.2,1.6,1.6,0.6,,,,,,
2026-08-25-F1,2026-08-25T21:06:29.763Z,-84,7,1,1900,2,-86,772,1.6,10.4,29.1,4.14,155,0.6,1.6,1.6,0.6,,,,,,
2026-08-25-F1,2026-08-25T21:06:29.866Z,-85,7,1,1901,2,-86,772,1.6,10.4,29.1,4.13,155,-0.3,1.6,1.6,0.6,,,,,,
2026-08-25-F1,2026-08-25T21:06:29.969Z,-86,7,1,1902,2,-86,772,1.6,10.4,29.1,4.13,155,0.1,1.6,1.6,0.6,,,,,,
2026-08-25-F1,2026-08-25T21:06:30.072Z,-84,7,1,1903,2,-86,772,1.6,10.4,29.1,4.14,155,0.2,1.7,1.6,0.6,,,,,,
2026-08-25-F1,2026-08-25T21:06:30.154Z,-84,7,1,1904,2,-86,772,1.6,10.4,29.1,4.13,155,0.0,1.7,1.6,0.6,,,,,,
2026-08-25-F1,2026-08-25T21:06:30.258Z,-84,7,1,1905,2,-86,772,1.7,10.4,29.1,4.14,156,-0.1,1.7,1.7,0.7,,,,,,
2026-08-25-F1,2026-08-25T21:06:30.360Z,-84,7,1,1906,2,-86,772,1.7,10.4,29.1,4.13,156,0.4,1.7,1.6,0.7,,,,,,
2026-08-25-F1,2026-08-25T21:06:30.463Z,-84,7,1,1907,2,-86,772,1.6,10.4,29.1,4.13,156,0.5,1.6,1.6,0.7,,,,,,
2026-08-25-F1,2026-08-25T21:06:30.566Z,-84,7,1,1908,2,-86,772,1.6,10.4,29.1,4.14,156,-0.9,1.6,1.6,0.6,,,,,,
2026-08-25-F1,2026-08-25T21:06:30.670Z,-83,7,1,1909,2,-86,772,1.6,10.4,29.1,4.14,156,-1.0,1.6,1.6,0.6,,,,,,
2026-08-25-F1,2026-08-25T21:06:30.773Z,-84,7,1,1910,2,-86,772,1.6,10.4,29.1,4.13,156,0.2,1.6,1.6,0.6,,,,,,
2026-08-25-F1,2026-08-25T21:06:30.876Z,-84,7,1,1911,2,-86,772,1.6,10.4,29.1,4.13,156,1.2,1.6,1.6,0.7,,,,,,
2026-08-25-F1,2026-08-25T21:06:30.982Z,-84,7,1,1912,2,-86,772,1.7,10.4,29.1,4.13,156,-0.1,1.7,1.6,0.6,,,,,,
2026-08-25-F1,2026-08-25T21:06:31.064Z,-84,7,1,1913,2,-86,772,1.6,10.4,29.1,4.14,156,-0.6,1.6,1.6,0.6,,,,,,
2026-08-25-F1,2026-08-25T21:06:31.167Z,-84,7,1,1914,2,-86,772,1.6,10.4,29.1,4.14,156,-0.1,1.6,1.6,0.6,,,,,,
2026-08-25-F1,2026-08-25T21:06:31.271Z,-84,7,1,1915,2,-86,772,1.6,10.4,29.1,4.13,157,-0.7,1.6,1.6,0.6,,,,,,
2026-08-25-F1,2026-08-25T21:06:31.374Z,-84,7,1,1916,2,-86,772,1.6,10.4,29.1,4.13,157,-0.7,1.6,1.6,0.6,,,,,,
2026-08-25-F1,2026-08-25T21:06:31.477Z,-84,7,1,1917,2,-87,772,1.6,10.4,29.1,4.14,157,-1.0,1.7,1.6,0.6,,,,,,
2026-08-25-F1,2026-08-25T21:06:31.580Z,-84,7,1,1918,2,-86,772,1.7,10.4,29.1,4.13,157,-0.2,1.7,1.6,0.6,,,,,,
2026-08-25-F1,2026-08-25T21:06:31.683Z,-84,7,1,1919,2,-86,772,1.7,10.4,29.1,4.14,157,0.7,1.7,1.6,0.6,,,,,,
2026-08-25-F1,2026-08-25T21:06:31.786Z,-84,7,1,1920,2,-86,772,1.6,10.4,29.1,4.14,157,-0.4,1.7,1.6,0.6,,,,,,
2026-08-25-F1,2026-08-25T21:06:31.889Z,-84,7,1,1921,2,-87,772,1.6,10.4,29.1,4.13,157,-1.0,1.6,1.6,0.7,,,,,,
2026-08-25-F1,2026-08-25T21:06:31.991Z,-84,7,1,1922,2,-86,772,1.6,10.4,29.1,4.13,157,0.5,1.6,1.6,0.6,,,,,,
2026-08-25-F1,2026-08-25T21:06:32.074Z,-84,7,1,1923,2,-86,772,1.6,10.4,29.1,4.13,157,0.4,1.6,1.5,0.6,,,,,,
2026-08-25-F1,2026-08-25T21:06:32.177Z,-84,7,1,1924,2,-86,772,1.7,10.4,29.1,4.13,157,-0.4,1.7,1.7,0.6,,,,,,
2026-08-25-F1,2026-08-25T21:06:32.280Z,-84,7,1,1925,2,-86,772,1.6,10.4,29.1,4.13,158,0.0,1.6,1.6,0.6,,,,,,
2026-08-25-F1,2026-08-25T21:06:32.383Z,-85,7,1,1926,2,-86,772,1.6,10.4,29.1,4.13,158,0.7,1.6,1.6,0.6,,,,,,
2026-08-25-F1,2026-08-25T21:06:32.486Z,-85,7,1,1927,2,-86,772,1.6,10.4,29.1,4.14,158,-0.1,1.6,1.6,0.6,,,,,,
2026-08-25-F1,2026-08-25T21:06:32.589Z,-84,7,1,1928,2,-86,772,1.6,10.4,29.1,4.14,158,-0.3,1.6,1.6,0.7,,,,,,
2026-08-25-F1,2026-08-25T21:06:32.692Z,-84,7,1,1929,2,-86,772,1.6,10.4,29.1,4.14,158,0.2,1.6,1.6,0.6,,,,,,
2026-08-25-F1,2026-08-25T21:06:32.795Z,-84,7,1,1930,2,-86,772,1.6,10.4,29.1,4.13,158,0.5,1.6,1.6,0.6,,,,,,
2026-08-25-F1,2026-08-25T21:06:32.898Z,-84,7,1,1931,2,-86,772,1.7,10.4,29.1,4.13,158,0.4,1.7,1.6,0.6,,,,,,
2026-08-25-F1,2026-08-25T21:06:33.001Z,-84,7,1,1932,2,-86,772,1.6,10.4,29.1,4.13,158,0.8,1.7,1.6,0.7,,,,,,
2026-08-25-F1,2026-08-25T21:06:33.083Z,-84,7,1,1933,2,-86,772,1.6,10.4,29.1,4.14,158,0.8,1.6,1.6,0.6,,,,,,
2026-08-25-F1,2026-08-25T21:06:33.189Z,-83,7,1,1934,2,-86,772,1.6,10.4,29.1,4.14,158,0.8,1.6,1.6,0.6,,,,,,
2026-08-25-F1,2026-08-25T21:06:33.292Z,-84,7,1,1935,2,-86,772,1.6,10.4,29.1,4.13,159,-0.6,1.6,1.6,0.7,,,,,,
2026-08-25-F1,2026-08-25T21:06:33.395Z,-84,7,1,1936,2,-86,772,1.7,10.4,29.1,4.13,159,0.0,1.7,1.6,0.7,,,,,,
2026-08-25-F1,2026-08-25T21:06:33.498Z,-84,7,1,1937,2,-86,772,1.6,10.4,29.1,4.13,159,-0.8,1.6,1.6,0.6,,,,,,
2026-08-25-F1,2026-08-25T21:06:33.600Z,-84,7,1,1938,2,-87,772,1.7,10.4,29.1,4.13,159,-1.5,1.7,1.7,0.7,,,,,,
2026-08-25-F1,2026-08-25T21:06:33.703Z,-84,7,1,1939,2,-87,772,1.7,10.4,29.1,4.14,159,-1.0,1.7,1.6,0.6,,,,,,
2026-08-25-F1,2026-08-25T21:06:33.805Z,-84,7,1,1940,2,-86,772,1.7,10.4,29.1,4.14,159,0.0,1.7,1.6,0.6,,,,,,
2026-08-25-F1,2026-08-25T21:06:33.908Z,-83,7,1,1941,2,-86,772,1.6,10.4,29.1,4.13,159,1.1,1.6,1.6,0.6,,,,,,
2026-08-25-F1,2026-08-25T21:06:33.990Z,-83,7,1,1942,2,-86,772,1.6,10.4,29.1,4.13,159,0.6,1.6,1.6,0.6,,,,,,
2026-08-25-F1,2026-08-25T21:06:34.092Z,-83,7,1,1943,2,-86,772,1.7,10.4,29.1,4.14,159,0.8,1.7,1.5,0.7,,,,,,
2026-08-25-F1,2026-08-25T21:06:34.195Z,-83,7,1,1944,2,-86,772,1.6,10.4,29.1,4.13,159,-0.4,1.6,1.6,0.6,,,,,,
2026-08-25-F1,2026-08-25T21:06:34.299Z,-83,7,1,1945,2,-86,772,1.6,10.4,29.1,4.14,160,-0.7,1.6,1.6,0.6,,,,,,
2026-08-25-F1,2026-08-25T21:06:34.401Z,-84,7,1,1946,2,-86,772,1.6,10.4,29.1,4.14,160,-0.8,1.6,1.6,0.6,,,,,,
2026-08-25-F1,2026-08-25T21:06:34.504Z,-84,7,1,1947,2,-86,772,1.6,10.4,29.1,4.14,160,-0.8,1.6,1.6,0.6,,,,,,
2026-08-25-F1,2026-08-25T21:06:34.607Z,-83,7,1,1948,2,-86,772,1.6,10.4,29.1,4.13,160,0.0,1.6,1.6,0.6,,,,,,
2026-08-25-F1,2026-08-25T21:06:34.710Z,-84,7,1,1949,2,-86,772,1.7,10.4,29.1,4.13,160,-0.2,1.7,1.6,0.6,,,,,,
2026-08-25-F1,2026-08-25T21:06:34.812Z,-83,7,1,1950,2,-86,772,1.6,10.4,29.1,4.14,160,-0.4,1.6,1.6,0.6,,,,,,
2026-08-25-F1,2026-08-25T21:06:34.895Z,-83,7,1,1951,2,-86,772,1.6,10.4,29.1,4.13,160,-0.0,1.6,1.6,0.6,,,,,,
2026-08-25-F1,2026-08-25T21:06:34.997Z,-83,7,1,1952,2,-86,772,1.6,10.4,29.1,4.14,160,0.1,1.6,1.6,0.6,,,,,,
2026-08-25-F1,2026-08-25T21:06:35.100Z,-83,7,1,1953,2,-86,772,1.6,10.4,29.1,4.13,160,-0.3,1.6,1.6,0.6,,,,,,
2026-08-25-F1,2026-08-25T21:06:35.203Z,-83,7,1,1954,2,-86,772,1.6,10.4,29.1,4.13,160,-0.1,1.6,1.6,0.6,,,,,,
2026-08-25-F1,2026-08-25T21:06:35.306Z,-83,7,1,1955,2,-86,772,1.6,10.4,29.1,4.13,161,-0.8,1.6,1.6,0.7,,,,,,
2026-08-25-F1,2026-08-25T21:06:35.408Z,-84,7,1,1956,2,-87,772,1.6,10.4,29.1,4.13,161,-0.9,1.6,1.6,0.6,,,,,,
2026-08-25-F1,2026-08-25T21:06:35.511Z,-84,7,1,1957,2,-86,772,1.6,10.4,29.1,4.13,161,-0.4,1.6,1.5,0.6,,,,,,
2026-08-25-F1,2026-08-25T21:06:35.614Z,-84,7,1,1958,2,-87,772,1.6,10.4,29.1,4.13,161,-1.4,1.6,1.6,0.6,,,,,,
2026-08-25-F1,2026-08-25T21:06:35.716Z,-83,7,1,1959,2,-87,772,1.6,10.4,29.1,4.13,161,-0.9,1.6,1.6,0.7,,,,,,
2026-08-25-F1,2026-08-25T21:06:35.819Z,-84,7,1,1960,2,-86,772,1.6,10.4,29.1,4.14,161,0.6,1.7,1.6,0.6,,,,,,
2026-08-25-F1,2026-08-25T21:06:35.901Z,-84,7,1,1961,2,-86,772,1.6,10.4,29.1,4.14,161,0.4,1.6,1.6,0.6,,,,,,
2026-08-25-F1,2026-08-25T21:06:36.004Z,-84,7,1,1962,2,-87,772,1.7,10.4,29.1,4.13,161,-0.1,1.7,1.6,0.6,,,,,,
2026-08-25-F1,2026-08-25T21:06:36.106Z,-84,7,1,1963,2,-86,772,1.6,10.4,29.1,4.14,161,0.8,1.6,1.6,0.6,,,,,,
2026-08-25-F1,2026-08-25T21:06:36.209Z,-84,7,1,1964,2,-86,772,1.6,10.4,29.1,4.13,161,0.2,1.6,1.6,0.6,,,,,,
2026-08-25-F1,2026-08-25T21:06:36.312Z,-84,7,1,1965,2,-86,772,1.6,10.4,29.1,4.13,162,0.6,1.7,1.6,0.6,,,,,,
2026-08-25-F1,2026-08-25T21:06:36.421Z,-84,7,1,1966,2,-86,772,1.6,10.4,29.1,4.14,162,-0.5,1.6,1.6,0.6,,,,,,
2026-08-25-F1,2026-08-25T21:06:36.523Z,-84,7,1,1967,2,-86,772,1.7,10.4,29.1,4.14,162,-0.5,1.7,1.6,0.6,,,,,,
2026-08-25-F1,2026-08-25T21:06:36.605Z,-84,7,1,1968,2,-86,772,1.6,10.4,29.1,4.14,162,0.5,1.6,1.6,0.6,,,,,,
2026-08-25-F1,2026-08-25T21:06:36.708Z,-84,7,1,1969,2,-86,772,1.6,10.4,29.1,4.13,162,0.7,1.6,1.6,0.6,,,,,,
2026-08-25-F1,2026-08-25T21:06:36.810Z,-84,7,1,1970,2,-86,772,1.6,10.4,29.1,4.13,162,0.1,1.6,1.6,0.6,,,,,,
2026-08-25-F1,2026-08-25T21:06:36.913Z,-84,7,1,1971,2,-86,772,1.6,10.4,29.1,4.13,162,0.5,1.6,1.6,0.6,,,,,,
2026-08-25-F1,2026-08-25T21:06:37.015Z,-84,7,1,1972,2,-86,772,1.6,10.4,29.1,4.13,162,-0.0,1.6,1.6,0.6,,,,,,
2026-08-25-F1,2026-08-25T21:06:37.118Z,-84,7,1,1973,2,-86,772,1.6,10.4,29.1,4.14,162,-0.9,1.7,1.6,0.6,,,,,,
2026-08-25-F1,2026-08-25T21:06:37.220Z,-84,7,1,1974,2,-87,772,1.5,10.4,29.1,4.14,162,-0.7,1.6,1.5,0.6,,,,,,
2026-08-25-F1,2026-08-25T21:06:37.323Z,-84,7,1,1975,2,-87,772,1.7,10.4,29.1,4.13,163,-0.9,1.7,1.6,0.6,,,,,,
2026-08-25-F1,2026-08-25T21:06:37.425Z,-84,7,1,1976,2,-86,772,1.6,10.4,29.1,4.13,163,0.9,1.6,1.5,0.7,,,,,,
2026-08-25-F1,2026-08-25T21:06:37.527Z,-84,7,1,1977,2,-86,772,1.6,10.4,29.1,4.14,163,-0.4,1.6,1.6,0.6,,,,,,
2026-08-25-F1,2026-08-25T21:06:37.610Z,-84,7,1,1978,2,-86,772,1.6,10.4,29.1,4.13,163,0.5,1.6,1.6,0.6,,,,,,
2026-08-25-F1,2026-08-25T21:06:37.713Z,-84,7,1,1979,2,-86,772,1.7,10.4,29.1,4.13,163,0.4,1.7,1.6,0.6,,,,,,
2026-08-25-F1,2026-08-25T21:06:37.815Z,-84,7,1,1980,2,-86,772,1.6,10.4,29.1,4.14,163,0.0,1.6,1.6,0.6,,,,,,
2026-08-25-F1,2026-08-25T21:06:37.918Z,-84,7,1,1981,2,-86,772,1.6,10.4,29.1,4.13,163,-0.2,1.7,1.6,0.6,,,,,,
2026-08-25-F1,2026-08-25T21:06:38.020Z,-84,7,1,1982,2,-87,772,1.6,10.4,29.1,4.14,163,-0.7,1.6,1.6,0.7,,,,,,
2026-08-25-F1,2026-08-25T21:06:38.122Z,-83,7,1,1983,2,-86,772,1.6,10.4,29.1,4.13,163,-0.2,1.6,1.6,0.7,,,,,,
2026-08-25-F1,2026-08-25T21:06:38.225Z,-84,7,1,1984,2,-86,772,1.6,10.4,29.1,4.13,163,-0.3,1.6,1.6,0.6,,,,,,
2026-08-25-F1,2026-08-25T21:06:38.328Z,-83,7,1,1985,2,-86,772,1.6,10.4,29.1,4.13,164,0.2,1.6,1.6,0.6,,,,,,
2026-08-25-F1,2026-08-25T21:06:38.430Z,-84,7,1,1986,2,-86,772,1.6,10.4,29.1,4.13,164,0.0,1.6,1.6,0.7,,,,,,
2026-08-25-F1,2026-08-25T21:06:38.532Z,-83,7,1,1987,2,-86,772,1.6,10.4,29.1,4.13,164,0.9,1.7,1.6,0.6,,,,,,
2026-08-25-F1,2026-08-25T21:06:38.615Z,-84,7,1,1988,2,-86,772,1.6,10.4,29.1,4.13,164,0.8,1.6,1.6,0.6,,,,,,
2026-08-25-F1,2026-08-25T21:06:38.717Z,-84,7,1,1989,2,-86,772,1.6,10.4,29.1,4.13,164,-0.1,1.7,1.6,0.6,,,,,,
2026-08-25-F1,2026-08-25T21:06:38.820Z,-83,7,1,1990,2,-86,772,1.6,10.4,29.1,4.13,164,-0.8,1.6,1.6,0.6,,,,,,
2026-08-25-F1,2026-08-25T21:06:38.922Z,-83,7,1,1991,2,-86,772,1.6,10.4,29.1,4.13,164,-0.8,1.6,1.6,0.6,,,,,,
2026-08-25-F1,2026-08-25T21:06:39.025Z,-83,7,1,1992,2,-86,772,1.6,10.4,29.1,4.14,164,-0.3,1.6,1.6,0.7,,,,,,
2026-08-25-F1,2026-08-25T21:06:39.127Z,-83,7,1,1993,2,-87,772,1.6,10.4,29.1,4.14,164,-0.6,1.6,1.6,0.6,,,,,,
2026-08-25-F1,2026-08-25T21:06:39.230Z,-84,7,1,1994,2,-87,772,1.7,10.4,29.1,4.13,164,-0.6,1.7,1.5,0.6,,,,,,
2026-08-25-F1,2026-08-25T21:06:39.333Z,-83,7,1,1995,2,-86,772,1.6,10.4,29.1,4.13,165,0.0,1.6,1.5,0.6,,,,,,
2026-08-25-F1,2026-08-25T21:06:39.435Z,-84,7,1,1996,2,-86,772,1.6,10.4,29.1,4.13,165,1.3,1.6,1.6,0.6,,,,,,
2026-08-25-F1,2026-08-25T21:06:39.518Z,-83,7,1,1997,2,-86,772,1.6,10.4,29.1,4.13,165,-0.2,1.6,1.6,0.6,,,,,,
2026-08-25-F1,2026-08-25T21:06:39.620Z,-84,7,1,1998,2,-87,772,1.6,10.4,29.1,4.13,165,-1.2,1.6,1.6,0.6,,,,,,
2026-08-25-F1,2026-08-25T21:06:39.723Z,-84,7,1,1999,2,-86,772,1.6,10.4,29.1,4.14,165,0.3,1.6,1.6,0.6,,,,,,
2026-08-25-F1,2026-08-25T21:06:39.825Z,-84,7,1,2000,2,-86,772,1.6,10.4,29.1,4.13,165,0.1,1.6,1.6,0.7,,,,,,
2026-08-25-F1,2026-08-25T21:06:39.928Z,-84,7,1,2001,2,-86,772,1.6,10.4,29.1,4.13,165,0.5,1.8,1.6,0.7,,,,,,
2026-08-25-F1,2026-08-25T21:06:40.030Z,-84,7,1,2002,2,-86,772,1.6,10.4,29.1,4.13,165,0.3,1.6,1.6,0.6,,,,,,
2026-08-25-F1,2026-08-25T21:06:40.133Z,-84,7,1,2003,2,-86,772,1.6,10.4,29.1,4.14,165,0.7,1.6,1.6,0.6,,,,,,
2026-08-25-F1,2026-08-25T21:06:40.235Z,-84,7,1,2004,2,-86,772,1.7,10.4,29.1,4.13,165,0.9,1.7,1.6,0.6,,,,,,
2026-08-25-F1,2026-08-25T21:06:40.338Z,-84,7,1,2005,2,-86,772,1.6,10.4,29.1,4.14,166,0.6,1.6,1.6,0.6,,,,,,
2026-08-25-F1,2026-08-25T21:06:40.420Z,-84,7,1,2006,2,-86,772,1.6,10.4,29.1,4.13,166,-0.2,1.6,1.6,0.7,,,,,,
2026-08-25-F1,2026-08-25T21:06:40.522Z,-84,7,1,2007,2,-86,772,1.6,10.4,29.1,4.14,166,-0.5,1.6,1.6,0.6,,,,,,
2026-08-25-F1,2026-08-25T21:06:40.625Z,-83,7,1,2008,2,-86,772,1.6,10.4,29.1,4.14,166,-0.7,1.6,1.6,0.6,,,,,,
2026-08-25-F1,2026-08-25T21:06:40.727Z,-83,7,1,2009,2,-87,772,1.6,10.4,29.1,4.13,166,-1.0,1.6,1.6,0.6,,,,,,
2026-08-25-F1,2026-08-25T21:06:40.829Z,-83,7,1,2010,2,-86,772,1.6,10.4,29.1,4.13,166,0.4,1.6,1.6,0.6,,,,,,
2026-08-25-F1,2026-08-25T21:06:40.937Z,-84,7,1,2011,2,-86,772,1.6,10.4,29.1,4.13,166,-0.1,1.7,1.6,0.6,,,,,,
2026-08-25-F1,2026-08-25T21:06:41.039Z,-83,7,1,2012,2,-86,772,1.6,10.4,29.1,4.14,166,-0.4,1.6,1.6,0.7,,,,,,
2026-08-25-F1,2026-08-25T21:06:41.122Z,-83,7,1,2013,2,-86,772,1.6,10.4,29.1,4.14,166,0.6,1.6,1.6,0.6,,,,,,
2026-08-25-F1,2026-08-25T21:06:41.224Z,-83,7,1,2014,2,-86,772,1.7,10.4,29.1,4.14,166,-0.0,1.7,1.6,0.6,,,,,,
2026-08-25-F1,2026-08-25T21:06:41.327Z,-83,7,1,2015,2,-86,772,1.6,10.4,29.1,4.13,167,-0.2,1.7,1.6,0.6,,,,,,
2026-08-25-F1,2026-08-25T21:06:41.430Z,-83,7,1,2016,2,-86,772,1.6,10.4,29.1,4.13,167,-0.0,1.6,1.6,0.6,,,,,,
2026-08-25-F1,2026-08-25T21:06:41.532Z,-84,7,1,2017,2,-86,772,1.6,10.4,29.1,4.14,167,1.2,1.7,1.6,0.6,,,,,,
2026-08-25-F1,2026-08-25T21:06:41.635Z,-83,7,1,2018,2,-86,772,1.6,10.4,29.1,4.13,167,0.5,1.6,1.6,0.6,,,,,,
2026-08-25-F1,2026-08-25T21:06:41.737Z,-83,7,1,2019,2,-87,772,1.6,10.4,29.1,4.13,167,-1.0,1.6,1.6,0.6,,,,,,
2026-08-25-F1,2026-08-25T21:06:41.839Z,-84,7,1,2020,2,-86,772,1.6,10.4,29.1,4.13,167,-0.0,1.7,1.6,0.6,,,,,,
2026-08-25-F1,2026-08-25T21:06:41.942Z,-84,7,1,2021,2,-86,772,1.7,10.4,29.1,4.13,167,-0.1,1.7,1.7,0.6,,,,,,
2026-08-25-F1,2026-08-25T21:06:42.025Z,-83,7,1,2022,2,-86,772,1.6,10.4,29.1,4.13,167,-0.3,1.6,1.6,0.6,,,,,,
2026-08-25-F1,2026-08-25T21:06:42.127Z,-83,7,1,2023,2,-86,772,1.6,10.4,29.1,4.14,167,0.8,1.6,1.6,0.6,,,,,,
2026-08-25-F1,2026-08-25T21:06:42.230Z,-83,7,1,2024,2,-86,772,1.6,10.4,29.1,4.13,167,0.4,1.6,1.6,0.6,,,,,,
2026-08-25-F1,2026-08-25T21:06:42.332Z,-83,7,1,2025,2,-86,772,1.6,10.4,29.1,4.13,168,0.3,1.7,1.6,0.6,,,,,,
2026-08-25-F1,2026-08-25T21:06:42.435Z,-83,7,1,2026,2,-86,772,1.6,10.4,29.1,4.13,168,-0.1,1.7,1.6,0.6,,,,,,
2026-08-25-F1,2026-08-25T21:06:42.537Z,-83,7,1,2027,2,-86,772,1.6,10.4,29.1,4.13,168,-0.0,1.6,1.6,0.6,,,,,,
2026-08-25-F1,2026-08-25T21:06:42.640Z,-84,7,1,2028,2,-86,772,1.6,10.4,29.1,4.13,168,-0.7,1.7,1.6,0.6,,,,,,
2026-08-25-F1,2026-08-25T21:06:42.742Z,-84,7,1,2029,2,-87,772,1.6,10.4,29.1,4.14,168,-0.9,1.6,1.6,0.7,,,,,,
2026-08-25-F1,2026-08-25T21:06:42.845Z,-84,7,1,2030,2,-87,772,1.6,10.4,29.1,4.14,168,-1.6,1.6,1.6,0.6,,,,,,
2026-08-25-F1,2026-08-25T21:06:42.927Z,-84,7,1,2031,2,-87,772,1.6,10.4,29.1,4.14,168,-0.8,1.6,1.6,0.6,,,,,,
2026-08-25-F1,2026-08-25T21:06:43.029Z,-83,7,1,2032,2,-86,772,1.6,10.4,29.1,4.13,168,0.4,1.6,1.6,0.6,,,,,,
2026-08-25-F1,2026-08-25T21:06:43.132Z,-83,7,1,2033,2,-86,772,1.6,10.4,29.1,4.13,168,0.5,1.6,1.6,0.6,,,,,,
2026-08-25-F1,2026-08-25T21:06:43.234Z,-84,7,1,2034,2,-86,772,1.5,10.4,29.1,4.13,168,1.0,1.6,1.5,0.7,,,,,,
2026-08-25-F1,2026-08-25T21:06:43.337Z,-83,7,1,2035,2,-86,772,1.7,10.4,29.1,4.13,169,1.7,1.7,1.6,0.7,,,,,,
2026-08-25-F1,2026-08-25T21:06:43.439Z,-83,7,1,2036,2,-86,772,1.5,10.4,29.1,4.13,169,-1.0,1.6,1.5,0.7,,,,,,
2026-08-25-F1,2026-08-25T21:06:43.542Z,-83,7,1,2037,2,-86,772,1.6,10.4,29.1,4.13,169,0.8,1.6,1.6,0.6,,,,,,
2026-08-25-F1,2026-08-25T21:06:43.644Z,-83,7,1,2038,2,-86,772,1.7,10.4,29.1,4.14,169,0.6,1.7,1.6,0.7,,,,,,
2026-08-25-F1,2026-08-25T21:06:43.746Z,-83,7,1,2039,2,-86,772,1.6,10.4,29.1,4.13,169,0.1,1.6,1.6,0.6,,,,,,
2026-08-25-F1,2026-08-25T21:06:43.829Z,-83,7,1,2040,2,-86,772,1.7,10.4,29.1,4.13,169,-1.3,1.7,1.6,0.6,,,,,,
2026-08-25-F1,2026-08-25T21:06:43.931Z,-84,7,1,2041,2,-86,772,1.6,10.4,29.1,4.14,169,-1.2,1.6,1.6,0.6,,,,,,
2026-08-25-F1,2026-08-25T21:06:44.034Z,-83,7,1,2042,2,-87,772,1.6,10.4,29.1,4.13,169,-1.2,1.7,1.6,0.6,,,,,,
2026-08-25-F1,2026-08-25T21:06:44.136Z,-84,7,1,2043,2,-86,772,1.6,10.4,29.1,4.13,169,-0.0,1.7,1.6,0.6,,,,,,
2026-08-25-F1,2026-08-25T21:06:44.239Z,-83,7,1,2044,2,-86,772,1.6,10.4,29.1,4.14,169,-0.0,1.6,1.6,0.6,,,,,,
2026-08-25-F1,2026-08-25T21:06:44.341Z,-83,7,1,2045,2,-87,772,1.5,10.4,29.1,4.13,170,-1.0,1.6,1.5,0.6,,,,,,
2026-08-25-F1,2026-08-25T21:06:44.444Z,-83,7,1,2046,2,-86,772,1.6,10.4,29.1,4.14,170,0.5,1.7,1.6,0.7,,,,,,
2026-08-25-F1,2026-08-25T21:06:44.546Z,-84,7,1,2047,2,-87,772,1.6,10.4,29.1,4.13,170,-0.5,1.6,1.6,0.7,,,,,,
2026-08-25-F1,2026-08-25T21:06:44.649Z,-84,7,1,2048,2,-87,772,1.6,10.4,29.1,4.14,170,-0.4,1.6,1.6,0.6,,,,,,
2026-08-25-F1,2026-08-25T21:06:44.731Z,-84,7,1,2049,2,-87,772,1.6,10.4,29.1,4.13,170,-0.0,1.6,1.6,0.6,,,,,,
2026-08-25-F1,2026-08-25T21:06:44.833Z,-84,7,1,2050,2,-86,772,1.6,10.4,29.1,4.13,170,0.8,1.6,1.6,0.6,,,,,,
2026-08-25-F1,2026-08-25T21:06:44.936Z,-84,7,1,2051,2,-86,772,1.6,10.4,29.1,4.14,170,0.9,1.6,1.5,0.6,,,,,,
2026-08-25-F1,2026-08-25T21:06:45.038Z,-84,7,1,2052,2,-86,772,1.6,10.4,29.1,4.13,170,0.2,1.6,1.6,0.6,,,,,,
2026-08-25-F1,2026-08-25T21:06:45.141Z,-83,7,1,2053,2,-86,772,1.6,10.4,29.1,4.13,170,0.4,1.7,1.6,0.6,,,,,,
2026-08-25-F1,2026-08-25T21:06:45.243Z,-83,7,1,2054,2,-86,772,1.7,10.4,29.1,4.14,170,0.5,1.7,1.6,0.6,,,,,,
2026-08-25-F1,2026-08-25T21:06:45.351Z,-83,7,1,2055,2,-86,772,1.7,10.4,29.1,4.13,171,0.4,1.7,1.6,0.6,,,,,,
2026-08-25-F1,2026-08-25T21:06:45.434Z,-83,7,1,2056,2,-86,772,1.6,10.4,29.1,4.13,171,-1.0,1.7,1.6,0.6,,,,,,
2026-08-25-F1,2026-08-25T21:06:45.536Z,-83,7,1,2057,2,-86,772,1.6,10.4,29.1,4.13,171,-0.2,1.6,1.6,0.6,,,,,,
2026-08-25-F1,2026-08-25T21:06:45.638Z,-83,7,1,2058,2,-86,772,1.6,10.4,29.1,4.13,171,0.1,1.6,1.6,0.6,,,,,,
2026-08-25-F1,2026-08-25T21:06:45.741Z,-83,7,1,2059,2,-87,772,1.7,10.4,29.1,4.14,171,-1.0,1.7,1.6,0.7,,,,,,
2026-08-25-F1,2026-08-25T21:06:45.843Z,-84,7,1,2060,2,-87,772,1.6,10.4,29.1,4.13,171,-1.4,1.6,1.6,0.6,,,,,,
2026-08-25-F1,2026-08-25T21:06:45.945Z,-84,7,1,2061,2,-87,772,1.6,10.4,29.1,4.13,171,-0.2,1.6,1.6,0.6,,,,,,
2026-08-25-F1,2026-08-25T21:06:46.048Z,-84,7,1,2062,2,-87,772,1.6,10.4,29.1,4.14,171,-0.5,1.6,1.6,0.6,,,,,,
2026-08-25-F1,2026-08-25T21:06:46.150Z,-84,7,1,2063,2,-87,772,1.5,10.4,29.1,4.13,171,-0.1,1.6,1.5,0.6,,,,,,
2026-08-25-F1,2026-08-25T21:06:46.253Z,-83,7,1,2064,2,-87,772,1.6,10.4,29.1,4.14,171,-0.6,1.6,1.6,0.6,,,,,,
2026-08-25-F1,2026-08-25T21:06:46.335Z,-84,7,1,2065,2,-87,772,1.6,10.4,29.1,4.13,172,-1.5,1.6,1.6,0.6,,,,,,
2026-08-25-F1,2026-08-25T21:06:46.438Z,-84,7,1,2066,2,-87,772,1.6,10.4,29.1,4.14,172,0.1,1.6,1.6,0.7,,,,,,
2026-08-25-F1,2026-08-25T21:06:46.541Z,-83,7,1,2067,2,-87,772,1.6,10.4,29.1,4.13,172,-0.5,1.6,1.6,0.6,,,,,,
2026-08-25-F1,2026-08-25T21:06:46.643Z,-83,7,1,2068,2,-87,772,1.5,10.4,29.1,4.14,172,-0.1,1.6,1.5,0.6,,,,,,
2026-08-25-F1,2026-08-25T21:06:46.745Z,-83,7,1,2069,2,-87,772,1.7,10.4,29.1,4.14,172,-0.2,1.7,1.5,0.6,,,,,,
2026-08-25-F1,2026-08-25T21:06:46.848Z,-83,7,1,2070,2,-87,772,1.6,10.4,29.0,4.13,172,0.7,1.6,1.6,0.6,,,,,,
2026-08-25-F1,2026-08-25T21:06:46.950Z,-83,7,1,2071,2,-86,772,1.6,10.4,29.0,4.14,172,0.9,1.6,1.6,0.6,,,,,,
2026-08-25-F1,2026-08-25T21:06:47.053Z,-84,7,1,2072,2,-87,772,1.6,10.4,29.1,4.14,172,0.1,1.6,1.6,0.7,,,,,,
2026-08-25-F1,2026-08-25T21:06:47.135Z,-84,7,1,2073,2,-86,772,1.6,10.4,29.1,4.13,172,0.5,1.7,1.6,0.6,,,,,,
2026-08-25-F1,2026-08-25T21:06:47.237Z,-83,7,1,2074,2,-87,772,1.6,10.4,29.1,4.14,172,0.2,1.7,1.6,0.6,,,,,,
2026-08-25-F1,2026-08-25T21:06:47.340Z,-83,7,1,2075,2,-87,772,1.6,10.4,29.1,4.14,173,-0.8,1.6,1.6,0.6,,,,,,
2026-08-25-F1,2026-08-25T21:06:47.442Z,-83,7,1,2076,2,-86,772,1.7,10.4,29.0,4.13,173,1.6,1.7,1.6,0.6,,,,,,
2026-08-25-F1,2026-08-25T21:06:47.545Z,-83,7,1,2077,2,-86,772,1.6,10.4,29.1,4.13,173,0.8,1.7,1.6,0.6,,,,,,
2026-08-25-F1,2026-08-25T21:06:47.647Z,-83,7,1,2078,2,-86,772,1.6,10.4,29.1,4.13,173,-0.2,1.7,1.6,0.6,,,,,,
2026-08-25-F1,2026-08-25T21:06:47.749Z,-83,7,1,2079,2,-86,772,1.6,10.4,29.0,4.13,173,-0.3,1.6,1.6,0.7,,,,,,
2026-08-25-F1,2026-08-25T21:06:47.852Z,-83,7,1,2080,2,-86,772,1.6,10.4,29.0,4.13,173,-0.1,1.6,1.6,0.7,,,,,,
2026-08-25-F1,2026-08-25T21:06:47.954Z,-83,7,1,2081,2,-87,772,1.6,10.4,29.0,4.13,173,-0.8,1.6,1.6,0.6,,,,,,
2026-08-25-F1,2026-08-25T21:06:48.036Z,-84,7,1,2082,2,-86,772,1.6,10.4,29.0,4.13,173,0.2,1.6,1.6,0.6,,,,,,
2026-08-25-F1,2026-08-25T21:06:48.139Z,-83,7,1,2083,2,-86,772,1.6,10.4,29.0,4.14,173,0.1,1.7,1.6,0.7,,,,,,
2026-08-25-F1,2026-08-25T21:06:48.241Z,-83,7,1,2084,2,-86,772,1.6,10.4,29.0,4.14,173,0.7,1.7,1.6,0.7,,,,,,
2026-08-25-F1,2026-08-25T21:06:48.344Z,-83,7,1,2085,2,-87,772,1.7,10.4,29.0,4.13,174,-0.3,1.7,1.6,0.6,,,,,,
2026-08-25-F1,2026-08-25T21:06:48.446Z,-83,7,1,2086,2,-86,772,1.6,10.4,29.1,4.14,174,-0.3,1.6,1.6,0.6,,,,,,
2026-08-25-F1,2026-08-25T21:06:48.549Z,-83,7,1,2087,2,-86,772,1.6,10.4,29.0,4.14,174,0.3,1.6,1.6,0.6,,,,,,
2026-08-25-F1,2026-08-25T21:06:48.651Z,-83,7,1,2088,2,-86,772,1.6,10.4,29.0,4.14,174,0.3,1.7,1.6,0.6,,,,,,
2026-08-25-F1,2026-08-25T21:06:48.753Z,-83,7,1,2089,2,-87,772,1.7,10.4,29.0,4.13,174,-1.1,1.7,1.6,0.6,,,,,,
2026-08-25-F1,2026-08-25T21:06:48.856Z,-83,7,1,2090,2,-87,772,1.7,10.4,29.0,4.13,174,-1.7,1.7,1.5,0.6,,,,,,
2026-08-25-F1,2026-08-25T21:06:48.938Z,-83,7,1,2091,2,-87,772,1.6,10.4,29.0,4.13,174,0.0,1.6,1.6,0.6,,,,,,
2026-08-25-F1,2026-08-25T21:06:49.040Z,-83,7,1,2092,2,-87,772,1.6,10.4,29.0,4.14,174,0.1,1.6,1.6,0.6,,,,,,
2026-08-25-F1,2026-08-25T21:06:49.143Z,-83,7,1,2093,2,-87,772,1.7,10.4,29.0,4.13,174,-0.1,1.7,1.6,0.6,,,,,,
2026-08-25-F1,2026-08-25T21:06:49.245Z,-83,7,1,2094,2,-86,772,1.7,10.4,29.0,4.13,174,1.4,1.7,1.7,0.6,,,,,,
2026-08-25-F1,2026-08-25T21:06:49.348Z,-83,7,1,2095,2,-86,772,1.7,10.4,29.0,4.13,175,0.4,1.7,1.6,0.6,,,,,,
2026-08-25-F1,2026-08-25T21:06:49.450Z,-83,7,1,2096,2,-86,772,1.7,10.4,29.0,4.14,175,1.7,1.7,1.6,0.6,,,,,,
2026-08-25-F1,2026-08-25T21:06:49.552Z,-84,7,1,2097,2,-86,772,1.6,10.4,29.0,4.14,175,1.3,1.6,1.6,0.6,,,,,,
2026-08-25-F1,2026-08-25T21:06:49.655Z,-83,7,1,2098,2,-86,772,1.6,10.4,29.0,4.13,175,0.1,1.6,1.6,0.6,,,,,,
2026-08-25-F1,2026-08-25T21:06:49.757Z,-83,7,1,2099,2,-86,772,1.6,10.4,29.0,4.13,175,-1.1,1.6,1.6,0.6,,,,,,
2026-08-25-F1,2026-08-25T21:06:49.839Z,-84,7,1,2100,2,-86,772,1.6,10.4,29.0,4.14,175,-0.4,1.7,1.6,0.6,,,,,,
2026-08-25-F1,2026-08-25T21:06:49.942Z,-83,7,1,2101,2,-87,772,1.7,10.4,29.0,4.13,175,-0.5,1.7,1.6,0.6,,,,,,
2026-08-25-F1,2026-08-25T21:06:50.044Z,-83,7,1,2102,2,-87,772,1.6,10.4,29.0,4.13,175,-0.6,1.6,1.6,0.6,,,,,,
2026-08-25-F1,2026-08-25T21:06:50.147Z,-83,7,1,2103,2,-87,772,1.6,10.4,29.0,4.13,175,-0.9,1.6,1.6,0.6,,,,,,
2026-08-25-F1,2026-08-25T21:06:50.249Z,-83,7,1,2104,2,-87,772,1.7,10.4,29.0,4.13,175,-0.1,1.7,1.6,0.6,,,,,,
2026-08-25-F1,2026-08-25T21:06:50.352Z,-83,7,1,2105,2,-86,772,1.6,10.4,29.0,4.13,176,0.3,1.7,1.6,0.7,,,,,,
2026-08-25-F1,2026-08-25T21:06:50.454Z,-83,7,1,2106,2,-86,772,1.7,10.4,29.0,4.13,176,0.6,1.7,1.6,0.7,,,,,,
2026-08-25-F1,2026-08-25T21:06:50.556Z,-84,7,1,2107,2,-86,772,1.7,10.4,29.0,4.13,176,0.2,1.7,1.6,0.7,,,,,,
2026-08-25-F1,2026-08-25T21:06:50.659Z,-83,7,1,2108,2,-86,772,1.6,10.4,29.0,4.13,176,0.0,1.6,1.6,0.6,,,,,,
2026-08-25-F1,2026-08-25T21:06:50.741Z,-83,7,1,2109,2,-86,772,1.6,10.4,29.0,4.13,176,0.2,1.7,1.6,0.6,,,,,,
2026-08-25-F1,2026-08-25T21:06:50.847Z,-83,7,1,2110,2,-86,772,1.6,10.4,29.0,4.13,176,0.7,1.6,1.6,0.7,,,,,,
2026-08-25-F1,2026-08-25T21:06:50.950Z,-83,7,1,2111,2,-86,772,1.7,10.4,29.0,4.14,176,-0.1,1.7,1.6,0.6,,,,,,
2026-08-25-F1,2026-08-25T21:06:51.052Z,-83,7,1,2112,2,-87,772,1.6,10.4,29.0,4.13,176,-0.6,1.7,1.6,0.6,,,,,,
2026-08-25-F1,2026-08-25T21:06:51.155Z,-83,7,1,2113,2,-87,772,1.6,10.4,29.0,4.13,176,-0.9,1.7,1.6,0.6,,,,,,
2026-08-25-F1,2026-08-25T21:06:51.257Z,-83,7,1,2114,2,-87,772,1.6,10.4,29.0,4.13,176,-0.4,1.6,1.6,0.6,,,,,,
2026-08-25-F1,2026-08-25T21:06:51.360Z,-83,7,1,2115,2,-86,772,1.6,10.4,29.0,4.13,177,0.5,1.6,1.6,0.6,,,,,,
2026-08-25-F1,2026-08-25T21:06:51.442Z,-84,7,1,2116,2,-87,772,1.6,10.4,29.0,4.13,177,-0.9,1.6,1.6,0.6,,,,,,
2026-08-25-F1,2026-08-25T21:06:51.544Z,-83,7,1,2117,2,-87,772,1.6,10.4,29.0,4.13,177,0.3,1.6,1.6,0.6,,,,,,
2026-08-25-F1,2026-08-25T21:06:51.647Z,-83,7,1,2118,2,-86,772,1.6,10.4,29.0,4.13,177,0.8,1.6,1.6,0.6,,,,,,
2026-08-25-F1,2026-08-25T21:06:51.749Z,-83,7,1,2119,2,-87,772,1.6,10.4,29.0,4.13,177,-0.3,1.6,1.6,0.7,,,,,,
2026-08-25-F1,2026-08-25T21:06:51.851Z,-84,7,1,2120,2,-86,772,1.7,10.4,29.0,4.13,177,0.3,1.7,1.6,0.6,,,,,,
2026-08-25-F1,2026-08-25T21:06:51.954Z,-83,7,1,2121,2,-86,772,1.6,10.4,29.0,4.13,177,0.3,1.7,1.6,0.6,,,,,,
2026-08-25-F1,2026-08-25T21:06:52.056Z,-83,7,1,2122,2,-86,772,1.6,10.4,29.0,4.13,177,0.6,1.6,1.6,0.7,,,,,,
2026-08-25-F1,2026-08-25T21:06:52.159Z,-83,7,1,2123,2,-86,772,1.7,10.4,29.0,4.13,177,1.1,1.7,1.6,0.7,,,,,,
2026-08-25-F1,2026-08-25T21:06:52.261Z,-82,7,1,2124,2,-86,772,1.7,10.4,29.0,4.13,177,0.5,1.7,1.7,0.6,,,,,,
2026-08-25-F1,2026-08-25T21:06:52.343Z,-83,7,1,2125,2,-86,772,1.6,10.4,29.0,4.13,178,-0.8,1.6,1.6,0.6,,,,,,
2026-08-25-F1,2026-08-25T21:06:52.446Z,-83,7,1,2126,2,-86,772,1.6,10.4,29.0,4.13,178,0.2,1.7,1.6,0.6,,,,,,
2026-08-25-F1,2026-08-25T21:06:52.548Z,-83,7,1,2127,2,-86,772,1.6,10.4,29.0,4.13,178,-0.6,1.7,1.6,0.6,,,,,,
2026-08-25-F1,2026-08-25T21:06:52.650Z,-83,7,1,2128,2,-87,772,1.6,10.4,29.0,4.14,178,-0.6,1.6,1.6,0.6,,,,,,
2026-08-25-F1,2026-08-25T21:06:52.753Z,-83,7,1,2129,2,-87,772,1.6,10.4,29.0,4.13,178,-1.1,1.7,1.6,0.6,,,,,,
2026-08-25-F1,2026-08-25T21:06:52.855Z,-84,7,1,2130,2,-87,772,1.6,10.4,29.0,4.13,178,-0.8,1.6,1.6,0.6,,,,,,
2026-08-25-F1,2026-08-25T21:06:53.059Z,-83,7,1,2132,2,-86,772,1.7,10.4,29.0,4.13,178,1.2,1.7,1.6,0.6,,,,,,
2026-08-25-F1,2026-08-25T21:06:53.161Z,-83,7,1,2133,2,-86,772,1.6,10.4,29.0,4.13,178,0.9,1.6,1.6,0.6,,,,,,
2026-08-25-F1,2026-08-25T21:06:53.243Z,-83,7,1,2134,2,-87,772,1.6,10.4,29.0,4.13,178,-0.8,1.7,1.6,0.6,,,,,,
2026-08-25-F1,2026-08-25T21:06:53.346Z,-84,7,1,2135,2,-86,772,1.6,10.4,29.0,4.14,179,0.1,1.6,1.6,0.6,,,,,,
2026-08-25-F1,2026-08-25T21:06:53.448Z,-83,7,1,2136,2,-86,772,1.6,10.4,29.0,4.13,179,0.4,1.6,1.6,0.6,,,,,,
2026-08-25-F1,2026-08-25T21:06:53.551Z,-83,7,1,2137,2,-87,772,1.6,10.4,29.0,4.13,179,-0.6,1.6,1.5,0.6,,,,,,
2026-08-25-F1,2026-08-25T21:06:53.653Z,-83,7,1,2138,2,-86,772,1.7,10.4,29.0,4.13,179,-0.1,1.7,1.6,0.6,,,,,,
2026-08-25-F1,2026-08-25T21:06:53.755Z,-83,7,1,2139,2,-87,772,1.6,10.4,29.0,4.13,179,-0.3,1.6,1.6,0.6,,,,,,
2026-08-25-F1,2026-08-25T21:06:53.858Z,-83,7,1,2140,2,-87,772,1.6,10.4,29.0,4.13,179,-1.0,1.7,1.6,0.6,,,,,,
2026-08-25-F1,2026-08-25T21:06:53.960Z,-83,7,1,2141,2,-87,772,1.6,10.4,29.0,4.13,179,-0.3,1.6,1.6,0.7,,,,,,
2026-08-25-F1,2026-08-25T21:06:54.062Z,-83,7,1,2142,2,-86,772,1.6,10.4,29.0,4.13,179,0.3,1.6,1.6,0.7,,,,,,
2026-08-25-F1,2026-08-25T21:06:54.145Z,-83,7,1,2143,2,-87,772,1.6,10.4,29.0,4.13,179,-0.2,1.7,1.6,0.6,,,,,,
2026-08-25-F1,2026-08-25T21:06:54.247Z,-83,7,1,2144,2,-86,772,1.6,10.4,29.0,4.13,179,0.2,1.6,1.6,0.7,,,,,,
2026-08-25-F1,2026-08-25T21:06:54.349Z,-83,7,1,2145,2,-86,772,1.7,10.4,29.0,4.13,180,0.8,1.7,1.6,0.6,,,,,,
2026-08-25-F1,2026-08-25T21:06:54.452Z,-84,7,1,2146,2,-86,772,1.6,10.4,29.0,4.14,180,0.7,1.6,1.6,0.6,,,,,,
2026-08-25-F1,2026-08-25T21:06:54.554Z,-83,7,1,2147,2,-86,772,1.6,10.4,29.0,4.14,180,0.5,1.6,1.6,0.6,,,,,,
2026-08-25-F1,2026-08-25T21:06:54.657Z,-83,7,1,2148,2,-87,772,1.6,10.4,29.0,4.13,180,-0.9,1.6,1.6,0.6,,,,,,
2026-08-25-F1,2026-08-25T21:06:54.759Z,-83,7,1,2149,2,-87,772,1.7,10.4,29.0,4.13,180,-0.9,1.7,1.5,0.6,,,,,,
2026-08-25-F1,2026-08-25T21:06:54.861Z,-83,7,1,2150,2,-87,772,1.6,10.4,29.0,4.13,180,-1.0,1.6,1.6,0.6,,,,,,
2026-08-25-F1,2026-08-25T21:06:54.943Z,-83,7,1,2151,2,-87,772,1.7,10.4,29.0,4.13,180,-1.0,1.7,1.6,0.6,,,,,,
2026-08-25-F1,2026-08-25T21:06:55.046Z,-84,7,1,2152,2,-87,772,1.6,10.4,29.0,4.14,180,0.3,1.6,1.6,0.6,,,,,,
2026-08-25-F1,2026-08-25T21:06:55.148Z,-83,7,1,2153,2,-87,772,1.6,10.4,29.0,4.14,180,-0.2,1.7,1.6,0.6,,,,,,
2026-08-25-F1,2026-08-25T21:06:55.251Z,-83,7,1,2154,2,-86,772,1.6,10.4,29.0,4.13,180,0.7,1.6,1.6,0.6,,,,,,
2026-08-25-F1,2026-08-25T21:06:55.353Z,-83,7,1,2155,2,-86,772,1.6,10.4,29.0,4.14,181,0.4,1.6,1.5,0.6,,,,,,
2026-08-25-F1,2026-08-25T21:06:55.556Z,-83,7,1,2157,2,-87,772,1.7,10.4,29.0,4.13,181,-0.2,1.7,1.7,0.6,,,,,,
2026-08-25-F1,2026-08-25T21:06:55.659Z,-83,7,1,2158,2,-86,772,1.6,10.4,29.0,4.13,181,-0.1,1.6,1.6,0.6,,,,,,
2026-08-25-F1,2026-08-25T21:06:55.761Z,-83,7,1,2159,2,-87,772,1.6,10.4,29.0,4.13,181,-0.9,1.6,1.6,0.6,,,,,,
2026-08-25-F1,2026-08-25T21:06:55.863Z,-83,7,1,2160,2,-87,772,1.6,10.4,29.0,4.13,181,-0.2,1.6,1.6,0.6,,,,,,
2026-08-25-F1,2026-08-25T21:06:55.946Z,-83,7,1,2161,2,-86,772,1.6,10.4,29.0,4.13,181,0.6,1.6,1.6,0.6,,,,,,
2026-08-25-F1,2026-08-25T21:06:56.048Z,-83,7,1,2162,2,-87,772,1.6,10.4,29.0,4.13,181,-0.7,1.6,1.6,0.6,,,,,,
2026-08-25-F1,2026-08-25T21:06:56.150Z,-84,7,1,2163,2,-87,772,1.7,10.4,29.0,4.14,181,-0.5,1.7,1.6,0.6,,,,,,
2026-08-25-F1,2026-08-25T21:06:56.253Z,-83,7,1,2164,2,-87,772,1.6,10.4,29.0,4.13,181,-0.1,1.6,1.6,0.6,,,,,,
2026-08-25-F1,2026-08-25T21:06:56.355Z,-83,7,1,2165,2,-87,772,1.6,10.4,29.0,4.14,182,0.3,1.6,1.6,0.7,,,,,,
2026-08-25-F1,2026-08-25T21:06:56.458Z,-83,7,1,2166,2,-87,772,1.6,10.4,29.0,4.13,182,0.0,1.6,1.6,0.6,,,,,,
2026-08-25-F1,2026-08-25T21:06:56.560Z,-84,7,1,2167,2,-87,772,1.6,10.4,29.0,4.13,182,0.1,1.6,1.6,0.6,,,,,,
2026-08-25-F1,2026-08-25T21:06:56.663Z,-84,7,1,2168,2,-87,772,1.6,10.4,29.0,4.13,182,-0.7,1.7,1.6,0.6,,,,,,
2026-08-25-F1,2026-08-25T21:06:56.745Z,-84,7,1,2169,2,-87,772,1.6,10.4,29.0,4.13,182,-0.4,1.6,1.6,0.6,,,,,,
2026-08-25-F1,2026-08-25T21:06:56.847Z,-84,7,1,2170,2,-87,772,1.7,10.4,29.0,4.14,182,-0.8,1.7,1.6,0.7,,,,,,
2026-08-25-F1,2026-08-25T21:06:56.949Z,-83,7,1,2171,2,-87,772,1.5,10.4,29.0,4.14,182,0.5,1.6,1.5,0.6,,,,,,
2026-08-25-F1,2026-08-25T21:06:57.052Z,-83,7,1,2172,2,-86,772,1.7,10.4,29.0,4.13,182,0.6,1.7,1.6,0.6,,,,,,
2026-08-25-F1,2026-08-25T21:06:57.154Z,-83,7,1,2173,2,-87,772,1.6,10.4,29.0,4.13,182,0.3,1.7,1.6,0.6,,,,,,
2026-08-25-F1,2026-08-25T21:06:57.257Z,-83,7,1,2174,2,-87,772,1.6,10.4,29.0,4.14,182,0.0,1.6,1.6,0.6,,,,,,
2026-08-25-F1,2026-08-25T21:06:57.359Z,-84,7,1,2175,2,-86,772,1.6,10.4,29.0,4.13,183,1.5,1.6,1.6,0.6,,,,,,
2026-08-25-F1,2026-08-25T21:06:57.447Z,-83,7,1,2176,2,-86,772,1.6,10.4,29.0,4.13,183,-0.2,1.6,1.6,0.7,,,,,,
2026-08-25-F1,2026-08-25T21:06:57.549Z,-83,7,1,2177,2,-87,772,1.6,10.4,29.0,4.13,183,-0.2,1.6,1.6,0.6,,,,,,
2026-08-25-F1,2026-08-25T21:06:57.651Z,-83,7,1,2178,2,-87,772,1.6,10.4,29.0,4.13,183,-0.2,1.6,1.6,0.7,,,,,,
2026-08-25-F1,2026-08-25T21:06:57.753Z,-84,7,1,2179,2,-86,772,1.6,10.4,29.0,4.14,183,0.8,1.6,1.6,0.7,,,,,,
2026-08-25-F1,2026-08-25T21:06:57.856Z,-83,7,1,2180,2,-86,772,1.6,10.4,29.0,4.14,183,0.7,1.6,1.6,0.6,,,,,,
2026-08-25-F1,2026-08-25T21:06:57.958Z,-83,7,1,2181,2,-86,772,1.6,10.4,29.0,4.13,183,-0.2,1.6,1.6,0.6,,,,,,
2026-08-25-F1,2026-08-25T21:06:58.060Z,-83,7,1,2182,2,-86,772,1.7,10.4,29.0,4.14,183,0.7,1.7,1.7,0.6,,,,,,
2026-08-25-F1,2026-08-25T21:06:58.163Z,-84,7,1,2183,2,-86,772,1.6,10.4,29.0,4.13,183,-0.5,1.6,1.6,0.6,,,,,,
2026-08-25-F1,2026-08-25T21:06:58.265Z,-83,7,1,2184,2,-87,772,1.6,10.4,29.0,4.13,183,-0.9,1.6,1.6,0.6,,,,,,
2026-08-25-F1,2026-08-25T21:06:58.347Z,-83,7,1,2185,2,-86,772,1.6,10.4,29.0,4.14,184,0.1,1.6,1.6,0.6,,,,,,
2026-08-25-F1,2026-08-25T21:06:58.450Z,-83,7,1,2186,2,-86,772,1.6,10.4,29.0,4.14,184,0.5,1.7,1.6,0.6,,,,,,
2026-08-25-F1,2026-08-25T21:06:58.552Z,-83,7,1,2187,2,-86,772,1.6,10.4,29.0,4.13,184,0.5,1.6,1.6,0.6,,,,,,
2026-08-25-F1,2026-08-25T21:06:58.654Z,-83,7,1,2188,2,-87,772,1.6,10.4,29.0,4.13,184,-0.6,1.6,1.6,0.6,,,,,,
2026-08-25-F1,2026-08-25T21:06:58.757Z,-83,7,1,2189,2,-86,772,1.6,10.4,29.0,4.13,184,-0.3,1.7,1.6,0.6,,,,,,
2026-08-25-F1,2026-08-25T21:06:58.859Z,-83,7,1,2190,2,-87,772,1.6,10.4,29.0,4.14,184,-1.7,1.7,1.6,0.6,,,,,,
2026-08-25-F1,2026-08-25T21:06:58.961Z,-83,7,1,2191,2,-87,772,1.6,10.4,29.0,4.13,184,0.1,1.6,1.6,0.6,,,,,,
2026-08-25-F1,2026-08-25T21:06:59.064Z,-84,7,1,2192,2,-86,772,1.7,10.4,29.0,4.14,184,0.4,1.7,1.6,0.6,,,,,,
2026-08-25-F1,2026-08-25T21:06:59.166Z,-84,7,1,2193,2,-87,772,1.6,10.4,29.0,4.13,184,-0.4,1.6,1.6,0.6,,,,,,
2026-08-25-F1,2026-08-25T21:06:59.248Z,-84,7,1,2194,2,-87,772,1.6,10.4,29.0,4.13,184,-0.4,1.7,1.6,0.6,,,,,,
2026-08-25-F1,2026-08-25T21:06:59.351Z,-83,7,1,2195,2,-87,772,1.6,10.4,29.0,4.14,185,-0.8,1.6,1.6,0.7,,,,,,
2026-08-25-F1,2026-08-25T21:06:59.453Z,-83,7,1,2196,2,-87,772,1.6,10.4,29.0,4.13,185,-1.0,1.6,1.6,0.6,,,,,,
2026-08-25-F1,2026-08-25T21:06:59.556Z,-83,7,1,2197,2,-87,772,1.6,10.4,29.0,4.13,185,0.9,1.6,1.6,0.6,,,,,,
2026-08-25-F1,2026-08-25T21:06:59.658Z,-83,7,1,2198,2,-87,772,1.6,10.4,29.0,4.14,185,-0.3,1.6,1.6,0.6,,,,,,
2026-08-25-F1,2026-08-25T21:06:59.760Z,-84,7,1,2199,2,-87,772,1.6,10.4,29.0,4.13,185,-0.2,1.6,1.6,0.7,,,,,,
2026-08-25-F1,2026-08-25T21:06:59.862Z,-83,7,1,2200,2,-86,772,1.6,10.4,29.0,4.13,185,1.2,1.6,1.6,0.6,,,,,,
2026-08-25-F1,2026-08-25T21:06:59.965Z,-83,7,1,2201,2,-86,772,1.5,10.4,29.0,4.14,185,0.8,1.6,1.5,0.6,,,,,,
2026-08-25-F1,2026-08-25T21:07:00.047Z,-84,7,1,2202,2,-87,772,1.6,10.4,29.0,4.13,185,-0.3,1.6,1.6,0.6,,,,,,
2026-08-25-F1,2026-08-25T21:07:00.149Z,-83,7,1,2203,2,-86,772,1.6,10.4,29.0,4.13,185,0.7,1.6,1.6,0.6,,,,,,
2026-08-25-F1,2026-08-25T21:07:00.252Z,-83,7,1,2204,2,-86,772,1.6,10.4,29.0,4.13,185,1.0,1.6,1.6,0.7,,,,,,
2026-08-25-F1,2026-08-25T21:07:00.354Z,-84,7,1,2205,2,-87,772,1.6,10.4,29.0,4.13,186,-0.2,1.6,1.6,0.7,,,,,,
2026-08-25-F1,2026-08-25T21:07:00.457Z,-84,7,1,2206,2,-86,772,1.5,10.4,29.0,4.13,186,0.7,1.6,1.5,0.6,,,,,,
2026-08-25-F1,2026-08-25T21:07:00.559Z,-84,7,1,2207,2,-86,772,1.6,10.4,29.0,4.14,186,-0.1,1.6,1.6,0.7,,,,,,
2026-08-25-F1,2026-08-25T21:07:00.661Z,-83,7,1,2208,2,-87,772,1.7,10.4,29.0,4.13,186,-0.8,1.7,1.6,0.6,,,,,,
2026-08-25-F1,2026-08-25T21:07:00.764Z,-84,7,1,2209,2,-87,772,1.7,10.4,29.0,4.13,186,-0.7,1.7,1.6,0.6,,,,,,
2026-08-25-F1,2026-08-25T21:07:00.866Z,-84,7,1,2210,2,-87,772,1.6,10.4,29.0,4.13,186,-1.0,1.6,1.6,0.6,,,,,,
2026-08-25-F1,2026-08-25T21:07:00.948Z,-84,7,1,2211,2,-86,772,1.6,10.4,29.0,4.13,186,0.5,1.6,1.6,0.7,,,,,,
2026-08-25-F1,2026-08-25T21:07:01.050Z,-84,7,1,2212,2,-87,772,1.6,10.4,29.0,4.13,186,-0.1,1.6,1.6,0.6,,,,,,
2026-08-25-F1,2026-08-25T21:07:01.153Z,-84,7,1,2213,2,-87,772,1.7,10.4,29.0,4.14,186,-0.8,1.7,1.6,0.6,,,,,,
2026-08-25-F1,2026-08-25T21:07:01.255Z,-84,7,1,2214,2,-87,772,1.7,10.4,29.0,4.13,186,-0.0,1.7,1.6,0.6,,,,,,
2026-08-25-F1,2026-08-25T21:07:01.357Z,-84,7,1,2215,2,-86,772,1.6,10.4,29.0,4.13,187,0.7,1.6,1.6,0.6,,,,,,
2026-08-25-F1,2026-08-25T21:07:01.460Z,-84,7,1,2216,2,-86,772,1.6,10.4,29.0,4.13,187,1.1,1.6,1.6,0.6,,,,,,
2026-08-25-F1,2026-08-25T21:07:01.562Z,-84,7,1,2217,2,-86,772,1.6,10.4,29.0,4.13,187,0.2,1.6,1.6,0.7,,,,,,
2026-08-25-F1,2026-08-25T21:07:01.665Z,-84,7,1,2218,2,-87,772,1.6,10.4,29.0,4.13,187,-1.6,1.7,1.6,0.7,,,,,,
2026-08-25-F1,2026-08-25T21:07:01.767Z,-84,7,1,2219,2,-87,772,1.6,10.4,29.0,4.13,187,-0.7,1.6,1.6,0.6,,,,,,
2026-08-25-F1,2026-08-25T21:07:01.849Z,-84,7,1,2220,2,-87,772,1.6,10.4,29.0,4.13,187,-1.0,1.6,1.6,0.6,,,,,,
2026-08-25-F1,2026-08-25T21:07:01.951Z,-84,7,1,2221,2,-87,772,1.6,10.4,29.0,4.13,187,0.2,1.6,1.6,0.6,,,,,,
2026-08-25-F1,2026-08-25T21:07:02.054Z,-84,7,1,2222,2,-87,772,1.7,10.4,29.0,4.13,187,-0.2,1.7,1.7,0.6,,,,,,
2026-08-25-F1,2026-08-25T21:07:02.156Z,-84,7,1,2223,2,-86,772,1.6,10.4,29.0,4.13,187,0.7,1.6,1.6,0.6,,,,,,
2026-08-25-F1,2026-08-25T21:07:02.258Z,-84,7,1,2224,2,-87,772,1.5,10.4,29.0,4.13,187,-0.3,1.7,1.5,0.6,,,,,,
2026-08-25-F1,2026-08-25T21:07:02.361Z,-84,7,1,2225,2,-87,772,1.6,10.4,29.0,4.13,188,0.4,1.6,1.6,0.6,,,,,,
2026-08-25-F1,2026-08-25T21:07:02.463Z,-84,7,1,2226,2,-87,772,1.6,10.4,29.0,4.13,188,-0.5,1.6,1.6,0.6,,,,,,
2026-08-25-F1,2026-08-25T21:07:02.566Z,-84,7,1,2227,2,-87,772,1.6,10.4,29.0,4.13,188,0.4,1.6,1.6,0.6,,,,,,
2026-08-25-F1,2026-08-25T21:07:02.648Z,-83,7,1,2228,2,-87,772,1.7,10.4,29.0,4.13,188,-0.5,1.7,1.6,0.7,,,,,,
2026-08-25-F1,2026-08-25T21:07:02.750Z,-84,7,1,2229,2,-87,772,1.6,10.4,29.0,4.13,188,-0.5,1.6,1.6,0.6,,,,,,
2026-08-25-F1,2026-08-25T21:07:02.852Z,-83,7,1,2230,2,-87,772,1.6,10.4,29.0,4.13,188,-0.5,1.6,1.6,0.6,,,,,,
2026-08-25-F1,2026-08-25T21:07:02.955Z,-84,7,1,2231,2,-87,772,1.6,10.4,29.0,4.13,188,0.0,1.6,1.6,0.6,,,,,,
2026-08-25-F1,2026-08-25T21:07:03.057Z,-83,7,1,2232,2,-87,772,1.6,10.4,29.0,4.14,188,0.3,1.6,1.6,0.7,,,,,,
2026-08-25-F1,2026-08-25T21:07:03.160Z,-84,7,1,2233,2,-86,772,1.6,10.4,29.0,4.14,188,1.0,1.6,1.6,0.6,,,,,,
2026-08-25-F1,2026-08-25T21:07:03.262Z,-84,7,1,2234,2,-86,772,1.6,10.4,29.0,4.13,188,1.4,1.6,1.6,0.6,,,,,,
2026-08-25-F1,2026-08-25T21:07:03.364Z,-84,7,1,2235,2,-87,772,1.6,10.4,29.0,4.13,189,-1.3,1.6,1.6,0.7,,,,,,
2026-08-25-F1,2026-08-25T21:07:03.467Z,-84,7,1,2236,2,-87,772,1.6,10.4,29.0,4.13,189,-0.5,1.6,1.6,0.6,,,,,,
2026-08-25-F1,2026-08-25T21:07:03.549Z,-84,7,1,2237,2,-87,772,1.6,10.4,29.0,4.13,189,-0.2,1.6,1.6,0.6,,,,,,
2026-08-25-F1,2026-08-25T21:07:03.651Z,-84,7,1,2238,2,-86,772,1.6,10.4,29.0,4.13,189,0.1,1.6,1.6,0.6,,,,,,
2026-08-25-F1,2026-08-25T21:07:03.754Z,-83,7,1,2239,2,-86,772,1.6,10.4,29.0,4.13,189,0.5,1.7,1.6,0.6,,,,,,
2026-08-25-F1,2026-08-25T21:07:03.856Z,-84,7,1,2240,2,-86,772,1.6,10.4,29.0,4.13,189,0.5,1.6,1.6,0.6,,,,,,
2026-08-25-F1,2026-08-25T21:07:03.958Z,-84,7,1,2241,2,-87,772,1.6,10.4,29.0,4.14,189,-0.6,1.6,1.6,0.6,,,,,,
2026-08-25-F1,2026-08-25T21:07:04.066Z,-83,7,1,2242,2,-87,772,1.6,10.4,29.0,4.13,189,-0.2,1.6,1.6,0.6,,,,,,
2026-08-25-F1,2026-08-25T21:07:04.148Z,-84,7,1,2243,2,-86,772,1.6,10.4,29.0,4.13,189,-0.1,1.6,1.6,0.6,,,,,,
2026-08-25-F1,2026-08-25T21:07:04.251Z,-84,7,1,2244,2,-86,772,1.6,10.4,29.0,4.13,189,0.7,1.6,1.6,0.6,,,,,,
2026-08-25-F1,2026-08-25T21:07:04.353Z,-84,7,1,2245,2,-86,772,1.6,10.4,29.0,4.14,190,-0.3,1.6,1.6,0.6,,,,,,
2026-08-25-F1,2026-08-25T21:07:04.456Z,-84,7,1,2246,2,-87,772,1.7,10.4,29.0,4.13,190,-0.6,1.7,1.6,0.6,,,,,,
2026-08-25-F1,2026-08-25T21:07:04.558Z,-84,7,1,2247,2,-86,772,1.6,10.4,29.0,4.13,190,-0.1,1.6,1.6,0.6,,,,,,
2026-08-25-F1,2026-08-25T21:07:04.660Z,-84,7,1,2248,2,-87,772,1.5,10.4,29.0,4.13,190,-1.3,1.6,1.5,0.6,,,,,,
2026-08-25-F1,2026-08-25T21:07:04.762Z,-83,7,1,2249,2,-87,772,1.6,10.4,29.0,4.13,190,-0.9,1.6,1.6,0.6,,,,,,
2026-08-25-F1,2026-08-25T21:07:04.864Z,-84,7,1,2250,2,-87,772,1.7,10.4,29.0,4.13,190,-0.3,1.7,1.6,0.6,,,,,,
2026-08-25-F1,2026-08-25T21:07:04.967Z,-84,7,1,2251,2,-87,772,1.7,10.4,29.0,4.13,190,-0.5,1.7,1.6,0.6,,,,,,
2026-08-25-F1,2026-08-25T21:07:05.049Z,-83,7,1,2252,2,-87,772,1.6,10.4,29.0,4.13,190,-0.9,1.8,1.6,0.7,,,,,,
2026-08-25-F1,2026-08-25T21:07:05.151Z,-84,7,1,2253,2,-87,772,1.6,10.4,29.0,4.13,190,0.4,1.6,1.6,0.6,,,,,,
2026-08-25-F1,2026-08-25T21:07:05.254Z,-83,7,1,2254,2,-87,772,1.6,10.4,29.0,4.13,190,0.8,1.6,1.6,0.6,,,,,,
2026-08-25-F1,2026-08-25T21:07:05.356Z,-84,7,1,2255,2,-87,772,1.7,10.4,29.0,4.13,191,0.3,1.7,1.6,0.6,,,,,,
2026-08-25-F1,2026-08-25T21:07:05.459Z,-84,7,1,2256,2,-87,772,1.6,10.4,29.0,4.12,191,-1.0,1.6,1.6,0.6,,,,,,
2026-08-25-F1,2026-08-25T21:07:05.561Z,-83,7,1,2257,2,-87,772,1.6,10.4,29.0,4.13,191,-1.2,1.6,1.6,0.6,,,,,,
2026-08-25-F1,2026-08-25T21:07:05.663Z,-84,7,1,2258,2,-87,772,1.6,10.4,29.0,4.13,191,-0.3,1.7,1.6,0.6,,,,,,
2026-08-25-F1,2026-08-25T21:07:05.766Z,-84,7,1,2259,2,-87,772,1.6,10.4,29.0,4.13,191,1.1,1.6,1.6,0.6,,,,,,
2026-08-25-F1,2026-08-25T21:07:05.848Z,-84,7,1,2260,2,-86,772,1.6,10.4,29.0,4.13,191,1.2,1.6,1.6,0.6,,,,,,
2026-08-25-F1,2026-08-25T21:07:05.950Z,-84,7,1,2261,2,-87,772,1.6,10.4,29.0,4.13,191,0.4,1.6,1.6,0.6,,,,,,
2026-08-25-F1,2026-08-25T21:07:06.052Z,-84,7,1,2262,2,-86,772,1.6,10.4,29.0,4.13,191,1.2,1.6,1.6,0.6,,,,,,
2026-08-25-F1,2026-08-25T21:07:06.155Z,-84,7,1,2263,2,-86,772,1.7,10.4,29.0,4.13,191,0.5,1.7,1.6,0.6,,,,,,
2026-08-25-F1,2026-08-25T21:07:06.257Z,-84,7,1,2264,2,-86,772,1.6,10.4,29.0,4.14,191,0.4,1.6,1.6,0.6,,,,,,
2026-08-25-F1,2026-08-25T21:07:06.360Z,-84,7,1,2265,2,-87,772,1.6,10.4,29.0,4.13,192,-1.5,1.6,1.6,0.6,,,,,,
2026-08-25-F1,2026-08-25T21:07:06.462Z,-84,7,1,2266,2,-87,772,1.7,10.4,29.0,4.13,192,-1.6,1.7,1.7,0.6,,,,,,
2026-08-25-F1,2026-08-25T21:07:06.564Z,-84,7,1,2267,2,-87,772,1.7,10.4,29.0,4.13,192,-0.9,1.7,1.6,0.6,,,,,,
2026-08-25-F1,2026-08-25T21:07:06.667Z,-84,7,1,2268,2,-87,772,1.6,10.4,29.0,4.14,192,0.0,1.6,1.6,0.7,,,,,,
2026-08-25-F1,2026-08-25T21:07:06.749Z,-84,7,1,2269,2,-87,772,1.7,10.4,29.0,4.14,192,0.4,1.7,1.7,0.6,,,,,,
2026-08-25-F1,2026-08-25T21:07:06.851Z,-84,7,1,2270,2,-87,772,1.6,10.4,29.0,4.13,192,-0.2,1.7,1.6,0.7,,,,,,
2026-08-25-F1,2026-08-25T21:07:06.953Z,-84,7,1,2271,2,-86,772,1.6,10.4,29.0,4.14,192,1.2,1.6,1.6,0.6,,,,,,
2026-08-25-F1,2026-08-25T21:07:07.056Z,-84,7,1,2272,2,-86,772,1.6,10.4,29.0,4.13,192,1.1,1.6,1.6,0.7,,,,,,
2026-08-25-F1,2026-08-25T21:07:07.158Z,-84,7,1,2273,2,-86,772,1.6,10.4,29.0,4.13,192,0.4,1.6,1.6,0.6,,,,,,
2026-08-25-F1,2026-08-25T21:07:07.260Z,-84,7,1,2274,2,-86,772,1.6,10.4,29.0,4.13,192,-0.0,1.6,1.6,0.7,,,,,,
2026-08-25-F1,2026-08-25T21:07:07.363Z,-84,7,1,2275,2,-87,772,1.6,10.4,29.0,4.13,193,-0.9,1.6,1.6,0.6,,,,,,
2026-08-25-F1,2026-08-25T21:07:07.465Z,-83,7,1,2276,2,-87,772,1.7,10.4,29.0,4.13,193,-0.7,1.7,1.6,0.6,,,,,,
2026-08-25-F1,2026-08-25T21:07:07.548Z,-85,7,1,2277,2,-87,772,1.6,10.4,29.0,4.13,193,-1.7,1.6,1.6,0.6,,,,,,
2026-08-25-F1,2026-08-25T21:07:07.650Z,-84,7,1,2278,2,-87,772,1.6,10.4,29.0,4.14,193,0.2,1.6,1.6,0.6,,,,,,
2026-08-25-F1,2026-08-25T21:07:07.752Z,-84,7,1,2279,2,-87,772,1.6,10.4,29.0,4.14,193,-0.1,1.7,1.6,0.6,,,,,,
2026-08-25-F1,2026-08-25T21:07:07.854Z,-84,7,1,2280,2,-87,772,1.6,10.4,29.0,4.13,193,0.7,1.6,1.6,0.6,,,,,,
2026-08-25-F1,2026-08-25T21:07:07.957Z,-84,7,1,2281,2,-87,772,1.6,10.4,29.0,4.13,193,-0.4,1.6,1.6,0.6,,,,,,
2026-08-25-F1,2026-08-25T21:07:08.059Z,-84,7,1,2282,2,-87,772,1.6,10.4,29.0,4.13,193,0.3,1.6,1.6,0.6,,,,,,
2026-08-25-F1,2026-08-25T21:07:08.161Z,-85,7,1,2283,2,-87,772,1.7,10.4,29.0,4.13,193,0.0,1.7,1.6,0.6,,,,,,
2026-08-25-F1,2026-08-25T21:07:08.263Z,-84,7,1,2284,2,-87,772,1.6,10.4,29.0,4.13,193,-0.4,1.6,1.6,0.6,,,,,,
2026-08-25-F1,2026-08-25T21:07:08.366Z,-83,7,1,2285,2,-87,772,1.6,10.4,29.0,4.13,194,-0.5,1.6,1.6,0.6,,,,,,
2026-08-25-F1,2026-08-25T21:07:08.448Z,-84,7,1,2286,2,-86,772,1.6,10.4,29.0,4.13,194,0.9,1.7,1.6,0.6,,,,,,
2026-08-25-F1,2026-08-25T21:07:08.551Z,-84,7,1,2287,2,-87,772,1.7,10.4,29.0,4.13,194,0.2,1.7,1.7,0.6,,,,,,
2026-08-25-F1,2026-08-25T21:07:08.653Z,-83,7,1,2288,2,-86,772,1.6,10.4,29.0,4.13,194,0.8,1.6,1.6,0.6,,,,,,
2026-08-25-F1,2026-08-25T21:07:08.755Z,-84,7,1,2289,2,-87,772,1.6,10.4,29.0,4.13,194,-0.2,1.6,1.6,0.6,,,,,,
2026-08-25-F1,2026-08-25T21:07:08.857Z,-84,7,1,2290,2,-87,772,1.6,10.4,29.0,4.13,194,-0.9,1.6,1.6,0.7,,,,,,
2026-08-25-F1,2026-08-25T21:07:08.960Z,-84,7,1,2291,2,-87,772,1.6,10.4,29.0,4.13,194,-1.0,1.6,1.6,0.6,,,,,,
2026-08-25-F1,2026-08-25T21:07:09.062Z,-84,7,1,2292,2,-87,772,1.6,10.4,29.0,4.13,194,-0.7,1.7,1.6,0.6,,,,,,
2026-08-25-F1,2026-08-25T21:07:09.164Z,-84,7,1,2293,2,-87,772,1.6,10.4,29.0,4.13,194,-0.1,1.6,1.6,0.6,,,,,,
2026-08-25-F1,2026-08-25T21:07:09.267Z,-84,7,1,2294,2,-87,772,1.6,10.4,29.0,4.13,194,0.5,1.6,1.6,0.6,,,,,,
2026-08-25-F1,2026-08-25T21:07:09.349Z,-84,7,1,2295,2,-87,772,1.6,10.4,29.0,4.13,195,-0.2,1.6,1.6,0.6,,,,,,
2026-08-25-F1,2026-08-25T21:07:09.451Z,-83,7,1,2296,2,-86,772,1.6,10.4,29.0,4.13,195,1.2,1.7,1.6,0.6,,,,,,
2026-08-25-F1,2026-08-25T21:07:09.554Z,-84,7,1,2297,2,-86,772,1.6,10.4,29.0,4.13,195,0.3,1.6,1.6,0.6,,,,,,
2026-08-25-F1,2026-08-25T21:07:09.656Z,-84,7,1,2298,2,-86,772,1.7,10.4,29.0,4.12,195,0.4,1.7,1.6,0.6,,,,,,
2026-08-25-F1,2026-08-25T21:07:09.758Z,-84,7,1,2299,2,-87,772,1.6,10.4,29.0,4.13,195,-0.7,1.6,1.6,0.7,,,,,,
2026-08-25-F1,2026-08-25T21:07:09.861Z,-84,7,1,2300,2,-87,772,1.6,10.4,29.0,4.13,195,-0.6,1.6,1.5,0.6,,,,,,
2026-08-25-F1,2026-08-25T21:07:09.963Z,-84,7,1,2301,2,-87,772,1.6,10.4,29.0,4.13,195,-0.1,1.6,1.6,0.6,,,,,,
2026-08-25-F1,2026-08-25T21:07:10.065Z,-84,7,1,2302,2,-87,772,1.6,10.4,29.0,4.13,195,-1.4,1.6,1.6,0.6,,,,,,
2026-08-25-F1,2026-08-25T21:07:10.168Z,-84,7,1,2303,2,-87,772,1.6,10.4,29.0,4.13,195,-1.7,1.6,1.6,0.6,,,,,,
2026-08-25-F1,2026-08-25T21:07:10.250Z,-84,7,1,2304,2,-87,772,1.5,10.4,29.0,4.13,195,-0.1,1.6,1.5,0.7,,,,,,
2026-08-25-F1,2026-08-25T21:07:10.352Z,-84,7,1,2305,2,-87,772,1.6,10.4,29.0,4.14,196,-0.5,1.6,1.6,0.6,,,,,,
2026-08-25-F1,2026-08-25T21:07:10.455Z,-84,7,1,2306,2,-87,772,1.6,10.4,29.0,4.14,196,0.8,1.6,1.6,0.6,,,,,,
2026-08-25-F1,2026-08-25T21:07:10.557Z,-84,7,1,2307,2,-87,772,1.6,10.4,29.0,4.14,196,0.1,1.7,1.6,0.6,,,,,,
2026-08-25-F1,2026-08-25T21:07:10.664Z,-84,7,1,2308,2,-87,772,1.7,10.4,29.0,4.13,196,1.0,1.7,1.5,0.6,,,,,,
2026-08-25-F1,2026-08-25T21:07:10.767Z,-84,7,1,2309,2,-87,772,1.6,10.4,29.0,4.13,196,0.5,1.6,1.6,0.6,,,,,,
2026-08-25-F1,2026-08-25T21:07:10.849Z,-84,7,1,2310,2,-86,772,1.7,10.4,29.0,4.13,196,1.1,1.7,1.6,0.7,,,,,,
2026-08-25-F1,2026-08-25T21:07:10.951Z,-84,7,1,2311,2,-87,772,1.6,10.4,29.0,4.13,196,-0.5,1.6,1.6,0.6,,,,,,
2026-08-25-F1,2026-08-25T21:07:11.053Z,-84,7,1,2312,2,-87,772,1.6,10.4,29.0,4.13,196,0.3,1.6,1.6,0.6,,,,,,
2026-08-25-F1,2026-08-25T21:07:11.156Z,-84,7,1,2313,2,-87,772,1.6,10.4,29.0,4.12,196,0.3,1.6,1.6,0.7,,,,,,
2026-08-25-F1,2026-08-25T21:07:11.258Z,-84,7,1,2314,2,-87,772,1.6,10.4,29.0,4.13,196,-0.4,1.6,1.6,0.6,,,,,,
2026-08-25-F1,2026-08-25T21:07:11.361Z,-84,7,1,2315,2,-87,772,1.6,10.4,29.0,4.13,197,-0.8,1.6,1.6,0.6,,,,,,
2026-08-25-F1,2026-08-25T21:07:11.463Z,-84,7,1,2316,2,-87,772,1.7,10.4,29.0,4.13,197,-0.1,1.7,1.6,0.6,,,,,,
2026-08-25-F1,2026-08-25T21:07:11.566Z,-84,7,1,2317,2,-86,772,1.6,10.4,29.0,4.13,197,0.9,1.7,1.6,0.6,,,,,,
2026-08-25-F1,2026-08-25T21:07:11.668Z,-84,7,1,2318,2,-87,772,1.6,10.4,29.0,4.13,197,-0.4,1.6,1.6,0.6,,,,,,
2026-08-25-F1,2026-08-25T21:07:11.750Z,-84,7,1,2319,2,-87,772,1.6,10.4,29.0,4.13,197,0.2,1.7,1.6,0.6,,,,,,
2026-08-25-F1,2026-08-25T21:07:11.852Z,-83,7,1,2320,2,-87,772,1.6,10.4,29.0,4.13,197,-0.4,1.6,1.6,0.6,,,,,,
2026-08-25-F1,2026-08-25T21:07:11.955Z,-84,7,1,2321,2,-87,772,1.6,10.4,29.0,4.13,197,-0.1,1.6,1.6,0.6,,,,,,
2026-08-25-F1,2026-08-25T21:07:12.057Z,-83,7,1,2322,2,-87,772,1.6,10.4,29.0,4.13,197,0.5,1.7,1.6,0.6,,,,,,
2026-08-25-F1,2026-08-25T21:07:12.159Z,-84,7,1,2323,2,-86,772,1.6,10.4,29.0,4.14,197,1.4,1.6,1.5,0.6,,,,,,
2026-08-25-F1,2026-08-25T21:07:12.262Z,-84,7,1,2324,2,-86,772,1.6,10.4,29.0,4.13,197,0.6,1.6,1.6,0.6,,,,,,
2026-08-25-F1,2026-08-25T21:07:12.364Z,-84,7,1,2325,2,-86,772,1.6,10.4,29.0,4.13,198,0.6,1.6,1.6,0.7,,,,,,
2026-08-25-F1,2026-08-25T21:07:12.467Z,-83,7,1,2326,2,-86,772,1.6,10.4,29.0,4.13,198,0.7,1.6,1.6,0.6,,,,,,
2026-08-25-F1,2026-08-25T21:07:12.549Z,-84,7,1,2327,2,-86,772,1.6,10.4,29.0,4.13,198,0.0,1.6,1.6,0.6,,,,,,
2026-08-25-F1,2026-08-25T21:07:12.652Z,-83,7,1,2328,2,-87,772,1.6,10.4,29.0,4.13,198,-1.4,1.6,1.5,0.6,,,,,,
2026-08-25-F1,2026-08-25T21:07:12.754Z,-84,7,1,2329,2,-87,772,1.6,10.4,29.0,4.13,198,-0.7,1.6,1.6,0.6,,,,,,
2026-08-25-F1,2026-08-25T21:07:12.856Z,-83,7,1,2330,2,-87,772,1.6,10.4,29.0,4.13,198,-1.5,1.6,1.6,0.6,,,,,,
2026-08-25-F1,2026-08-25T21:07:12.959Z,-84,7,1,2331,2,-87,772,1.7,10.4,29.0,4.14,198,-0.5,1.7,1.6,0.6,,,,,,
2026-08-25-F1,2026-08-25T21:07:13.061Z,-84,7,1,2332,2,-87,772,1.6,10.4,29.0,4.13,198,-0.4,1.6,1.6,0.6,,,,,,
2026-08-25-F1,2026-08-25T21:07:13.163Z,-83,7,1,2333,2,-87,772,1.6,10.4,29.0,4.13,198,-0.1,1.6,1.6,0.7,,,,,,
2026-08-25-F1,2026-08-25T21:07:13.266Z,-84,7,1,2334,2,-87,772,1.6,10.4,29.0,4.14,198,-0.3,1.6,1.6,0.6,,,,,,
2026-08-25-F1,2026-08-25T21:07:13.368Z,-83,7,1,2335,2,-87,772,1.6,10.4,29.0,4.14,199,-0.3,1.6,1.6,0.6,,,,,,
2026-08-25-F1,2026-08-25T21:07:13.451Z,-84,7,1,2336,2,-87,772,1.6,10.4,29.0,4.13,199,-0.1,1.6,1.6,0.6,,,,,,
2026-08-25-F1,2026-08-25T21:07:13.553Z,-83,7,1,2337,2,-87,772,1.6,10.4,29.0,4.14,199,-0.4,1.6,1.6,0.6,,,,,,
2026-08-25-F1,2026-08-25T21:07:13.655Z,-84,7,1,2338,2,-87,772,1.6,10.4,29.0,4.13,199,-0.3,1.7,1.6,0.6,,,,,,
2026-08-25-F1,2026-08-25T21:07:13.757Z,-84,7,1,2339,2,-87,772,1.7,10.4,29.0,4.13,199,-0.7,1.7,1.6,0.6,,,,,,
2026-08-25-F1,2026-08-25T21:07:13.860Z,-84,7,1,2340,2,-87,772,1.7,10.4,29.0,4.13,199,0.3,1.7,1.6,0.6,,,,,,
2026-08-25-F1,2026-08-25T21:07:13.962Z,-84,7,1,2341,2,-87,772,1.6,10.4,29.0,4.13,199,0.4,1.7,1.6,0.6,,,,,,
2026-08-25-F1,2026-08-25T21:07:14.064Z,-84,7,1,2342,2,-86,772,1.6,10.4,29.0,4.13,199,0.7,1.6,1.6,0.7,,,,,,
2026-08-25-F1,2026-08-25T21:07:14.167Z,-84,7,1,2343,2,-87,772,1.6,10.4,29.0,4.14,199,0.2,1.6,1.6,0.6,,,,,,
2026-08-25-F1,2026-08-25T21:07:14.249Z,-84,7,1,2344,2,-86,772,1.5,10.4,29.0,4.14,199,0.7,1.6,1.5,0.6,,,,,,
2026-08-25-F1,2026-08-25T21:07:14.351Z,-84,7,1,2345,2,-86,772,1.6,10.4,29.0,4.13,200,1.6,1.6,1.6,0.6,,,,,,
2026-08-25-F1,2026-08-25T21:07:14.454Z,-84,7,1,2346,2,-86,772,1.6,10.4,29.0,4.13,200,0.2,1.6,1.6,0.6,,,,,,
2026-08-25-F1,2026-08-25T21:07:14.556Z,-84,7,1,2347,2,-86,772,1.6,10.4,29.0,4.13,200,-0.0,1.6,1.6,0.6,,,,,,
2026-08-25-F1,2026-08-25T21:07:14.658Z,-84,7,1,2348,2,-86,772,1.6,10.4,29.0,4.13,200,1.2,1.6,1.6,0.6,,,,,,
2026-08-25-F1,2026-08-25T21:07:14.761Z,-84,7,1,2349,2,-86,772,1.5,10.4,29.0,4.13,200,-0.6,1.6,1.5,0.6,,,,,,
2026-08-25-F1,2026-08-25T21:07:14.863Z,-84,7,1,2350,2,-86,772,1.6,10.4,29.0,4.13,200,-0.4,1.6,1.6,0.6,,,,,,
2026-08-25-F1,2026-08-25T21:07:14.965Z,-83,7,1,2351,2,-86,772,1.6,10.4,29.0,4.13,200,-0.2,1.6,1.6,0.7,,,,,,
2026-08-25-F1,2026-08-25T21:07:15.068Z,-84,7,1,2352,2,-87,772,1.7,10.4,29.0,4.13,200,-0.8,1.7,1.6,0.6,,,,,,
2026-08-25-F1,2026-08-25T21:07:15.150Z,-84,7,1,2353,2,-86,772,1.6,10.4,29.0,4.13,200,0.5,1.7,1.6,0.6,,,,,,
2026-08-25-F1,2026-08-25T21:07:15.252Z,-84,7,1,2354,2,-86,772,1.6,10.4,29.0,4.13,200,-0.0,1.7,1.6,0.6,,,,,,
2026-08-25-F1,2026-08-25T21:07:15.355Z,-84,7,1,2355,2,-86,772,1.6,10.4,29.0,4.14,201,1.1,1.6,1.6,0.6,,,,,,
2026-08-25-F1,2026-08-25T21:07:15.457Z,-85,7,1,2356,2,-86,772,1.6,10.4,29.0,4.13,201,0.3,1.6,1.6,0.6,,,,,,
2026-08-25-F1,2026-08-25T21:07:15.560Z,-85,7,1,2357,2,-87,772,1.6,10.4,29.0,4.13,201,-1.0,1.6,1.6,0.6,,,,,,
2026-08-25-F1,2026-08-25T21:07:15.662Z,-84,7,1,2358,2,-86,772,1.6,10.4,29.0,4.13,201,-0.2,1.6,1.6,0.6,,,,,,
2026-08-25-F1,2026-08-25T21:07:15.764Z,-85,7,1,2359,2,-86,772,1.6,10.4,29.0,4.13,201,0.8,1.6,1.6,0.6,,,,,,
2026-08-25-F1,2026-08-25T21:07:15.866Z,-85,7,1,2360,2,-87,772,1.6,10.4,29.0,4.13,201,-0.8,1.6,1.6,0.7,,,,,,
2026-08-25-F1,2026-08-25T21:07:15.969Z,-85,7,1,2361,2,-86,772,1.6,10.4,29.0,4.13,201,0.3,1.6,1.5,0.6,,,,,,
2026-08-25-F1,2026-08-25T21:07:16.051Z,-85,7,1,2362,2,-87,772,1.6,10.4,29.0,4.13,201,-0.8,1.7,1.6,0.6,,,,,,
2026-08-25-F1,2026-08-25T21:07:16.153Z,-84,7,1,2363,2,-87,772,1.6,10.4,29.0,4.13,201,-1.1,1.6,1.6,0.6,,,,,,
2026-08-25-F1,2026-08-25T21:07:16.256Z,-84,7,1,2364,2,-87,772,1.6,10.4,29.0,4.13,201,-0.1,1.7,1.6,0.6,,,,,,
2026-08-25-F1,2026-08-25T21:07:16.358Z,-84,7,1,2365,2,-87,772,1.6,10.4,29.0,4.13,202,-1.0,1.6,1.6,0.6,,,,,,
2026-08-25-F1,2026-08-25T21:07:16.461Z,-84,7,1,2366,2,-87,772,1.6,10.4,29.0,4.13,202,-0.8,1.7,1.6,0.7,,,,,,
2026-08-25-F1,2026-08-25T21:07:16.563Z,-84,7,1,2367,2,-87,772,1.6,10.4,29.0,4.13,202,-0.6,1.7,1.6,0.7,,,,,,
2026-08-25-F1,2026-08-25T21:07:16.665Z,-84,7,1,2368,2,-87,772,1.6,10.4,29.0,4.13,202,0.5,1.6,1.6,0.6,,,,,,
2026-08-25-F1,2026-08-25T21:07:16.767Z,-84,7,1,2369,2,-87,772,1.6,10.4,29.0,4.13,202,-0.0,1.6,1.6,0.6,,,,,,
2026-08-25-F1,2026-08-25T21:07:16.849Z,-84,7,1,2370,2,-87,772,1.6,10.4,29.0,4.13,202,-0.1,1.6,1.6,0.6,,,,,,
2026-08-25-F1,2026-08-25T21:07:16.952Z,-84,7,1,2371,2,-87,772,1.7,10.4,29.0,4.13,202,0.3,1.7,1.7,0.6,,,,,,
2026-08-25-F1,2026-08-25T21:07:17.054Z,-84,7,1,2372,2,-87,772,1.6,10.4,29.0,4.14,202,-0.1,1.6,1.6,0.6,,,,,,
2026-08-25-F1,2026-08-25T21:07:17.156Z,-83,7,1,2373,2,-86,772,1.6,10.4,29.0,4.13,202,0.8,1.7,1.6,0.6,,,,,,
2026-08-25-F1,2026-08-25T21:07:17.264Z,-83,7,1,2374,2,-87,772,1.6,10.4,29.0,4.13,202,-0.6,1.6,1.6,0.7,,,,,,
2026-08-25-F1,2026-08-25T21:07:17.366Z,-83,7,1,2375,2,-87,772,1.6,10.4,29.0,4.13,203,0.1,1.7,1.6,0.6,,,,,,
2026-08-25-F1,2026-08-25T21:07:17.469Z,-84,7,1,2376,2,-86,772,1.6,10.4,29.0,4.14,203,0.4,1.6,1.6,0.6,,,,,,
2026-08-25-F1,2026-08-25T21:07:17.551Z,-84,7,1,2377,2,-87,772,1.7,10.4,29.0,4.13,203,0.0,1.7,1.5,0.6,,,,,,
2026-08-25-F1,2026-08-25T21:07:17.653Z,-83,7,1,2378,2,-87,772,1.6,10.4,29.0,4.13,203,-0.1,1.6,1.6,0.6,,,,,,
2026-08-25-F1,2026-08-25T21:07:17.756Z,-83,7,1,2379,2,-86,772,1.6,10.4,29.0,4.13,203,0.9,1.7,1.6,0.6,,,,,,
2026-08-25-F1,2026-08-25T21:07:17.858Z,-83,7,1,2380,2,-87,772,1.6,10.4,29.0,4.13,203,-0.6,1.6,1.6,0.6,,,,,,
2026-08-25-F1,2026-08-25T21:07:17.960Z,-83,7,1,2381,2,-87,772,1.6,10.4,29.0,4.13,203,-0.7,1.7,1.6,0.6,,,,,,
2026-08-25-F1,2026-08-25T21:07:18.063Z,-83,7,1,2382,2,-87,772,1.7,10.4,29.0,4.13,203,0.4,1.7,1.7,0.6,,,,,,
2026-08-25-F1,2026-08-25T21:07:18.165Z,-83,7,1,2383,2,-86,772,1.6,10.4,29.0,4.13,203,0.6,1.6,1.6,0.6,,,,,,
2026-08-25-F1,2026-08-25T21:07:18.267Z,-83,7,1,2384,2,-87,772,1.7,10.4,29.0,4.13,203,-0.5,1.7,1.6,0.6,,,,,,
2026-08-25-F1,2026-08-25T21:07:18.370Z,-83,7,1,2385,2,-87,772,1.6,10.4,29.0,4.13,204,-0.9,1.6,1.6,0.7,,,,,,
2026-08-25-F1,2026-08-25T21:07:18.452Z,-84,7,1,2386,2,-87,772,1.7,10.4,29.0,4.13,204,-0.5,1.7,1.6,0.6,,,,,,
2026-08-25-F1,2026-08-25T21:07:18.555Z,-83,7,1,2387,2,-87,772,1.6,10.4,29.0,4.13,204,0.6,1.6,1.6,0.6,,,,,,
2026-08-25-F1,2026-08-25T21:07:18.657Z,-83,7,1,2388,2,-87,772,1.6,10.4,29.0,4.12,204,0.5,1.6,1.6,0.6,,,,,,
2026-08-25-F1,2026-08-25T21:07:18.759Z,-83,7,1,2389,2,-87,772,1.6,10.4,29.0,4.13,204,-0.4,1.6,1.6,0.6,,,,,,
2026-08-25-F1,2026-08-25T21:07:18.861Z,-84,7,1,2390,2,-87,772,1.6,10.4,29.0,4.13,204,0.3,1.6,1.6,0.7,,,,,,
2026-08-25-F1,2026-08-25T21:07:18.964Z,-84,7,1,2391,2,-87,772,1.6,10.4,29.0,4.13,204,0.5,1.6,1.5,0.6,,,,,,
2026-08-25-F1,2026-08-25T21:07:19.066Z,-84,7,1,2392,2,-86,772,1.6,10.4,29.0,4.13,204,0.7,1.6,1.6,0.6,,,,,,
2026-08-25-F1,2026-08-25T21:07:19.168Z,-84,7,1,2393,2,-87,772,1.6,10.4,29.0,4.14,204,-0.5,1.7,1.6,0.6,,,,,,
2026-08-25-F1,2026-08-25T21:07:19.250Z,-83,7,1,2394,2,-87,772,1.6,10.4,29.0,4.13,204,0.2,1.6,1.6,0.6,,,,,,
2026-08-25-F1,2026-08-25T21:07:19.353Z,-84,7,1,2395,2,-87,772,1.6,10.4,29.0,4.13,205,-1.3,1.6,1.6,0.6,,,,,,
2026-08-25-F1,2026-08-25T21:07:19.455Z,-84,7,1,2396,2,-87,772,1.6,10.4,29.0,4.13,205,-0.4,1.7,1.6,0.6,,,,,,
2026-08-25-F1,2026-08-25T21:07:19.558Z,-84,7,1,2397,2,-87,772,1.5,10.4,29.0,4.13,205,0.3,1.6,1.5,0.6,,,,,,
2026-08-25-F1,2026-08-25T21:07:19.660Z,-84,7,1,2398,2,-87,772,1.7,10.4,29.0,4.13,205,-1.0,1.7,1.5,0.6,,,,,,
2026-08-25-F1,2026-08-25T21:07:19.762Z,-84,7,1,2399,2,-87,772,1.7,10.4,29.0,4.13,205,-0.1,1.7,1.5,0.6,,,,,,
2026-08-25-F1,2026-08-25T21:07:19.865Z,-83,7,1,2400,2,-87,772,1.6,10.4,29.0,4.13,205,0.3,1.7,1.6,0.6,,,,,,
2026-08-25-F1,2026-08-25T21:07:19.967Z,-84,7,1,2401,2,-87,772,1.6,10.4,29.0,4.13,205,0.5,1.6,1.6,0.6,,,,,,
2026-08-25-F1,2026-08-25T21:07:20.069Z,-84,7,1,2402,2,-87,772,1.5,10.4,29.0,4.13,205,0.2,1.6,1.5,0.6,,,,,,
2026-08-25-F1,2026-08-25T21:07:20.151Z,-84,7,1,2403,2,-87,772,1.6,10.4,29.0,4.13,205,-0.4,1.6,1.6,0.6,,,,,,
2026-08-25-F1,2026-08-25T21:07:20.254Z,-84,7,1,2404,2,-87,772,1.6,10.4,29.0,4.13,205,0.5,1.6,1.6,0.6,,,,,,
2026-08-25-F1,2026-08-25T21:07:20.356Z,-84,7,1,2405,2,-86,772,1.6,10.4,29.0,4.13,206,1.8,1.6,1.6,0.6,,,,,,
2026-08-25-F1,2026-08-25T21:07:20.458Z,-84,7,1,2406,2,-86,772,1.7,10.4,29.0,4.13,206,0.9,1.7,1.7,0.6,,,,,,
2026-08-25-F1,2026-08-25T21:07:20.561Z,-84,7,1,2407,2,-87,772,1.6,10.4,29.0,4.14,206,-0.8,1.7,1.6,0.6,,,,,,
2026-08-25-F1,2026-08-25T21:07:20.664Z,-84,7,1,2408,2,-86,772,1.6,10.4,29.0,4.13,206,-0.3,1.7,1.6,0.6,,,,,,
2026-08-25-F1,2026-08-25T21:07:20.766Z,-83,7,1,2409,2,-87,772,1.6,10.4,29.0,4.13,206,-0.5,1.6,1.6,0.6,,,,,,
2026-08-25-F1,2026-08-25T21:07:20.868Z,-83,7,1,2410,2,-87,772,1.6,10.4,29.0,4.13,206,-1.5,1.7,1.6,0.7,,,,,,
2026-08-25-F1,2026-08-25T21:07:20.950Z,-83,7,1,2411,2,-87,772,1.6,10.4,29.0,4.12,206,-0.7,1.6,1.6,0.7,,,,,,
2026-08-25-F1,2026-08-25T21:07:21.053Z,-83,7,1,2412,2,-87,772,1.5,10.4,29.0,4.13,206,-1.1,1.6,1.5,0.6,,,,,,
2026-08-25-F1,2026-08-25T21:07:21.155Z,-83,7,1,2413,2,-87,772,1.6,10.4,29.0,4.13,206,-0.5,1.6,1.6,0.6,,,,,,
2026-08-25-F1,2026-08-25T21:07:21.258Z,-83,7,1,2414,2,-87,772,1.6,10.4,29.0,4.13,206,0.1,1.6,1.6,0.6,,,,,,
2026-08-25-F1,2026-08-25T21:07:21.360Z,-83,7,1,2415,2,-87,772,1.6,10.4,29.0,4.13,207,0.6,1.6,1.6,0.6,,,,,,
2026-08-25-F1,2026-08-25T21:07:21.462Z,-83,7,1,2416,2,-87,772,1.6,10.4,29.0,4.13,207,0.7,1.6,1.6,0.6,,,,,,
2026-08-25-F1,2026-08-25T21:07:21.565Z,-83,7,1,2417,2,-87,772,1.7,10.4,29.0,4.13,207,0.1,1.7,1.7,0.6,,,,,,
2026-08-25-F1,2026-08-25T21:07:21.667Z,-83,7,1,2418,2,-87,772,1.7,10.4,29.0,4.13,207,-1.1,1.7,1.6,0.6,,,,,,
2026-08-25-F1,2026-08-25T21:07:21.769Z,-83,7,1,2419,2,-87,772,1.6,10.4,29.0,4.13,207,-0.4,1.6,1.6,0.6,,,,,,
2026-08-25-F1,2026-08-25T21:07:21.852Z,-83,7,1,2420,2,-87,772,1.6,10.4,29.0,4.13,207,0.3,1.6,1.6,0.6,,,,,,
2026-08-25-F1,2026-08-25T21:07:21.954Z,-84,7,1,2421,2,-87,772,1.6,10.4,29.0,4.13,207,0.6,1.6,1.6,0.6,,,,,,
2026-08-25-F1,2026-08-25T21:07:22.056Z,-83,7,1,2422,2,-87,772,1.6,10.4,29.0,4.13,207,0.3,1.7,1.6,0.6,,,,,,
2026-08-25-F1,2026-08-25T21:07:22.158Z,-83,7,1,2423,2,-87,772,1.6,10.4,29.0,4.13,207,-0.4,1.6,1.6,0.6,,,,,,
2026-08-25-F1,2026-08-25T21:07:22.261Z,-83,7,1,2424,2,-87,772,1.6,10.4,29.0,4.14,207,-0.1,1.6,1.6,0.6,,,,,,
2026-08-25-F1,2026-08-25T21:07:22.363Z,-84,7,1,2425,2,-87,772,1.6,10.4,29.0,4.13,208,-0.7,1.6,1.6,0.7,,,,,,
2026-08-25-F1,2026-08-25T21:07:22.466Z,-83,7,1,2426,2,-87,772,1.6,10.4,29.0,4.13,208,-0.5,1.6,1.6,0.6,,,,,,
2026-08-25-F1,2026-08-25T21:07:22.568Z,-84,7,1,2427,2,-87,772,1.7,10.4,29.0,4.13,208,-0.5,1.7,1.6,0.6,,,,,,
2026-08-25-F1,2026-08-25T21:07:22.671Z,-84,7,1,2428,2,-87,772,1.6,10.4,29.0,4.13,208,-0.5,1.7,1.6,0.6,,,,,,
2026-08-25-F1,2026-08-25T21:07:22.753Z,-84,7,1,2429,2,-87,772,1.6,10.4,29.0,4.13,208,-0.4,1.6,1.6,0.6,,,,,,
2026-08-25-F1,2026-08-25T21:07:22.861Z,-84,7,1,2430,2,-87,772,1.6,10.4,29.0,4.13,208,0.0,1.6,1.6,0.6,,,,,,
2026-08-25-F1,2026-08-25T21:07:22.963Z,-84,7,1,2431,2,-87,772,1.6,10.4,29.0,4.13,208,0.9,1.6,1.6,0.6,,,,,,
2026-08-25-F1,2026-08-25T21:07:23.066Z,-84,7,1,2432,2,-87,772,1.6,10.4,29.0,4.13,208,1.1,1.6,1.6,0.6,,,,,,
2026-08-25-F1,2026-08-25T21:07:23.168Z,-85,7,1,2433,2,-87,772,1.6,10.4,29.0,4.13,208,0.5,1.7,1.6,0.7,,,,,,
2026-08-25-F1,2026-08-25T21:07:23.270Z,-83,7,1,2434,2,-87,772,1.6,10.4,29.0,4.13,208,-0.7,1.6,1.6,0.6,,,,,,
2026-08-25-F1,2026-08-25T21:07:23.352Z,-84,7,1,2435,2,-87,772,1.7,10.4,29.0,4.13,209,-0.0,1.7,1.6,0.6,,,,,,
2026-08-25-F1,2026-08-25T21:07:23.455Z,-84,7,1,2436,2,-87,772,1.6,10.4,29.0,4.13,209,-0.3,1.6,1.6,0.6,,,,,,
2026-08-25-F1,2026-08-25T21:07:23.557Z,-83,7,1,2437,2,-87,772,1.6,10.4,29.0,4.13,209,-0.4,1.6,1.6,0.6,,,,,,
2026-08-25-F1,2026-08-25T21:07:23.660Z,-83,7,1,2438,2,-87,772,1.6,10.4,29.0,4.13,209,-0.8,1.7,1.6,0.6,,,,,,
2026-08-25-F1,2026-08-25T21:07:23.762Z,-84,7,1,2439,2,-87,772,1.6,10.4,29.0,4.13,209,0.0,1.7,1.6,0.6,,,,,,
2026-08-25-F1,2026-08-25T21:07:23.864Z,-84,7,1,2440,2,-87,772,1.7,10.4,29.0,4.12,209,0.4,1.7,1.7,0.6,,,,,,
2026-08-25-F1,2026-08-25T21:07:23.966Z,-84,7,1,2441,2,-87,772,1.6,10.4,29.0,4.13,209,0.3,1.7,1.6,0.6,,,,,,
2026-08-25-F1,2026-08-25T21:07:24.069Z,-84,7,1,2442,2,-87,772,1.6,10.4,29.0,4.12,209,-1.3,1.7,1.6,0.7,,,,,,
2026-08-25-F1,2026-08-25T21:07:24.171Z,-84,7,1,2443,2,-87,772,1.6,10.4,29.0,4.13,209,0.1,1.6,1.6,0.6,,,,,,
2026-08-25-F1,2026-08-25T21:07:24.253Z,-84,7,1,2444,2,-87,772,1.7,10.4,29.0,4.14,209,0.9,1.7,1.6,0.6,,,,,,
2026-08-25-F1,2026-08-25T21:07:24.355Z,-84,7,1,2445,2,-86,772,1.6,10.4,29.0,4.12,210,1.3,1.7,1.6,0.6,,,,,,
2026-08-25-F1,2026-08-25T21:07:24.458Z,-84,7,1,2446,2,-87,772,1.6,10.4,29.0,4.13,210,-0.4,1.7,1.6,0.7,,,,,,
2026-08-25-F1,2026-08-25T21:07:24.560Z,-84,7,1,2447,2,-87,772,1.6,10.4,29.0,4.13,210,-1.7,1.7,1.6,0.6,,,,,,
2026-08-25-F1,2026-08-25T21:07:24.663Z,-84,7,1,2448,2,-87,772,1.6,10.4,29.0,4.13,210,-0.2,1.6,1.6,0.6,,,,,,
2026-08-25-F1,2026-08-25T21:07:24.765Z,-84,7,1,2449,2,-87,772,1.6,10.4,29.0,4.13,210,0.6,1.6,1.6,0.7,,,,,,
2026-08-25-F1,2026-08-25T21:07:24.867Z,-84,7,1,2450,2,-87,772,1.6,10.4,29.0,4.13,210,0.0,1.6,1.6,0.6,,,,,,
2026-08-25-F1,2026-08-25T21:07:24.970Z,-84,7,1,2451,2,-87,772,1.6,10.4,29.0,4.13,210,-0.0,1.6,1.6,0.6,,,,,,
2026-08-25-F1,2026-08-25T21:07:25.052Z,-84,7,1,2452,2,-87,772,1.6,10.4,29.0,4.13,210,-0.3,1.6,1.6,0.6,,,,,,
2026-08-25-F1,2026-08-25T21:07:25.155Z,-83,7,1,2453,2,-87,772,1.6,10.4,29.0,4.13,210,-1.2,1.6,1.6,0.6,,,,,,
2026-08-25-F1,2026-08-25T21:07:25.257Z,-83,7,1,2454,2,-87,772,1.6,10.4,29.0,4.13,210,-1.1,1.6,1.6,0.6,,,,,,
2026-08-25-F1,2026-08-25T21:07:25.359Z,-83,7,1,2455,2,-87,772,1.6,10.4,29.0,4.13,211,-0.1,1.6,1.6,0.6,,,,,,
2026-08-25-F1,2026-08-25T21:07:25.462Z,-83,7,1,2456,2,-87,772,1.7,10.4,29.0,4.13,211,0.9,1.7,1.6,0.6,,,,,,
2026-08-25-F1,2026-08-25T21:07:25.565Z,-83,7,1,2457,2,-87,772,1.7,10.4,29.0,4.13,211,1.0,1.7,1.6,0.6,,,,,,
2026-08-25-F1,2026-08-25T21:07:25.667Z,-83,7,1,2458,2,-87,772,1.6,10.4,29.0,4.13,211,-0.0,1.6,1.6,0.6,,,,,,
2026-08-25-F1,2026-08-25T21:07:25.769Z,-83,7,1,2459,2,-87,772,1.7,10.4,29.0,4.14,211,-0.6,1.7,1.6,0.6,,,,,,
2026-08-25-F1,2026-08-25T21:07:25.871Z,-83,7,1,2460,2,-87,772,1.7,10.4,29.0,4.13,211,-0.5,1.7,1.5,0.6,,,,,,
2026-08-25-F1,2026-08-25T21:07:25.954Z,-83,7,1,2461,2,-87,772,1.7,10.4,29.0,4.13,211,-0.5,1.7,1.7,0.6,,,,,,
2026-08-25-F1,2026-08-25T21:07:26.056Z,-83,7,1,2462,2,-87,772,1.6,10.4,29.0,4.13,211,-0.1,1.6,1.6,0.6,,,,,,
2026-08-25-F1,2026-08-25T21:07:26.158Z,-83,7,1,2463,2,-87,772,1.6,10.4,29.0,4.13,211,-0.1,1.7,1.6,0.6,,,,,,
2026-08-25-F1,2026-08-25T21:07:26.261Z,-83,7,1,2464,2,-87,772,1.6,10.4,29.0,4.13,211,1.3,1.6,1.6,0.6,,,,,,
2026-08-25-F1,2026-08-25T21:07:26.363Z,-84,7,1,2465,2,-87,772,1.6,10.4,29.0,4.13,212,0.2,1.6,1.6,0.6,,,,,,
2026-08-25-F1,2026-08-25T21:07:26.465Z,-83,7,1,2466,2,-87,772,1.6,10.4,29.0,4.13,212,-0.5,1.6,1.6,0.6,,,,,,
2026-08-25-F1,2026-08-25T21:07:26.568Z,-84,7,1,2467,2,-87,772,1.6,10.4,29.0,4.13,212,0.6,1.6,1.6,0.6,,,,,,
2026-08-25-F1,2026-08-25T21:07:26.670Z,-83,7,1,2468,2,-87,772,1.6,10.4,29.0,4.13,212,0.3,1.6,1.6,0.6,,,,,,
2026-08-25-F1,2026-08-25T21:07:26.752Z,-83,7,1,2469,2,-87,772,1.6,10.4,29.0,4.14,212,0.1,1.6,1.6,0.6,,,,,,
2026-08-25-F1,2026-08-25T21:07:26.854Z,-83,7,1,2470,2,-87,772,1.6,10.4,29.0,4.13,212,-0.2,1.6,1.6,0.6,,,,,,
2026-08-25-F1,2026-08-25T21:07:26.957Z,-83,7,1,2471,2,-87,772,1.6,10.4,29.0,4.13,212,-0.2,1.6,1.6,0.6,,,,,,
2026-08-25-F1,2026-08-25T21:07:27.059Z,-83,7,1,2472,2,-87,772,1.6,10.4,29.0,4.13,212,0.5,1.6,1.6,0.6,,,,,,
2026-08-25-F1,2026-08-25T21:07:27.161Z,-84,7,1,2473,2,-87,772,1.6,10.4,29.0,4.12,212,0.8,1.6,1.6,0.6,,,,,,
2026-08-25-F1,2026-08-25T21:07:27.264Z,-83,7,1,2474,2,-87,772,1.6,10.4,29.0,4.13,212,-0.0,1.6,1.6,0.6,,,,,,
2026-08-25-F1,2026-08-25T21:07:27.042Z,-84,7,1,2475,2,-87,772,1.6,10.4,29.0,4.13,213,0.3,1.6,1.6,0.6,,,,,,
2026-08-25-F1,2026-08-25T21:07:27.145Z,-83,7,1,2476,2,-87,772,1.6,10.4,29.0,4.13,213,0.3,1.7,1.6,0.6,,,,,,
2026-08-25-F1,2026-08-25T21:07:27.248Z,-83,7,1,2477,2,-87,772,1.6,10.4,29.0,4.13,213,-0.4,1.7,1.6,0.6,,,,,,
2026-08-25-F1,2026-08-25T21:07:27.330Z,-84,7,1,2478,2,-87,772,1.7,10.4,29.0,4.13,213,-0.5,1.7,1.6,0.6,,,,,,
2026-08-25-F1,2026-08-25T21:07:27.432Z,-83,7,1,2479,2,-87,772,1.6,10.4,29.0,4.13,213,-0.3,1.6,1.6,0.6,,,,,,
2026-08-25-F1,2026-08-25T21:07:27.534Z,-83,7,1,2480,2,-87,772,1.6,10.4,29.0,4.13,213,0.4,1.7,1.6,0.6,,,,,,
2026-08-25-F1,2026-08-25T21:07:27.637Z,-83,7,1,2481,2,-87,772,1.6,10.4,29.0,4.13,213,-0.5,1.6,1.6,0.6,,,,,,
2026-08-25-F1,2026-08-25T21:07:27.739Z,-83,7,1,2482,2,-87,772,1.6,10.4,29.0,4.13,213,-0.3,1.6,1.6,0.6,,,,,,
2026-08-25-F1,2026-08-25T21:07:27.841Z,-83,7,1,2483,2,-87,772,1.7,10.4,29.0,4.13,213,-0.8,1.7,1.7,0.6,,,,,,
2026-08-25-F1,2026-08-25T21:07:27.944Z,-83,7,1,2484,2,-87,772,1.6,10.4,29.0,4.13,213,0.5,1.6,1.6,0.6,,,,,,
2026-08-25-F1,2026-08-25T21:07:28.047Z,-83,7,1,2485,2,-87,772,1.7,10.4,29.0,4.13,214,-0.1,1.7,1.6,0.6,,,,,,
2026-08-25-F1,2026-08-25T21:07:28.152Z,-83,7,1,2486,2,-87,772,1.6,10.4,29.0,4.12,214,-0.7,1.6,1.6,0.6,,,,,,
2026-08-25-F1,2026-08-25T21:07:28.257Z,-83,7,1,2487,2,-87,772,1.6,10.4,29.0,4.12,214,-1.2,1.6,1.6,0.6,,,,,,
2026-08-25-F1,2026-08-25T21:07:28.341Z,-83,7,1,2488,2,-87,772,1.7,10.4,29.0,4.13,214,0.9,1.7,1.7,0.6,,,,,,
2026-08-25-F1,2026-08-25T21:07:28.447Z,-83,7,1,2489,2,-87,772,1.6,10.4,29.0,4.13,214,-1.7,1.6,1.6,0.6,,,,,,
2026-08-25-F1,2026-08-25T21:07:28.552Z,-83,7,1,2490,2,-87,772,1.6,10.4,29.0,4.13,214,0.2,1.7,1.6,0.6,,,,,,
2026-08-25-F1,2026-08-25T21:07:28.656Z,-83,7,1,2491,2,-87,772,1.7,10.4,29.0,4.13,214,0.9,1.7,1.6,0.6,,,,,,
2026-08-25-F1,2026-08-25T21:07:28.761Z,-83,7,1,2492,2,-87,772,1.6,10.4,29.0,4.13,214,-0.5,1.7,1.6,0.6,,,,,,
2026-08-25-F1,2026-08-25T21:07:28.865Z,-83,7,1,2493,2,-87,772,1.6,10.4,29.0,4.12,214,-0.4,1.6,1.6,0.6,,,,,,
2026-08-25-F1,2026-08-25T21:07:28.969Z,-83,7,1,2494,2,-87,772,1.6,10.4,29.0,4.13,214,-0.9,1.6,1.6,0.7,,,,,,
2026-08-25-F1,2026-08-25T21:07:29.079Z,-83,7,1,2495,2,-87,772,1.6,10.4,29.0,4.13,215,-0.1,1.7,1.6,0.6,,,,,,
2026-08-25-F1,2026-08-25T21:07:29.184Z,-83,7,1,2496,2,-87,772,1.6,10.4,29.0,4.13,215,0.8,1.6,1.5,0.6,,,,,,
2026-08-25-F1,2026-08-25T21:07:29.288Z,-83,7,1,2497,2,-87,772,1.6,10.4,29.0,4.13,215,0.7,1.6,1.6,0.6,,,,,,
2026-08-25-F1,2026-08-25T21:07:29.392Z,-83,7,1,2498,2,-87,772,1.5,10.4,29.0,4.12,215,0.1,1.7,1.5,0.6,,,,,,
2026-08-25-F1,2026-08-25T21:07:29.497Z,-82,7,1,2499,2,-87,772,1.6,10.4,29.0,4.13,215,1.4,1.7,1.6,0.6,,,,,,
2026-08-25-F1,2026-08-25T21:07:29.602Z,-82,7,1,2500,2,-87,772,1.6,10.4,29.0,4.12,215,-0.8,1.6,1.6,0.6,,,,,,
2026-08-25-F1,2026-08-25T21:07:29.707Z,-83,7,1,2501,2,-87,772,1.6,10.4,29.0,4.13,215,-0.3,1.7,1.6,0.6,,,,,,
2026-08-25-F1,2026-08-25T21:07:29.810Z,-83,7,1,2502,2,-87,772,1.6,10.4,29.0,4.13,215,1.3,1.6,1.5,0.6,,,,,,
2026-08-25-F1,2026-08-25T21:07:29.914Z,-83,7,1,2503,2,-87,772,1.7,10.4,29.0,4.13,215,-0.2,1.7,1.6,0.6,,,,,,
2026-08-25-F1,2026-08-25T21:07:29.998Z,-83,7,1,2504,2,-87,772,1.6,10.4,29.0,4.12,215,-1.2,1.6,1.6,0.6,,,,,,
2026-08-25-F1,2026-08-25T21:07:30.103Z,-83,7,1,2505,2,-87,772,1.7,10.4,29.0,4.13,216,-0.2,1.7,1.7,0.6,,,,,,
2026-08-25-F1,2026-08-25T21:07:30.208Z,-83,7,1,2506,2,-87,772,1.6,10.4,29.0,4.13,216,-0.6,1.6,1.6,0.6,,,,,,
2026-08-25-F1,2026-08-25T21:07:30.311Z,-83,7,1,2507,2,-87,772,1.6,10.4,29.0,4.12,216,-0.1,1.6,1.6,0.6,,,,,,
2026-08-25-F1,2026-08-25T21:07:30.415Z,-83,7,1,2508,2,-87,772,1.6,10.4,29.0,4.13,216,1.0,1.6,1.6,0.6,,,,,,
2026-08-25-F1,2026-08-25T21:07:30.520Z,-83,7,1,2509,2,-87,772,1.7,10.4,29.0,4.13,216,1.3,1.7,1.6,0.6,,,,,,
2026-08-25-F1,2026-08-25T21:07:30.624Z,-83,7,1,2510,2,-86,772,1.6,10.4,29.0,4.13,216,1.4,1.7,1.6,0.6,,,,,,
2026-08-25-F1,2026-08-25T21:07:30.728Z,-83,7,1,2511,2,-86,772,1.6,10.4,29.0,4.13,216,0.7,1.6,1.6,0.6,,,,,,
2026-08-25-F1,2026-08-25T21:07:30.832Z,-83,7,1,2512,2,-87,772,1.7,10.4,29.0,4.13,216,-0.2,1.7,1.6,0.7,,,,,,
2026-08-25-F1,2026-08-25T21:07:30.935Z,-83,7,1,2513,2,-87,772,1.6,10.4,29.0,4.13,216,-0.1,1.6,1.6,0.6,,,,,,
2026-08-25-F1,2026-08-25T21:07:31.039Z,-83,7,1,2514,2,-86,772,1.6,10.4,29.0,4.13,216,0.8,1.6,1.6,0.6,,,,,,
2026-08-25-F1,2026-08-25T21:07:31.144Z,-83,7,1,2515,2,-87,772,1.6,10.4,29.0,4.13,217,-0.8,1.6,1.5,0.6,,,,,,
2026-08-25-F1,2026-08-25T21:07:31.248Z,-83,7,1,2516,2,-87,772,1.6,10.4,29.0,4.13,217,-0.4,1.7,1.6,0.6,,,,,,
2026-08-25-F1,2026-08-25T21:07:31.354Z,-83,7,1,2517,2,-87,772,1.7,10.4,29.0,4.13,217,0.0,1.7,1.6,0.6,,,,,,
2026-08-25-F1,2026-08-25T21:07:31.438Z,-83,7,1,2518,2,-87,772,1.6,10.4,29.0,4.13,217,-0.2,1.6,1.6,0.6,,,,,,
2026-08-25-F1,2026-08-25T21:07:31.542Z,-84,7,1,2519,2,-87,772,1.6,10.4,29.0,4.13,217,0.2,1.6,1.6,0.6,,,,,,
2026-08-25-F1,2026-08-25T21:07:31.647Z,-83,7,1,2520,2,-87,772,1.6,10.4,29.0,4.13,217,0.2,1.6,1.6,0.6,,,,,,
2026-08-25-F1,2026-08-25T21:07:31.750Z,-83,7,1,2521,2,-87,772,1.6,10.4,29.0,4.12,217,-0.2,1.6,1.6,0.6,,,,,,
2026-08-25-F1,2026-08-25T21:07:31.854Z,-84,7,1,2522,2,-87,772,1.6,10.4,29.0,4.13,217,0.3,1.6,1.6,0.6,,,,,,
2026-08-25-F1,2026-08-25T21:07:31.957Z,-83,7,1,2523,2,-86,772,1.7,10.4,29.0,4.13,217,1.1,1.7,1.7,0.6,,,,,,
2026-08-25-F1,2026-08-25T21:07:32.061Z,-83,7,1,2524,2,-87,772,1.7,10.4,29.0,4.13,217,0.0,1.7,1.6,0.6,,,,,,
2026-08-25-F1,2026-08-25T21:07:32.165Z,-84,7,1,2525,2,-87,772,1.6,10.4,29.0,4.14,218,-0.0,1.6,1.6,0.6,,,,,,
2026-08-25-F1,2026-08-25T21:07:32.268Z,-84,7,1,2526,2,-87,772,1.6,10.4,29.0,4.13,218,-0.9,1.6,1.6,0.6,,,,,,
2026-08-25-F1,2026-08-25T21:07:32.378Z,-84,7,1,2527,2,-87,772,1.6,10.4,29.0,4.12,218,-1.6,1.6,1.6,0.6,,,,,,
2026-08-25-F1,2026-08-25T21:07:32.462Z,-84,7,1,2528,2,-87,772,1.6,10.4,29.0,4.13,218,-1.8,1.6,1.6,0.6,,,,,,
2026-08-25-F1,2026-08-25T21:07:32.566Z,-84,7,1,2529,2,-87,772,1.6,10.4,29.0,4.13,218,-0.6,1.6,1.6,0.6,,,,,,
2026-08-25-F1,2026-08-25T21:07:32.670Z,-84,7,1,2530,2,-87,772,1.6,10.4,29.0,4.13,218,0.3,1.6,1.6,0.6,,,,,,
2026-08-25-F1,2026-08-25T21:07:32.774Z,-84,7,1,2531,2,-87,772,1.6,10.4,29.0,4.14,218,0.4,1.6,1.6,0.6,,,,,,
2026-08-25-F1,2026-08-25T21:07:32.877Z,-84,7,1,2532,2,-87,772,1.6,10.4,29.0,4.13,218,0.4,1.6,1.6,0.6,,,,,,
2026-08-25-F1,2026-08-25T21:07:32.980Z,-84,7,1,2533,2,-87,772,1.6,10.4,29.0,4.13,218,1.1,1.6,1.6,0.6,,,,,,
2026-08-25-F1,2026-08-25T21:07:33.084Z,-84,7,1,2534,2,-87,772,1.6,10.4,29.0,4.13,218,0.2,1.7,1.6,0.6,,,,,,
2026-08-25-F1,2026-08-25T21:07:33.188Z,-84,7,1,2535,2,-87,772,1.6,10.4,29.0,4.13,219,0.4,1.6,1.6,0.6,,,,,,
2026-08-25-F1,2026-08-25T21:07:33.291Z,-84,7,1,2536,2,-86,772,1.7,10.4,29.0,4.13,219,1.2,1.7,1.6,0.6,,,,,,
2026-08-25-F1,2026-08-25T21:07:33.395Z,-84,7,1,2537,2,-87,772,1.7,10.4,29.0,4.13,219,0.3,1.7,1.6,0.6,,,,,,
2026-08-25-F1,2026-08-25T21:07:33.484Z,-84,7,1,2538,2,-87,772,1.6,10.4,29.0,4.14,219,-1.0,1.6,1.6,0.6,,,,,,
2026-08-25-F1,2026-08-25T21:07:33.588Z,-84,7,1,2539,2,-87,772,1.6,10.4,29.0,4.13,219,-0.6,1.6,1.6,0.6,,,,,,
2026-08-25-F1,2026-08-25T21:07:33.692Z,-83,7,1,2540,2,-87,772,1.6,10.4,29.0,4.13,219,-0.3,1.7,1.6,0.6,,,,,,
2026-08-25-F1,2026-08-25T21:07:33.796Z,-84,7,1,2541,2,-87,772,1.6,10.4,29.0,4.13,219,0.1,1.6,1.6,0.6,,,,,,
2026-08-25-F1,2026-08-25T21:07:33.899Z,-83,7,1,2542,2,-87,772,1.6,10.4,29.0,4.12,219,0.7,1.6,1.6,0.6,,,,,,
2026-08-25-F1,2026-08-25T21:07:34.002Z,-83,7,1,2543,2,-86,772,1.6,10.4,29.0,4.13,219,0.9,1.6,1.6,0.6,,,,,,
2026-08-25-F1,2026-08-25T21:07:34.105Z,-84,7,1,2544,2,-86,772,1.6,10.4,29.0,4.13,219,0.6,1.6,1.6,0.6,,,,,,
2026-08-25-F1,2026-08-25T21:07:34.209Z,-83,7,1,2545,2,-86,772,1.6,10.4,29.0,4.13,220,0.2,1.6,1.6,0.6,,,,,,
2026-08-25-F1,2026-08-25T21:07:34.313Z,-83,7,1,2546,2,-87,772,1.6,10.4,29.0,4.12,220,-1.9,1.6,1.6,0.6,,,,,,
2026-08-25-F1,2026-08-25T21:07:34.416Z,-83,7,1,2547,2,-87,772,1.6,10.4,29.0,4.13,220,-0.9,1.7,1.6,0.6,,,,,,
2026-08-25-F1,2026-08-25T21:07:34.520Z,-83,7,1,2548,2,-87,772,1.7,10.4,29.0,4.12,220,0.0,1.7,1.6,0.6,,,,,,
2026-08-25-F1,2026-08-25T21:07:34.603Z,-83,7,1,2549,2,-87,772,1.6,10.4,29.0,4.13,220,-0.1,1.7,1.6,0.6,,,,,,
2026-08-25-F1,2026-08-25T21:07:34.707Z,-83,7,1,2550,2,-87,772,1.6,10.4,29.0,4.14,220,-0.6,1.6,1.6,0.6,,,,,,
2026-08-25-F1,2026-08-25T21:07:34.810Z,-83,7,1,2551,2,-87,772,1.6,10.4,29.0,4.13,220,0.1,1.6,1.6,0.6,,,,,,
2026-08-25-F1,2026-08-25T21:07:34.914Z,-84,7,1,2552,2,-87,772,1.6,10.4,29.0,4.13,220,-0.1,1.6,1.6,0.6,,,,,,
2026-08-25-F1,2026-08-25T21:07:35.016Z,-84,7,1,2553,2,-87,772,1.6,10.4,29.0,4.12,220,-0.2,1.6,1.6,0.6,,,,,,
2026-08-25-F1,2026-08-25T21:07:35.120Z,-83,7,1,2554,2,-87,772,1.6,10.4,29.0,4.13,220,0.7,1.6,1.6,0.6,,,,,,
2026-08-25-F1,2026-08-25T21:07:35.223Z,-84,7,1,2555,2,-87,772,1.6,10.4,29.0,4.13,221,-0.1,1.7,1.6,0.6,,,,,,
2026-08-25-F1,2026-08-25T21:07:35.327Z,-84,7,1,2556,2,-87,772,1.6,10.4,29.0,4.13,221,0.3,1.6,1.6,0.6,,,,,,
2026-08-25-F1,2026-08-25T21:07:35.430Z,-84,7,1,2557,2,-87,772,1.6,10.4,29.0,4.13,221,0.6,1.7,1.6,0.6,,,,,,
2026-08-25-F1,2026-08-25T21:07:35.534Z,-83,7,1,2558,2,-87,772,1.6,10.4,29.0,4.13,221,0.1,1.7,1.6,0.6,,,,,,
2026-08-25-F1,2026-08-25T21:07:35.637Z,-83,7,1,2559,2,-86,772,1.6,10.4,29.0,4.13,221,0.5,1.6,1.6,0.6,,,,,,
2026-08-25-F1,2026-08-25T21:07:35.720Z,-83,7,1,2560,2,-87,772,1.6,10.4,29.0,4.13,221,-0.8,1.6,1.6,0.6,,,,,,
2026-08-25-F1,2026-08-25T21:07:35.823Z,-83,7,1,2561,2,-87,772,1.6,10.4,29.0,4.13,221,0.2,1.7,1.6,0.6,,,,,,
2026-08-25-F1,2026-08-25T21:07:35.927Z,-83,7,1,2562,2,-87,772,1.6,10.4,29.0,4.13,221,-0.6,1.6,1.6,0.6,,,,,,
2026-08-25-F1,2026-08-25T21:07:36.030Z,-83,7,1,2563,2,-87,772,1.6,10.4,29.0,4.13,221,-0.3,1.6,1.6,0.6,,,,,,
2026-08-25-F1,2026-08-25T21:07:36.133Z,-83,7,1,2564,2,-87,772,1.6,10.4,29.0,4.13,221,-0.2,1.6,1.5,0.6,,,,,,
2026-08-25-F1,2026-08-25T21:07:36.237Z,-82,7,1,2565,2,-87,772,1.6,10.4,29.0,4.13,222,0.5,1.6,1.6,0.6,,,,,,
2026-08-25-F1,2026-08-25T21:07:36.340Z,-83,7,1,2566,2,-87,772,1.6,10.4,29.0,4.13,222,0.4,1.6,1.6,0.6,,,,,,
2026-08-25-F1,2026-08-25T21:07:36.444Z,-84,7,1,2567,2,-87,772,1.7,10.4,29.0,4.13,222,-0.9,1.7,1.6,0.6,,,,,,
2026-08-25-F1,2026-08-25T21:07:36.547Z,-83,7,1,2568,2,-87,772,1.6,10.4,29.0,4.13,222,-0.4,1.6,1.6,0.6,,,,,,
2026-08-25-F1,2026-08-25T21:07:36.650Z,-84,7,1,2569,2,-86,772,1.6,10.4,29.0,4.13,222,1.5,1.7,1.6,0.6,,,,,,
2026-08-25-F1,2026-08-25T21:07:36.753Z,-83,7,1,2570,2,-86,772,1.7,10.4,29.0,4.13,222,1.4,1.7,1.6,0.6,,,,,,
2026-08-25-F1,2026-08-25T21:07:36.842Z,-83,7,1,2571,2,-87,772,1.6,10.4,29.0,4.13,222,-0.7,1.6,1.6,0.6,,,,,,
2026-08-25-F1,2026-08-25T21:07:36.945Z,-83,7,1,2572,2,-86,772,1.7,10.4,29.0,4.13,222,-0.0,1.7,1.6,0.6,,,,,,
2026-08-25-F1,2026-08-25T21:07:37.048Z,-84,7,1,2573,2,-87,772,1.6,10.4,29.0,4.13,222,-0.8,1.6,1.6,0.6,,,,,,
2026-08-25-F1,2026-08-25T21:07:37.151Z,-84,7,1,2574,2,-87,772,1.6,10.4,29.0,4.13,222,-0.3,1.6,1.6,0.7,,,,,,
2026-08-25-F1,2026-08-25T21:07:37.254Z,-83,7,1,2575,2,-86,772,1.6,10.4,29.0,4.12,223,0.7,1.6,1.6,0.6,,,,,,
2026-08-25-F1,2026-08-25T21:07:37.358Z,-83,7,1,2576,2,-87,772,1.6,10.4,29.0,4.13,223,-0.6,1.6,1.6,0.6,,,,,,
2026-08-25-F1,2026-08-25T21:07:37.461Z,-83,7,1,2577,2,-87,772,1.6,10.4,29.0,4.13,223,-1.0,1.7,1.6,0.6,,,,,,
2026-08-25-F1,2026-08-25T21:07:37.543Z,-83,7,1,2578,2,-87,772,1.6,10.4,29.0,4.13,223,0.4,1.6,1.6,0.6,,,,,,
2026-08-25-F1,2026-08-25T21:07:37.647Z,-83,7,1,2579,2,-87,772,1.6,10.4,29.0,4.13,223,0.0,1.6,1.6,0.6,,,,,,
2026-08-25-F1,2026-08-25T21:07:37.750Z,-83,7,1,2580,2,-87,772,1.7,10.4,29.0,4.13,223,0.2,1.7,1.6,0.6,,,,,,
2026-08-25-F1,2026-08-25T21:07:37.853Z,-83,7,1,2581,2,-87,772,1.6,10.4,29.0,4.13,223,-0.6,1.6,1.6,0.6,,,,,,
2026-08-25-F1,2026-08-25T21:07:37.956Z,-82,7,1,2582,2,-87,772,1.6,10.4,29.0,4.13,223,-0.7,1.6,1.6,0.6,,,,,,
2026-08-25-F1,2026-08-25T21:07:38.059Z,-83,7,1,2583,2,-87,772,1.6,10.4,29.0,4.13,223,0.4,1.6,1.6,0.6,,,,,,
2026-08-25-F1,2026-08-25T21:07:38.162Z,-83,7,1,2584,2,-87,772,1.7,10.4,29.0,4.13,223,-0.0,1.7,1.7,0.6,,,,,,
2026-08-25-F1,2026-08-25T21:07:38.265Z,-84,7,1,2585,2,-86,772,1.6,10.4,29.0,4.13,224,0.7,1.7,1.6,0.6,,,,,,
2026-08-25-F1,2026-08-25T21:07:38.369Z,-84,7,1,2586,2,-86,772,1.6,10.4,29.0,4.12,224,0.3,1.6,1.6,0.6,,,,,,
2026-08-25-F1,2026-08-25T21:07:38.471Z,-83,7,1,2587,2,-86,772,1.6,10.4,29.0,4.13,224,0.0,1.6,1.6,0.6,,,,,,
2026-08-25-F1,2026-08-25T21:07:38.574Z,-83,7,1,2588,2,-86,772,1.6,10.4,29.0,4.13,224,0.3,1.6,1.6,0.6,,,,,,
2026-08-25-F1,2026-08-25T21:07:38.657Z,-83,7,1,2589,2,-87,772,1.6,10.4,29.0,4.12,224,-1.8,1.6,1.6,0.6,,,,,,
2026-08-25-F1,2026-08-25T21:07:38.760Z,-83,7,1,2590,2,-87,772,1.7,10.4,29.0,4.13,224,-1.1,1.7,1.7,0.6,,,,,,
2026-08-25-F1,2026-08-25T21:07:38.863Z,-83,7,1,2591,2,-87,772,1.6,10.4,29.0,4.13,224,-0.1,1.6,1.6,0.6,,,,,,
2026-08-25-F1,2026-08-25T21:07:38.966Z,-83,7,1,2592,2,-87,772,1.6,10.4,29.0,4.13,224,0.3,1.6,1.6,0.6,,,,,,
2026-08-25-F1,2026-08-25T21:07:39.071Z,-83,7,1,2593,2,-87,772,1.6,10.4,29.0,4.13,224,-0.3,1.6,1.6,0.6,,,,,,
2026-08-25-F1,2026-08-25T21:07:39.174Z,-83,7,1,2594,2,-87,772,1.6,10.4,29.0,4.13,224,-0.2,1.6,1.6,0.7,,,,,,
2026-08-25-F1,2026-08-25T21:07:39.277Z,-83,7,1,2595,2,-87,772,1.6,10.4,29.0,4.13,225,0.3,1.6,1.6,0.6,,,,,,
2026-08-25-F1,2026-08-25T21:07:39.380Z,-83,7,1,2596,2,-87,772,1.6,10.4,29.0,4.13,225,0.2,1.7,1.6,0.6,,,,,,
2026-08-25-F1,2026-08-25T21:07:39.463Z,-83,7,1,2597,2,-87,772,1.6,10.4,29.0,4.12,225,0.1,1.6,1.5,0.6,,,,,,
2026-08-25-F1,2026-08-25T21:07:39.566Z,-83,7,1,2598,2,-87,772,1.6,10.4,29.0,4.12,225,-1.1,1.6,1.6,0.7,,,,,,
2026-08-25-F1,2026-08-25T21:07:39.669Z,-83,7,1,2599,2,-87,772,1.5,10.4,29.0,4.13,225,0.1,1.5,1.5,0.6,,,,,,
2026-08-25-F1,2026-08-25T21:07:39.772Z,-83,7,1,2600,2,-87,772,1.6,10.4,29.0,4.13,225,-0.5,1.6,1.6,0.6,,,,,,
2026-08-25-F1,2026-08-25T21:07:39.875Z,-84,7,1,2601,2,-87,772,1.6,10.4,29.0,4.13,225,-0.6,1.6,1.6,0.6,,,,,,
2026-08-25-F1,2026-08-25T21:07:39.977Z,-83,7,1,2602,2,-87,772,1.6,10.4,29.0,4.13,225,-0.1,1.6,1.6,0.6,,,,,,
2026-08-25-F1,2026-08-25T21:07:40.080Z,-83,7,1,2603,2,-87,772,1.7,10.4,29.0,4.13,225,-0.0,1.7,1.6,0.6,,,,,,
2026-08-25-F1,2026-08-25T21:07:40.183Z,-83,7,1,2604,2,-87,772,1.6,10.4,29.0,4.13,225,-1.1,1.6,1.6,0.6,,,,,,
2026-08-25-F1,2026-08-25T21:07:40.286Z,-83,7,1,2605,2,-87,772,1.6,10.4,29.0,4.13,226,-0.7,1.6,1.6,0.6,,,,,,
2026-08-25-F1,2026-08-25T21:07:40.389Z,-83,7,1,2606,2,-87,772,1.6,10.4,29.0,4.13,226,0.4,1.6,1.6,0.6,,,,,,
2026-08-25-F1,2026-08-25T21:07:40.492Z,-84,7,1,2607,2,-87,772,1.6,10.4,29.0,4.13,226,0.5,1.6,1.6,0.6,,,,,,
2026-08-25-F1,2026-08-25T21:07:40.574Z,-83,7,1,2608,2,-87,772,1.6,10.4,29.0,4.13,226,0.4,1.6,1.6,0.6,,,,,,
2026-08-25-F1,2026-08-25T21:07:40.677Z,-83,7,1,2609,2,-87,772,1.7,10.4,29.0,4.13,226,-0.2,1.7,1.6,0.7,,,,,,
2026-08-25-F1,2026-08-25T21:07:40.780Z,-83,7,1,2610,2,-87,772,1.6,10.4,29.0,4.13,226,0.9,1.6,1.6,0.6,,,,,,
2026-08-25-F1,2026-08-25T21:07:40.883Z,-83,7,1,2611,2,-87,772,1.6,10.4,29.0,4.13,226,-0.1,1.6,1.6,0.6,,,,,,
2026-08-25-F1,2026-08-25T21:07:40.985Z,-82,7,1,2612,2,-87,772,1.7,10.4,29.0,4.13,226,-0.7,1.7,1.6,0.6,,,,,,
2026-08-25-F1,2026-08-25T21:07:41.088Z,-82,7,1,2613,2,-87,772,1.6,10.4,29.0,4.13,226,-1.3,1.7,1.6,0.6,,,,,,
2026-08-25-F1,2026-08-25T21:07:41.190Z,-83,7,1,2614,2,-87,772,1.6,10.4,29.0,4.13,226,-0.5,1.6,1.6,0.6,,,,,,
2026-08-25-F1,2026-08-25T21:07:41.293Z,-84,7,1,2615,2,-87,772,1.6,10.4,29.0,4.12,227,0.1,1.6,1.6,0.6,,,,,,
2026-08-25-F1,2026-08-25T21:07:41.397Z,-83,7,1,2616,2,-87,772,1.6,10.4,29.0,4.13,227,0.8,1.7,1.6,0.6,,,,,,
2026-08-25-F1,2026-08-25T21:07:41.499Z,-82,7,1,2617,2,-87,772,1.6,10.4,29.0,4.13,227,0.2,1.6,1.6,0.6,,,,,,
2026-08-25-F1,2026-08-25T21:07:41.582Z,-82,7,1,2618,2,-87,772,1.6,10.4,29.0,4.13,227,0.4,1.6,1.5,0.6,,,,,,
2026-08-25-F1,2026-08-25T21:07:41.684Z,-83,7,1,2619,2,-87,772,1.6,10.4,29.0,4.13,227,0.2,1.6,1.6,0.6,,,,,,
2026-08-25-F1,2026-08-25T21:07:41.787Z,-82,7,1,2620,2,-87,772,1.6,10.4,29.0,4.12,227,0.1,1.7,1.6,0.6,,,,,,
2026-08-25-F1,2026-08-25T21:07:41.890Z,-82,7,1,2621,2,-86,772,1.6,10.4,29.0,4.12,227,1.0,1.6,1.6,0.6,,,,,,
2026-08-25-F1,2026-08-25T21:07:41.993Z,-83,7,1,2622,2,-87,772,1.6,10.4,29.0,4.13,227,-0.9,1.6,1.6,0.7,,,,,,
2026-08-25-F1,2026-08-25T21:07:42.095Z,-82,7,1,2623,2,-87,772,1.6,10.4,29.0,4.12,227,-0.6,1.6,1.5,0.6,,,,,,
2026-08-25-F1,2026-08-25T21:07:42.198Z,-82,7,1,2624,2,-87,772,1.6,10.4,29.0,4.13,227,-0.5,1.6,1.6,0.7,,,,,,
2026-08-25-F1,2026-08-25T21:07:42.301Z,-83,7,1,2625,2,-87,772,1.7,10.4,29.0,4.13,228,0.5,1.7,1.6,0.6,,,,,,
2026-08-25-F1,2026-08-25T21:07:42.404Z,-82,7,1,2626,2,-87,772,1.6,10.4,29.0,4.13,228,-0.2,1.6,1.6,0.6,,,,,,
2026-08-25-F1,2026-08-25T21:07:42.486Z,-82,7,1,2627,2,-87,772,1.6,10.4,29.0,4.13,228,0.7,1.7,1.6,0.6,,,,,,
2026-08-25-F1,2026-08-25T21:07:42.589Z,-83,7,1,2628,2,-87,772,1.7,10.4,29.0,4.13,228,-0.1,1.7,1.6,0.6,,,,,,
2026-08-25-F1,2026-08-25T21:07:42.692Z,-82,7,1,2629,2,-87,772,1.6,10.4,29.0,4.13,228,0.3,1.7,1.6,0.6,,,,,,
2026-08-25-F1,2026-08-25T21:07:42.794Z,-83,7,1,2630,2,-87,772,1.6,10.4,29.0,4.13,228,0.1,1.6,1.6,0.6,,,,,,
2026-08-25-F1,2026-08-25T21:07:42.897Z,-83,7,1,2631,2,-87,772,1.6,10.4,29.0,4.13,228,-0.5,1.7,1.6,0.6,,,,,,
2026-08-25-F1,2026-08-25T21:07:43.000Z,-83,7,1,2632,2,-87,772,1.6,10.4,29.0,4.13,228,-0.8,1.6,1.6,0.6,,,,,,
2026-08-25-F1,2026-08-25T21:07:43.102Z,-83,7,1,2633,2,-87,772,1.6,10.4,29.0,4.13,228,-1.1,1.6,1.6,0.6,,,,,,
2026-08-25-F1,2026-08-25T21:07:43.205Z,-83,7,1,2634,2,-87,772,1.5,10.4,29.0,4.13,228,-0.5,1.7,1.5,0.6,,,,,,
2026-08-25-F1,2026-08-25T21:07:43.308Z,-82,7,1,2635,2,-87,772,1.6,10.4,29.0,4.13,229,0.2,1.6,1.6,0.6,,,,,,
2026-08-25-F1,2026-08-25T21:07:43.411Z,-83,7,1,2636,2,-87,772,1.6,10.4,29.0,4.13,229,0.3,1.7,1.6,0.6,,,,,,
2026-08-25-F1,2026-08-25T21:07:43.493Z,-83,7,1,2637,2,-87,772,1.6,10.4,29.0,4.14,229,-0.2,1.7,1.6,0.7,,,,,,
2026-08-25-F1,2026-08-25T21:07:43.596Z,-82,7,1,2638,2,-87,772,1.6,10.4,29.0,4.14,229,0.4,1.6,1.6,0.6,,,,,,
2026-08-25-F1,2026-08-25T21:07:43.698Z,-83,7,1,2639,2,-86,772,1.6,10.4,29.0,4.13,229,1.8,1.6,1.6,0.6,,,,,,
2026-08-25-F1,2026-08-25T21:07:43.801Z,-83,7,1,2640,2,-87,772,1.6,10.4,29.0,4.13,229,0.4,1.6,1.5,0.6,,,,,,
2026-08-25-F1,2026-08-25T21:07:43.904Z,-82,7,1,2641,2,-87,772,1.6,10.4,29.0,4.13,229,0.0,1.6,1.6,0.6,,,,,,
2026-08-25-F1,2026-08-25T21:07:44.006Z,-82,7,1,2642,2,-87,772,1.6,10.4,29.0,4.13,229,0.2,1.6,1.6,0.6,,,,,,
2026-08-25-F1,2026-08-25T21:07:44.109Z,-83,7,1,2643,2,-87,772,1.6,10.4,29.0,4.13,229,0.2,1.6,1.6,0.6,,,,,,
2026-08-25-F1,2026-08-25T21:07:44.211Z,-83,7,1,2644,2,-87,772,1.6,10.4,29.0,4.13,229,-0.9,1.6,1.6,0.6,,,,,,
2026-08-25-F1,2026-08-25T21:07:44.314Z,-83,7,1,2645,2,-87,772,1.7,10.4,29.0,4.13,230,-0.9,1.7,1.6,0.6,,,,,,
2026-08-25-F1,2026-08-25T21:07:44.397Z,-83,7,1,2646,2,-87,772,1.6,10.4,29.0,4.13,230,-1.9,1.6,1.6,0.6,,,,,,
2026-08-25-F1,2026-08-25T21:07:44.499Z,-83,7,1,2647,2,-87,772,1.7,10.4,29.0,4.13,230,-0.6,1.7,1.6,0.6,,,,,,
2026-08-25-F1,2026-08-25T21:07:44.602Z,-83,7,1,2648,2,-87,772,1.6,10.4,29.0,4.13,230,0.2,1.6,1.6,0.6,,,,,,
2026-08-25-F1,2026-08-25T21:07:44.704Z,-83,7,1,2649,2,-87,772,1.6,10.4,29.0,4.13,230,-0.1,1.6,1.6,0.6,,,,,,
2026-08-25-F1,2026-08-25T21:07:44.807Z,-83,7,1,2650,2,-87,772,1.6,10.4,29.0,4.13,230,0.6,1.6,1.6,0.6,,,,,,
2026-08-25-F1,2026-08-25T21:07:44.910Z,-83,7,1,2651,2,-87,772,1.6,10.4,29.0,4.13,230,-0.6,1.7,1.6,0.6,,,,,,
2026-08-25-F1,2026-08-25T21:07:45.012Z,-83,7,1,2652,2,-87,772,1.6,10.4,29.0,4.13,230,-0.3,1.6,1.6,0.6,,,,,,
2026-08-25-F1,2026-08-25T21:07:45.115Z,-83,7,1,2653,2,-87,772,1.6,10.4,29.0,4.13,230,-1.0,1.6,1.6,0.6,,,,,,
2026-08-25-F1,2026-08-25T21:07:45.218Z,-83,7,1,2654,2,-87,772,1.7,10.4,29.0,4.13,230,0.0,1.7,1.6,0.6,,,,,,
2026-08-25-F1,2026-08-25T21:07:45.320Z,-83,7,1,2655,2,-87,772,1.6,10.4,29.0,4.13,231,-0.1,1.6,1.5,0.6,,,,,,
2026-08-25-F1,2026-08-25T21:07:45.403Z,-83,7,1,2656,2,-87,772,1.6,10.4,29.0,4.13,231,-0.7,1.6,1.6,0.7,,,,,,
2026-08-25-F1,2026-08-25T21:07:45.505Z,-83,7,1,2657,2,-87,772,1.7,10.4,29.0,4.13,231,-0.5,1.7,1.6,0.7,,,,,,
2026-08-25-F1,2026-08-25T21:07:45.608Z,-83,7,1,2658,2,-87,772,1.6,10.4,29.0,4.13,231,-0.1,1.6,1.6,0.6,,,,,,
2026-08-25-F1,2026-08-25T21:07:45.715Z,-82,7,1,2659,2,-87,772,1.6,10.4,29.0,4.13,231,1.4,1.7,1.6,0.6,,,,,,
2026-08-25-F1,2026-08-25T21:07:45.818Z,-83,7,1,2660,2,-87,772,1.6,10.4,29.0,4.13,231,1.5,1.6,1.6,0.6,,,,,,
2026-08-25-F1,2026-08-25T21:07:45.920Z,-83,7,1,2661,2,-86,772,1.6,10.4,29.0,4.13,231,2.0,1.6,1.6,0.6,,,,,,
2026-08-25-F1,2026-08-25T21:07:46.023Z,-82,7,1,2662,2,-87,772,1.7,10.4,29.0,4.13,231,0.2,1.7,1.6,0.6,,,,,,
2026-08-25-F1,2026-08-25T21:07:46.105Z,-83,7,1,2663,2,-87,772,1.6,10.4,29.0,4.13,231,-0.6,1.6,1.6,0.6,,,,,,
2026-08-25-F1,2026-08-25T21:07:46.208Z,-83,7,1,2664,2,-87,772,1.6,10.4,29.0,4.12,231,-1.0,1.6,1.6,0.6,,,,,,
2026-08-25-F1,2026-08-25T21:07:46.310Z,-83,7,1,2665,2,-87,772,1.6,10.4,29.0,4.12,232,-0.8,1.6,1.5,0.6,,,,,,
2026-08-25-F1,2026-08-25T21:07:46.413Z,-83,7,1,2666,2,-87,772,1.6,10.4,29.0,4.12,232,-0.4,1.6,1.6,0.6,,,,,,
2026-08-25-F1,2026-08-25T21:07:46.516Z,-83,7,1,2667,2,-87,772,1.6,10.4,29.0,4.13,232,1.0,1.6,1.6,0.6,,,,,,
2026-08-25-F1,2026-08-25T21:07:46.618Z,-83,7,1,2668,2,-87,772,1.7,10.4,29.0,4.13,232,-0.2,1.7,1.6,0.6,,,,,,
2026-08-25-F1,2026-08-25T21:07:46.721Z,-82,7,1,2669,2,-87,772,1.7,10.4,29.0,4.13,232,0.7,1.7,1.7,0.6,,,,,,
2026-08-25-F1,2026-08-25T21:07:46.823Z,-83,7,1,2670,2,-87,772,1.6,10.4,29.0,4.12,232,-0.5,1.6,1.6,0.6,,,,,,
2026-08-25-F1,2026-08-25T21:07:46.926Z,-83,7,1,2671,2,-87,772,1.6,10.4,29.0,4.13,232,-0.1,1.6,1.6,0.6,,,,,,
2026-08-25-F1,2026-08-25T21:07:47.008Z,-83,7,1,2672,2,-87,772,1.6,10.4,29.0,4.13,232,0.5,1.6,1.6,0.6,,,,,,
2026-08-25-F1,2026-08-25T21:07:47.111Z,-83,7,1,2673,2,-87,772,1.6,10.4,29.0,4.13,232,-0.1,1.6,1.6,0.6,,,,,,
2026-08-25-F1,2026-08-25T21:07:47.213Z,-83,7,1,2674,2,-87,772,1.6,10.4,29.0,4.13,232,-0.5,1.7,1.6,0.6,,,,,,
2026-08-25-F1,2026-08-25T21:07:47.316Z,-83,7,1,2675,2,-87,772,1.6,10.4,29.0,4.13,233,0.2,1.7,1.6,0.6,,,,,,
2026-08-25-F1,2026-08-25T21:07:47.419Z,-83,7,1,2676,2,-87,772,1.6,10.4,29.0,4.13,233,-1.4,1.7,1.6,0.6,,,,,,
2026-08-25-F1,2026-08-25T21:07:47.521Z,-83,7,1,2677,2,-87,772,1.6,10.4,29.0,4.13,233,-0.2,1.6,1.6,0.6,,,,,,
2026-08-25-F1,2026-08-25T21:07:47.624Z,-83,7,1,2678,2,-87,772,1.7,10.4,29.0,4.13,233,0.4,1.7,1.6,0.6,,,,,,
2026-08-25-F1,2026-08-25T21:07:47.726Z,-83,7,1,2679,2,-87,772,1.6,10.4,29.0,4.13,233,1.0,1.6,1.6,0.6,,,,,,
2026-08-25-F1,2026-08-25T21:07:47.829Z,-83,7,1,2680,2,-87,772,1.6,10.4,29.0,4.14,233,-0.5,1.6,1.6,0.6,,,,,,
2026-08-25-F1,2026-08-25T21:07:47.911Z,-83,7,1,2681,2,-87,772,1.7,10.4,29.0,4.13,233,-1.4,1.7,1.6,0.6,,,,,,
2026-08-25-F1,2026-08-25T21:07:48.013Z,-83,7,1,2682,2,-87,772,1.6,10.4,29.0,4.13,233,0.2,1.6,1.6,0.6,,,,,,
2026-08-25-F1,2026-08-25T21:07:48.116Z,-83,7,1,2683,2,-87,772,1.6,10.4,29.0,4.13,233,0.5,1.6,1.6,0.6,,,,,,
2026-08-25-F1,2026-08-25T21:07:48.218Z,-83,7,1,2684,2,-87,772,1.6,10.4,29.0,4.12,233,0.2,1.6,1.6,0.6,,,,,,
2026-08-25-F1,2026-08-25T21:07:48.321Z,-83,7,1,2685,2,-87,772,1.6,10.4,29.0,4.12,234,-0.9,1.6,1.6,0.6,,,,,,
2026-08-25-F1,2026-08-25T21:07:48.424Z,-83,7,1,2686,2,-87,772,1.6,10.4,29.0,4.13,234,-0.2,1.6,1.6,0.6,,,,,,
2026-08-25-F1,2026-08-25T21:07:48.526Z,-83,7,1,2687,2,-87,772,1.6,10.4,29.0,4.13,234,0.2,1.6,1.6,0.6,,,,,,
2026-08-25-F1,2026-08-25T21:07:48.628Z,-83,7,1,2688,2,-87,772,1.6,10.4,29.0,4.13,234,0.2,1.7,1.6,0.6,,,,,,
2026-08-25-F1,2026-08-25T21:07:48.731Z,-83,7,1,2689,2,-87,772,1.6,10.4,29.0,4.13,234,1.4,1.7,1.6,0.6,,,,,,
2026-08-25-F1,2026-08-25T21:07:48.813Z,-83,7,1,2690,2,-87,772,1.6,10.4,29.0,4.13,234,0.1,1.6,1.6,0.6,,,,,,
2026-08-25-F1,2026-08-25T21:07:48.915Z,-83,7,1,2691,2,-87,772,1.6,10.4,29.0,4.13,234,-1.1,1.6,1.6,0.6,,,,,,
2026-08-25-F1,2026-08-25T21:07:49.018Z,-82,7,1,2692,2,-87,772,1.7,10.4,29.0,4.13,234,0.8,1.7,1.6,0.6,,,,,,
2026-08-25-F1,2026-08-25T21:07:49.121Z,-83,7,1,2693,2,-87,772,1.6,10.4,29.0,4.13,234,0.5,1.6,1.6,0.6,,,,,,
2026-08-25-F1,2026-08-25T21:07:49.223Z,-83,7,1,2694,2,-87,772,1.6,10.4,29.0,4.12,234,-0.7,1.6,1.6,0.7,,,,,,
2026-08-25-F1,2026-08-25T21:07:49.325Z,-83,7,1,2695,2,-87,772,1.6,10.4,29.0,4.13,235,-0.4,1.6,1.6,0.6,,,,,,
2026-08-25-F1,2026-08-25T21:07:49.428Z,-83,7,1,2696,2,-87,772,1.6,10.4,29.0,4.13,235,-0.6,1.7,1.6,0.6,,,,,,
2026-08-25-F1,2026-08-25T21:07:49.531Z,-83,7,1,2697,2,-87,772,1.7,10.4,29.0,4.12,235,0.8,1.7,1.6,0.6,,,,,,
2026-08-25-F1,2026-08-25T21:07:49.633Z,-83,7,1,2698,2,-86,772,1.6,10.4,29.0,4.13,235,1.8,1.6,1.6,0.6,,,,,,
2026-08-25-F1,2026-08-25T21:07:49.735Z,-83,7,1,2699,2,-86,772,1.6,10.4,29.0,4.13,235,0.8,1.6,1.6,0.6,,,,,,
2026-08-25-F1,2026-08-25T21:07:49.818Z,-83,7,1,2700,2,-87,772,1.6,10.4,29.0,4.13,235,0.3,1.6,1.6,0.6,,,,,,
2026-08-25-F1,2026-08-25T21:07:49.920Z,-83,7,1,2701,2,-87,772,1.6,10.4,29.0,4.13,235,-0.6,1.6,1.6,0.6,,,,,,
2026-08-25-F1,2026-08-25T21:07:50.023Z,-84,7,1,2702,2,-87,772,1.6,10.4,29.0,4.13,235,-0.7,1.6,1.6,0.6,,,,,,
2026-08-25-F1,2026-08-25T21:07:50.130Z,-84,7,1,2703,2,-87,772,1.6,10.4,29.0,4.13,235,-0.1,1.6,1.6,0.6,,,,,,
2026-08-25-F1,2026-08-25T21:07:50.232Z,-84,7,1,2704,2,-87,772,1.7,10.4,29.0,4.12,235,-0.1,1.7,1.6,0.6,,,,,,
2026-08-25-F1,2026-08-25T21:07:50.335Z,-84,7,1,2705,2,-87,772,1.7,10.4,29.0,4.12,236,-0.2,1.7,1.6,0.6,,,,,,
2026-08-25-F1,2026-08-25T21:07:50.417Z,-83,7,1,2706,2,-87,772,1.6,10.4,29.0,4.13,236,0.3,1.6,1.5,0.6,,,,,,
2026-08-25-F1,2026-08-25T21:07:50.520Z,-83,7,1,2707,2,-87,772,1.6,10.4,29.0,4.13,236,0.1,1.6,1.6,0.6,,,,,,
2026-08-25-F1,2026-08-25T21:07:50.622Z,-83,7,1,2708,2,-87,772,1.6,10.4,29.0,4.13,236,0.2,1.7,1.6,0.5,,,,,,
2026-08-25-F1,2026-08-25T21:07:50.724Z,-83,7,1,2709,2,-87,772,1.6,10.4,29.0,4.13,236,-0.2,1.6,1.6,0.6,,,,,,
2026-08-25-F1,2026-08-25T21:07:50.827Z,-83,7,1,2710,2,-87,772,1.7,10.4,29.0,4.13,236,-0.2,1.7,1.5,0.6,,,,,,
2026-08-25-F1,2026-08-25T21:07:50.929Z,-83,7,1,2711,2,-87,772,1.6,10.4,29.0,4.13,236,-0.5,1.6,1.5,0.6,,,,,,
2026-08-25-F1,2026-08-25T21:07:51.032Z,-83,7,1,2712,2,-87,772,1.6,10.4,29.0,4.13,236,-0.2,1.6,1.6,0.6,,,,,,
2026-08-25-F1,2026-08-25T21:07:51.134Z,-83,7,1,2713,2,-87,772,1.6,10.4,29.0,4.13,236,-0.0,1.6,1.5,0.7,,,,,,
2026-08-25-F1,2026-08-25T21:07:51.238Z,-83,7,1,2714,2,-87,772,1.6,10.4,29.0,4.12,236,-0.2,1.6,1.6,0.6,,,,,,
2026-08-25-F1,2026-08-25T21:07:51.320Z,-84,7,1,2715,2,-87,772,1.6,10.4,29.0,4.13,237,0.2,1.6,1.6,0.6,,,,,,
2026-08-25-F1,2026-08-25T21:07:51.423Z,-84,7,1,2716,2,-87,772,1.6,10.4,29.0,4.13,237,0.2,1.6,1.6,0.6,,,,,,
2026-08-25-F1,2026-08-25T21:07:51.525Z,-84,7,1,2717,2,-87,772,1.6,10.4,29.0,4.13,237,-0.1,1.6,1.6,0.7,,,,,,
2026-08-25-F1,2026-08-25T21:07:51.627Z,-84,7,1,2718,2,-87,772,1.6,10.4,29.0,4.13,237,0.2,1.6,1.6,0.6,,,,,,
2026-08-25-F1,2026-08-25T21:07:51.730Z,-84,7,1,2719,2,-87,772,1.6,10.4,29.0,4.12,237,-0.1,1.6,1.6,0.6,,,,,,
2026-08-25-F1,2026-08-25T21:07:51.832Z,-84,7,1,2720,2,-87,772,1.6,10.4,29.0,4.13,237,0.1,1.6,1.6,0.6,,,,,,
2026-08-25-F1,2026-08-25T21:07:51.935Z,-84,7,1,2721,2,-87,772,1.6,10.4,29.0,4.13,237,-0.3,1.6,1.6,0.6,,,,,,
2026-08-25-F1,2026-08-25T21:07:52.037Z,-83,7,1,2722,2,-87,772,1.5,10.4,29.0,4.13,237,-1.4,1.6,1.5,0.6,,,,,,
2026-08-25-F1,2026-08-25T21:07:52.140Z,-84,7,1,2723,2,-87,772,1.6,10.4,29.0,4.12,237,-0.0,1.7,1.6,0.6,,,,,,
2026-08-25-F1,2026-08-25T21:07:52.222Z,-83,7,1,2724,2,-87,772,1.6,10.4,29.0,4.13,237,0.3,1.6,1.6,0.6,,,,,,
2026-08-25-F1,2026-08-25T21:07:52.324Z,-84,7,1,2725,2,-87,772,1.6,10.4,29.0,4.13,238,-0.2,1.6,1.6,0.6,,,,,,
2026-08-25-F1,2026-08-25T21:07:52.427Z,-83,7,1,2726,2,-87,772,1.6,10.4,29.0,4.13,238,-0.8,1.6,1.6,0.6,,,,,,
2026-08-25-F1,2026-08-25T21:07:52.529Z,-84,7,1,2727,2,-87,772,1.7,10.4,29.0,4.13,238,0.0,1.7,1.6,0.6,,,,,,
2026-08-25-F1,2026-08-25T21:07:52.632Z,-84,7,1,2728,2,-87,772,1.6,10.4,29.0,4.13,238,0.8,1.6,1.6,0.6,,,,,,
2026-08-25-F1,2026-08-25T21:07:52.734Z,-84,7,1,2729,2,-87,772,1.6,10.4,29.0,4.13,238,0.4,1.6,1.6,0.6,,,,,,
2026-08-25-F1,2026-08-25T21:07:52.837Z,-84,7,1,2730,2,-87,772,1.6,10.4,29.0,4.13,238,0.5,1.6,1.6,0.6,,,,,,
2026-08-25-F1,2026-08-25T21:07:52.939Z,-84,7,1,2731,2,-87,772,1.7,10.4,29.0,4.13,238,-0.3,1.7,1.6,0.6,,,,,,
2026-08-25-F1,2026-08-25T21:07:53.041Z,-84,7,1,2732,2,-87,772,1.6,10.4,29.0,4.13,238,-0.6,1.6,1.6,0.6,,,,,,
2026-08-25-F1,2026-08-25T21:07:53.124Z,-84,7,1,2733,2,-87,772,1.6,10.4,29.0,4.13,238,-0.6,1.6,1.6,0.6,,,,,,
2026-08-25-F1,2026-08-25T21:07:53.226Z,-84,7,1,2734,2,-87,772,1.6,10.4,29.0,4.13,238,0.8,1.6,1.6,0.6,,,,,,
2026-08-25-F1,2026-08-25T21:07:53.329Z,-83,7,1,2735,2,-87,772,1.6,10.4,29.0,4.12,239,0.2,1.7,1.6,0.6,,,,,,
2026-08-25-F1,2026-08-25T21:07:53.431Z,-83,7,1,2736,2,-87,772,1.6,10.4,29.0,4.13,239,1.0,1.6,1.6,0.6,,,,,,
2026-08-25-F1,2026-08-25T21:07:53.534Z,-83,7,1,2737,2,-86,772,1.5,10.4,29.0,4.13,239,1.0,1.6,1.5,0.6,,,,,,
2026-08-25-F1,2026-08-25T21:07:53.636Z,-83,7,1,2738,2,-87,772,1.6,10.4,29.0,4.13,239,-0.4,1.7,1.6,0.6,,,,,,
2026-08-25-F1,2026-08-25T21:07:53.739Z,-83,7,1,2739,2,-86,772,1.6,10.4,29.0,4.13,239,0.2,1.6,1.6,0.6,,,,,,
2026-08-25-F1,2026-08-25T21:07:53.841Z,-83,7,1,2740,2,-87,772,1.6,10.4,29.0,4.13,239,-1.3,1.6,1.6,0.6,,,,,,
2026-08-25-F1,2026-08-25T21:07:53.943Z,-83,7,1,2741,2,-87,772,1.6,10.4,29.0,4.13,239,-1.6,1.6,1.6,0.6,,,,,,
2026-08-25-F1,2026-08-25T21:07:54.025Z,-83,7,1,2742,2,-87,772,1.6,10.4,29.0,4.13,239,1.0,1.6,1.6,0.6,,,,,,
2026-08-25-F1,2026-08-25T21:07:54.128Z,-84,7,1,2743,2,-87,772,1.6,10.4,29.0,4.12,239,-0.2,1.6,1.6,0.6,,,,,,
2026-08-25-F1,2026-08-25T21:07:54.230Z,-84,7,1,2744,2,-87,772,1.6,10.4,29.0,4.13,239,-0.3,1.7,1.6,0.6,,,,,,
2026-08-25-F1,2026-08-25T21:07:54.333Z,-84,7,1,2745,2,-87,772,1.6,10.4,29.0,4.13,240,-0.4,1.6,1.6,0.6,,,,,,
2026-08-25-F1,2026-08-25T21:07:54.435Z,-84,7,1,2746,2,-87,772,1.6,10.4,29.0,4.12,240,0.4,1.6,1.6,0.6,,,,,,
2026-08-25-F1,2026-08-25T21:07:54.543Z,-84,7,1,2747,2,-87,772,1.6,10.4,29.0,4.13,240,-0.0,1.6,1.6,0.6,,,,,,
2026-08-25-F1,2026-08-25T21:07:54.645Z,-85,7,1,2748,2,-87,772,1.7,10.4,29.0,4.13,240,-0.2,1.7,1.6,0.6,,,,,,
2026-08-25-F1,2026-08-25T21:07:54.727Z,-84,7,1,2749,2,-87,772,1.6,10.4,29.0,4.13,240,-0.3,1.6,1.6,0.6,,,,,,
2026-08-25-F1,2026-08-25T21:07:54.830Z,-84,7,1,2750,2,-87,772,1.6,10.4,29.0,4.12,240,0.7,1.6,1.6,0.6,,,,,,
2026-08-25-F1,2026-08-25T21:07:54.932Z,-84,7,1,2751,2,-87,772,1.6,10.4,29.0,4.13,240,-0.1,1.6,1.6,0.6,,,,,,
2026-08-25-F1,2026-08-25T21:07:55.035Z,-84,7,1,2752,2,-87,772,1.6,10.4,29.0,4.12,240,-0.4,1.7,1.6,0.6,,,,,,
2026-08-25-F1,2026-08-25T21:07:55.137Z,-84,7,1,2753,2,-87,772,1.6,10.4,29.0,4.13,240,-0.2,1.6,1.6,0.6,,,,,,
2026-08-25-F1,2026-08-25T21:07:55.239Z,-84,7,1,2754,2,-87,772,1.7,10.4,29.0,4.13,240,-0.2,1.7,1.6,0.6,,,,,,
2026-08-25-F1,2026-08-25T21:07:55.342Z,-84,7,1,2755,2,-87,772,1.6,10.4,29.0,4.12,241,0.7,1.6,1.6,0.6,,,,,,
2026-08-25-F1,2026-08-25T21:07:55.445Z,-84,7,1,2756,2,-87,772,1.6,10.4,29.0,4.12,241,-0.0,1.6,1.6,0.6,,,,,,
2026-08-25-F1,2026-08-25T21:07:55.527Z,-83,7,1,2757,2,-87,772,1.6,10.4,29.0,4.13,241,0.2,1.6,1.6,0.6,,,,,,
2026-08-25-F1,2026-08-25T21:07:55.629Z,-83,7,1,2758,2,-87,772,1.6,10.4,29.0,4.13,241,-0.0,1.6,1.6,0.6,,,,,,
2026-08-25-F1,2026-08-25T21:07:55.731Z,-83,7,1,2759,2,-86,772,1.6,10.4,29.0,4.13,241,1.3,1.6,1.6,0.7,,,,,,
2026-08-25-F1,2026-08-25T21:07:55.834Z,-83,7,1,2760,2,-87,772,1.6,10.4,29.0,4.13,241,0.1,1.6,1.6,0.6,,,,,,
2026-08-25-F1,2026-08-25T21:07:55.936Z,-83,7,1,2761,2,-87,772,1.6,10.4,29.0,4.13,241,-0.9,1.6,1.6,0.6,,,,,,
2026-08-25-F1,2026-08-25T21:07:56.038Z,-83,7,1,2762,2,-87,772,1.7,10.4,29.0,4.13,241,-0.6,1.7,1.7,0.6,,,,,,
2026-08-25-F1,2026-08-25T21:07:56.141Z,-84,7,1,2763,2,-87,772,1.6,10.4,29.0,4.13,241,-0.2,1.6,1.6,0.6,,,,,,
2026-08-25-F1,2026-08-25T21:07:56.243Z,-83,7,1,2764,2,-87,772,1.6,10.4,29.0,4.12,241,-1.4,1.7,1.6,0.6,,,,,,
2026-08-25-F1,2026-08-25T21:07:56.346Z,-83,7,1,2765,2,-87,772,1.6,10.4,29.0,4.13,242,-0.3,1.6,1.6,0.6,,,,,,
2026-08-25-F1,2026-08-25T21:07:56.428Z,-84,7,1,2766,2,-87,772,1.6,10.4,29.0,4.13,242,-0.1,1.6,1.5,0.6,,,,,,
2026-08-25-F1,2026-08-25T21:07:56.531Z,-84,7,1,2767,2,-87,772,1.6,10.4,29.0,4.13,242,0.8,1.6,1.6,0.6,,,,,,
2026-08-25-F1,2026-08-25T21:07:56.633Z,-84,7,1,2768,2,-87,772,1.6,10.4,29.0,4.13,242,-1.0,1.6,1.6,0.6,,,,,,
2026-08-25-F1,2026-08-25T21:07:56.735Z,-83,7,1,2769,2,-87,772,1.6,10.4,29.0,4.13,242,-0.4,1.6,1.6,0.6,,,,,,
2026-08-25-F1,2026-08-25T21:07:56.838Z,-84,7,1,2770,2,-87,772,1.6,10.4,29.0,4.12,242,-0.2,1.6,1.6,0.7,,,,,,
2026-08-25-F1,2026-08-25T21:07:56.940Z,-84,7,1,2771,2,-87,772,1.6,10.4,29.0,4.12,242,0.4,1.7,1.6,0.6,,,,,,
2026-08-25-F1,2026-08-25T21:07:57.042Z,-84,7,1,2772,2,-87,772,1.6,10.4,29.0,4.13,242,-1.0,1.7,1.6,0.6,,,,,,
2026-08-25-F1,2026-08-25T21:07:57.145Z,-84,7,1,2773,2,-87,772,1.6,10.4,29.0,4.13,242,-0.8,1.6,1.6,0.6,,,,,,
2026-08-25-F1,2026-08-25T21:07:57.247Z,-84,7,1,2774,2,-87,772,1.6,10.4,29.0,4.12,242,-0.1,1.6,1.6,0.6,,,,,,
2026-08-25-F1,2026-08-25T21:07:57.330Z,-83,7,1,2775,2,-87,772,1.6,10.4,29.0,4.13,243,0.1,1.6,1.6,0.6,,,,,,
2026-08-25-F1,2026-08-25T21:07:57.432Z,-83,7,1,2776,2,-87,772,1.6,10.4,29.0,4.13,243,-0.5,1.6,1.6,0.6,,,,,,
2026-08-25-F1,2026-08-25T21:07:57.535Z,-83,7,1,2777,2,-87,772,1.7,10.4,29.0,4.13,243,0.1,1.7,1.6,0.6,,,,,,
2026-08-25-F1,2026-08-25T21:07:57.637Z,-83,7,1,2778,2,-87,772,1.6,10.4,29.0,4.13,243,-0.3,1.6,1.6,0.6,,,,,,
2026-08-25-F1,2026-08-25T21:07:57.739Z,-83,7,1,2779,2,-87,772,1.6,10.4,29.0,4.13,243,0.3,1.6,1.5,0.6,,,,,,
2026-08-25-F1,2026-08-25T21:07:57.841Z,-83,7,1,2780,2,-87,772,1.7,10.4,29.0,4.13,243,-0.0,1.7,1.6,0.6,,,,,,
2026-08-25-F1,2026-08-25T21:07:57.944Z,-83,7,1,2781,2,-87,772,1.6,10.4,29.0,4.12,243,0.2,1.6,1.6,0.6,,,,,,
2026-08-25-F1,2026-08-25T21:07:58.046Z,-83,7,1,2782,2,-87,772,1.6,10.4,29.0,4.13,243,0.7,1.6,1.6,0.6,,,,,,
2026-08-25-F1,2026-08-25T21:07:58.149Z,-84,7,1,2783,2,-87,772,1.6,10.4,29.0,4.13,243,1.6,1.7,1.6,0.6,,,,,,
2026-08-25-F1,2026-08-25T21:07:58.231Z,-84,7,1,2784,2,-87,772,1.5,10.4,29.0,4.12,243,0.9,1.6,1.5,0.6,,,,,,
2026-08-25-F1,2026-08-25T21:07:58.333Z,-83,7,1,2785,2,-86,772,1.6,10.4,29.0,4.13,244,1.4,1.6,1.6,0.6,,,,,,
2026-08-25-F1,2026-08-25T21:07:58.436Z,-84,7,1,2786,2,-87,772,1.6,10.4,29.0,4.13,244,-0.1,1.7,1.6,0.6,,,,,,
2026-08-25-F1,2026-08-25T21:07:58.538Z,-83,7,1,2787,2,-87,772,1.6,10.4,29.0,4.12,244,-0.8,1.7,1.6,0.6,,,,,,
2026-08-25-F1,2026-08-25T21:07:58.640Z,-83,7,1,2788,2,-87,772,1.6,10.4,29.0,4.12,244,-1.1,1.6,1.6,0.6,,,,,,
2026-08-25-F1,2026-08-25T21:07:58.743Z,-83,7,1,2789,2,-87,772,1.6,10.4,29.0,4.13,244,-1.2,1.7,1.6,0.6,,,,,,
2026-08-25-F1,2026-08-25T21:07:58.845Z,-83,7,1,2790,2,-87,772,1.6,10.4,29.0,4.13,244,0.1,1.6,1.6,0.6,,,,,,
2026-08-25-F1,2026-08-25T21:07:58.947Z,-83,7,1,2791,2,-87,772,1.6,10.4,29.0,4.13,244,0.4,1.6,1.6,0.6,,,,,,
2026-08-25-F1,2026-08-25T21:07:59.049Z,-84,7,1,2792,2,-87,772,1.6,10.4,29.0,4.13,244,1.2,1.6,1.6,0.6,,,,,,
2026-08-25-F1,2026-08-25T21:07:59.132Z,-84,7,1,2793,2,-87,772,1.6,10.4,29.0,4.13,244,0.7,1.7,1.6,0.6,,,,,,
2026-08-25-F1,2026-08-25T21:07:59.234Z,-83,7,1,2794,2,-86,772,1.6,10.4,29.0,4.13,244,1.4,1.6,1.6,0.6,,,,,,
2026-08-25-F1,2026-08-25T21:07:59.336Z,-83,7,1,2795,2,-87,772,1.6,10.4,29.0,4.12,245,-0.2,1.6,1.6,0.6,,,,,,
2026-08-25-F1,2026-08-25T21:07:59.439Z,-84,7,1,2796,2,-87,772,1.6,10.4,29.0,4.13,245,-0.9,1.6,1.6,0.6,,,,,,
2026-08-25-F1,2026-08-25T21:07:59.541Z,-83,7,1,2797,2,-87,772,1.6,10.4,29.0,4.13,245,-0.5,1.6,1.6,0.6,,,,,,
2026-08-25-F1,2026-08-25T21:07:59.644Z,-84,7,1,2798,2,-87,772,1.6,10.4,29.0,4.13,245,-0.3,1.6,1.6,0.6,,,,,,
2026-08-25-F1,2026-08-25T21:07:59.746Z,-84,7,1,2799,2,-87,772,1.6,10.4,29.0,4.13,245,-0.8,1.7,1.6,0.6,,,,,,
2026-08-25-F1,2026-08-25T21:07:59.848Z,-84,7,1,2800,2,-87,772,1.6,10.4,29.0,4.13,245,0.3,1.6,1.6,0.6,,,,,,
2026-08-25-F1,2026-08-25T21:07:59.951Z,-84,7,1,2801,2,-87,772,1.6,10.4,29.0,4.13,245,-0.1,1.6,1.6,0.6,,,,,,
2026-08-25-F1,2026-08-25T21:08:00.033Z,-84,7,1,2802,2,-87,772,1.6,10.4,29.0,4.12,245,0.1,1.7,1.6,0.6,,,,,,
2026-08-25-F1,2026-08-25T21:08:00.135Z,-84,7,1,2803,2,-87,772,1.6,10.4,29.0,4.12,245,1.3,1.6,1.6,0.6,,,,,,
2026-08-25-F1,2026-08-25T21:08:00.238Z,-84,7,1,2804,2,-87,772,1.6,10.4,29.0,4.13,245,0.7,1.6,1.6,0.6,,,,,,
2026-08-25-F1,2026-08-25T21:08:00.340Z,-83,7,1,2805,2,-87,772,1.7,10.4,29.0,4.13,246,0.4,1.7,1.6,0.6,,,,,,
2026-08-25-F1,2026-08-25T21:08:00.443Z,-84,7,1,2806,2,-87,772,1.5,10.4,29.0,4.12,246,-0.6,1.6,1.5,0.6,,,,,,
2026-08-25-F1,2026-08-25T21:08:00.545Z,-84,7,1,2807,2,-87,772,1.6,10.4,29.0,4.13,246,-0.6,1.6,1.6,0.6,,,,,,
2026-08-25-F1,2026-08-25T21:08:00.648Z,-84,7,1,2808,2,-87,772,1.6,10.4,29.0,4.12,246,-0.3,1.6,1.6,0.6,,,,,,
2026-08-25-F1,2026-08-25T21:08:00.750Z,-85,7,1,2809,2,-87,772,1.7,10.4,29.0,4.13,246,-0.5,1.7,1.7,0.6,,,,,,
2026-08-25-F1,2026-08-25T21:08:00.852Z,-85,7,1,2810,2,-87,772,1.7,10.4,29.0,4.13,246,-0.7,1.7,1.7,0.6,,,,,,
2026-08-25-F1,2026-08-25T21:08:00.935Z,-85,7,1,2811,2,-87,772,1.6,10.4,29.0,4.13,246,-0.7,1.6,1.5,0.6,,,,,,
2026-08-25-F1,2026-08-25T21:08:01.037Z,-85,7,1,2812,2,-87,772,1.6,10.4,29.0,4.13,246,0.6,1.7,1.6,0.6,,,,,,
2026-08-25-F1,2026-08-25T21:08:01.245Z,-84,7,1,2814,2,-87,772,1.6,10.4,29.0,4.12,246,1.0,1.6,1.6,0.6,,,,,,
2026-08-25-F1,2026-08-25T21:08:01.348Z,-84,7,1,2815,2,-87,772,1.6,10.4,29.0,4.13,247,-0.2,1.7,1.6,0.6,,,,,,
2026-08-25-F1,2026-08-25T21:08:01.450Z,-85,7,1,2816,2,-87,772,1.6,10.4,29.0,4.13,247,-1.0,1.6,1.6,0.6,,,,,,
2026-08-25-F1,2026-08-25T21:08:01.553Z,-85,7,1,2817,2,-87,772,1.6,10.4,29.0,4.12,247,-0.3,1.6,1.6,0.6,,,,,,
2026-08-25-F1,2026-08-25T21:08:01.635Z,-84,7,1,2818,2,-87,772,1.6,10.4,29.0,4.13,247,-0.6,1.7,1.6,0.6,,,,,,
2026-08-25-F1,2026-08-25T21:08:01.737Z,-84,7,1,2819,2,-87,772,1.6,10.4,29.0,4.12,247,-0.9,1.7,1.6,0.6,,,,,,
2026-08-25-F1,2026-08-25T21:08:01.840Z,-84,7,1,2820,2,-87,772,1.7,10.4,29.0,4.13,247,-0.9,1.7,1.6,0.6,,,,,,
2026-08-25-F1,2026-08-25T21:08:01.942Z,-84,7,1,2821,2,-87,772,1.7,10.4,29.0,4.13,247,0.7,1.7,1.6,0.6,,,,,,
2026-08-25-F1,2026-08-25T21:08:02.044Z,-84,7,1,2822,2,-87,772,1.6,10.4,29.0,4.13,247,-0.7,1.6,1.6,0.6,,,,,,
2026-08-25-F1,2026-08-25T21:08:02.147Z,-84,7,1,2823,2,-87,772,1.6,10.4,29.0,4.13,247,0.7,1.6,1.6,0.6,,,,,,
2026-08-25-F1,2026-08-25T21:08:02.249Z,-84,7,1,2824,2,-87,772,1.6,10.4,29.0,4.13,247,-0.4,1.6,1.6,0.6,,,,,,
2026-08-25-F1,2026-08-25T21:08:02.351Z,-85,7,1,2825,2,-87,772,1.6,10.4,29.0,4.13,248,0.9,1.6,1.6,0.6,,,,,,
2026-08-25-F1,2026-08-25T21:08:02.434Z,-85,7,1,2826,2,-87,772,1.6,10.4,29.0,4.12,248,1.5,1.6,1.6,0.6,,,,,,
2026-08-25-F1,2026-08-25T21:08:02.536Z,-85,7,1,2827,2,-87,772,1.6,10.4,29.0,4.12,248,1.2,1.6,1.6,0.6,,,,,,
2026-08-25-F1,2026-08-25T21:08:02.639Z,-85,7,1,2828,2,-87,772,1.7,10.4,29.0,4.13,248,0.5,1.7,1.7,0.6,,,,,,
2026-08-25-F1,2026-08-25T21:08:02.741Z,-85,7,1,2829,2,-87,772,1.6,10.4,29.0,4.13,248,0.3,1.7,1.6,0.6,,,,,,
2026-08-25-F1,2026-08-25T21:08:02.843Z,-85,7,1,2830,2,-87,772,1.6,10.4,29.0,4.12,248,0.2,1.6,1.5,0.6,,,,,,
2026-08-25-F1,2026-08-25T21:08:02.946Z,-85,7,1,2831,2,-87,772,1.6,10.4,29.0,4.12,248,-0.4,1.6,1.6,0.6,,,,,,
2026-08-25-F1,2026-08-25T21:08:03.048Z,-84,7,1,2832,2,-87,772,1.5,10.4,29.0,4.13,248,0.1,1.6,1.5,0.6,,,,,,
2026-08-25-F1,2026-08-25T21:08:03.150Z,-85,7,1,2833,2,-87,772,1.5,10.4,29.0,4.13,248,-0.7,1.7,1.5,0.6,,,,,,
2026-08-25-F1,2026-08-25T21:08:03.253Z,-84,7,1,2834,2,-87,772,1.6,10.4,29.0,4.12,248,-0.4,1.6,1.6,0.6,,,,,,
2026-08-25-F1,2026-08-25T21:08:03.335Z,-84,7,1,2835,2,-87,772,1.6,10.4,29.0,4.13,249,0.5,1.6,1.6,0.6,,,,,,
2026-08-25-F1,2026-08-25T21:08:03.438Z,-84,7,1,2836,2,-87,772,1.6,10.4,29.0,4.13,249,0.3,1.6,1.6,0.6,,,,,,
2026-08-25-F1,2026-08-25T21:08:03.540Z,-84,7,1,2837,2,-87,772,1.6,10.4,29.0,4.13,249,0.3,1.6,1.6,0.6,,,,,,
2026-08-25-F1,2026-08-25T21:08:03.643Z,-84,7,1,2838,2,-87,772,1.6,10.4,29.0,4.13,249,0.5,1.6,1.6,0.6,,,,,,
2026-08-25-F1,2026-08-25T21:08:03.745Z,-85,7,1,2839,2,-87,772,1.6,10.4,29.0,4.12,249,0.7,1.6,1.6,0.6,,,,,,
2026-08-25-F1,2026-08-25T21:08:03.847Z,-84,7,1,2840,2,-87,772,1.6,10.4,29.0,4.13,249,0.8,1.7,1.6,0.6,,,,,,
2026-08-25-F1,2026-08-25T21:08:03.950Z,-84,7,1,2841,2,-87,772,1.7,10.4,29.0,4.12,249,-1.0,1.7,1.6,0.6,,,,,,
2026-08-25-F1,2026-08-25T21:08:04.052Z,-85,7,1,2842,2,-87,772,1.6,10.4,29.0,4.12,249,-0.4,1.6,1.6,0.6,,,,,,
2026-08-25-F1,2026-08-25T21:08:04.154Z,-85,7,1,2843,2,-87,772,1.6,10.4,29.0,4.12,249,-0.1,1.6,1.6,0.6,,,,,,
2026-08-25-F1,2026-08-25T21:08:04.236Z,-85,7,1,2844,2,-87,772,1.6,10.4,29.0,4.12,249,0.9,1.6,1.6,0.6,,,,,,
2026-08-25-F1,2026-08-25T21:08:04.339Z,-85,7,1,2845,2,-87,772,1.7,10.4,29.0,4.12,250,-0.0,1.7,1.7,0.6,,,,,,
2026-08-25-F1,2026-08-25T21:08:04.441Z,-85,7,1,2846,2,-87,772,1.6,10.4,29.0,4.13,250,-0.6,1.6,1.6,0.6,,,,,,
2026-08-25-F1,2026-08-25T21:08:04.544Z,-85,7,1,2847,2,-87,772,1.6,10.4,29.0,4.12,250,-0.2,1.6,1.6,0.6,,,,,,
2026-08-25-F1,2026-08-25T21:08:04.646Z,-85,7,1,2848,2,-87,772,1.6,10.4,29.0,4.13,250,0.2,1.6,1.6,0.6,,,,,,
2026-08-25-F1,2026-08-25T21:08:04.748Z,-84,7,1,2849,2,-87,772,1.6,10.4,29.0,4.13,250,-0.4,1.6,1.6,0.6,,,,,,
2026-08-25-F1,2026-08-25T21:08:04.851Z,-84,7,1,2850,2,-87,772,1.6,10.4,29.0,4.12,250,-0.2,1.6,1.6,0.6,,,,,,
2026-08-25-F1,2026-08-25T21:08:04.953Z,-85,7,1,2851,2,-87,772,1.6,10.4,29.0,4.12,250,0.7,1.6,1.6,0.6,,,,,,
2026-08-25-F1,2026-08-25T21:08:05.055Z,-85,7,1,2852,2,-87,772,1.6,10.4,29.0,4.13,250,-0.5,1.6,1.6,0.6,,,,,,
2026-08-25-F1,2026-08-25T21:08:05.138Z,-84,7,1,2853,2,-87,772,1.6,10.4,29.0,4.13,250,0.2,1.6,1.6,0.6,,,,,,
2026-08-25-F1,2026-08-25T21:08:05.240Z,-84,7,1,2854,2,-87,772,1.6,10.4,29.0,4.12,250,0.7,1.6,1.6,0.6,,,,,,
2026-08-25-F1,2026-08-25T21:08:05.342Z,-84,7,1,2855,2,-87,772,1.6,10.4,29.0,4.12,251,0.3,1.6,1.6,0.6,,,,,,
2026-08-25-F1,2026-08-25T21:08:05.445Z,-84,7,1,2856,2,-87,772,1.6,10.4,29.0,4.12,251,-0.3,1.6,1.6,0.6,,,,,,
2026-08-25-F1,2026-08-25T21:08:05.547Z,-84,7,1,2857,2,-87,772,1.6,10.4,29.0,4.12,251,-0.5,1.6,1.6,0.7,,,,,,
2026-08-25-F1,2026-08-25T21:08:05.650Z,-83,7,1,2858,2,-87,772,1.6,10.4,29.0,4.13,251,0.5,1.6,1.6,0.7,,,,,,
2026-08-25-F1,2026-08-25T21:08:05.752Z,-84,7,1,2859,2,-87,772,1.6,10.4,29.0,4.13,251,0.1,1.6,1.6,0.6,,,,,,
2026-08-25-F1,2026-08-25T21:08:05.854Z,-84,7,1,2860,2,-87,772,1.6,10.4,29.0,4.12,251,0.7,1.6,1.6,0.6,,,,,,
2026-08-25-F1,2026-08-25T21:08:05.937Z,-84,7,1,2861,2,-87,772,1.6,10.4,29.0,4.13,251,0.1,1.7,1.6,0.6,,,,,,
2026-08-25-F1,2026-08-25T21:08:06.039Z,-84,7,1,2862,2,-87,772,1.6,10.4,29.0,4.12,251,-0.5,1.6,1.6,0.6,,,,,,
2026-08-25-F1,2026-08-25T21:08:06.141Z,-84,7,1,2863,2,-87,772,1.7,10.4,29.0,4.13,251,0.1,1.7,1.6,0.6,,,,,,
2026-08-25-F1,2026-08-25T21:08:06.244Z,-85,7,1,2864,2,-87,772,1.6,10.4,29.0,4.13,251,-0.2,1.6,1.6,0.6,,,,,,
2026-08-25-F1,2026-08-25T21:08:06.346Z,-85,7,1,2865,2,-87,772,1.6,10.4,29.0,4.13,252,-0.1,1.6,1.6,0.6,,,,,,
2026-08-25-F1,2026-08-25T21:08:06.449Z,-84,7,1,2866,2,-87,772,1.6,10.4,29.0,4.13,252,0.3,1.6,1.6,0.6,,,,,,
2026-08-25-F1,2026-08-25T21:08:06.551Z,-84,7,1,2867,2,-87,772,1.6,10.4,29.0,4.13,252,1.0,1.6,1.6,0.6,,,,,,
2026-08-25-F1,2026-08-25T21:08:06.639Z,-84,7,1,2868,2,-87,772,1.5,10.4,29.0,4.12,252,-0.1,1.7,1.5,0.6,,,,,,
2026-08-25-F1,2026-08-25T21:08:06.741Z,-83,7,1,2869,2,-87,772,1.6,10.4,29.0,4.12,252,-0.7,1.6,1.6,0.6,,,,,,
2026-08-25-F1,2026-08-25T21:08:06.843Z,-84,7,1,2870,2,-87,772,1.6,10.4,29.0,4.13,252,-1.0,1.6,1.6,0.7,,,,,,
2026-08-25-F1,2026-08-25T21:08:06.946Z,-84,7,1,2871,2,-87,772,1.6,10.4,29.0,4.13,252,-0.4,1.6,1.6,0.7,,,,,,
2026-08-25-F1,2026-08-25T21:08:07.048Z,-84,7,1,2872,2,-87,772,1.7,10.4,29.0,4.13,252,-1.3,1.7,1.6,0.6,,,,,,
2026-08-25-F1,2026-08-25T21:08:07.150Z,-84,7,1,2873,2,-87,772,1.6,10.4,29.0,4.12,252,-0.8,1.7,1.6,0.7,,,,,,
2026-08-25-F1,2026-08-25T21:08:07.253Z,-84,7,1,2874,2,-87,772,1.5,10.4,29.0,4.12,252,-1.0,1.7,1.5,0.6,,,,,,
2026-08-25-F1,2026-08-25T21:08:07.355Z,-85,7,1,2875,2,-87,772,1.6,10.4,29.0,4.13,253,1.1,1.6,1.6,0.6,,,,,,
2026-08-25-F1,2026-08-25T21:08:07.458Z,-84,7,1,2876,2,-87,772,1.6,10.4,29.0,4.12,253,1.8,1.6,1.6,0.6,,,,,,
2026-08-25-F1,2026-08-25T21:08:07.540Z,-84,7,1,2877,2,-87,772,1.6,10.4,29.0,4.13,253,0.1,1.6,1.6,0.6,,,,,,
2026-08-25-F1,2026-08-25T21:08:07.642Z,-84,7,1,2878,2,-87,772,1.6,10.4,29.0,4.12,253,0.3,1.6,1.6,0.6,,,,,,
2026-08-25-F1,2026-08-25T21:08:07.744Z,-84,7,1,2879,2,-87,772,1.6,10.4,29.0,4.13,253,0.3,1.6,1.6,0.6,,,,,,
2026-08-25-F1,2026-08-25T21:08:07.847Z,-84,7,1,2880,2,-87,772,1.6,10.4,29.0,4.13,253,-0.6,1.6,1.6,0.6,,,,,,
2026-08-25-F1,2026-08-25T21:08:07.949Z,-85,7,1,2881,2,-87,772,1.6,10.4,29.0,4.12,253,-0.6,1.6,1.6,0.6,,,,,,
2026-08-25-F1,2026-08-25T21:08:08.051Z,-84,7,1,2882,2,-87,772,1.7,10.4,29.0,4.12,253,-1.0,1.7,1.7,0.6,,,,,,
2026-08-25-F1,2026-08-25T21:08:08.153Z,-84,7,1,2883,2,-87,772,1.6,10.4,29.0,4.12,253,-0.4,1.7,1.6,0.6,,,,,,
2026-08-25-F1,2026-08-25T21:08:08.256Z,-85,7,1,2884,2,-87,772,1.6,10.4,29.0,4.13,253,0.6,1.6,1.6,0.6,,,,,,
2026-08-25-F1,2026-08-25T21:08:08.358Z,-85,7,1,2885,2,-87,772,1.6,10.4,29.0,4.12,254,0.3,1.6,1.6,0.6,,,,,,
2026-08-25-F1,2026-08-25T21:08:08.440Z,-85,7,1,2886,2,-87,772,1.6,10.4,29.0,4.13,254,-0.2,1.6,1.6,0.6,,,,,,
2026-08-25-F1,2026-08-25T21:08:08.543Z,-84,7,1,2887,2,-87,772,1.6,10.4,29.0,4.13,254,-0.2,1.7,1.6,0.6,,,,,,
2026-08-25-F1,2026-08-25T21:08:08.645Z,-84,7,1,2888,2,-87,772,1.7,10.4,29.0,4.12,254,1.1,1.7,1.7,0.6,,,,,,
2026-08-25-F1,2026-08-25T21:08:08.748Z,-85,7,1,2889,2,-87,772,1.6,10.4,29.0,4.13,254,1.1,1.7,1.6,0.6,,,,,,
2026-08-25-F1,2026-08-25T21:08:08.850Z,-85,7,1,2890,2,-87,772,1.7,10.4,29.0,4.13,254,-0.2,1.7,1.6,0.6,,,,,,
2026-08-25-F1,2026-08-25T21:08:08.952Z,-84,7,1,2891,2,-87,772,1.6,10.4,29.0,4.13,254,-0.5,1.6,1.6,0.6,,,,,,
2026-08-25-F1,2026-08-25T21:08:09.055Z,-84,7,1,2892,2,-87,772,1.6,10.4,29.0,4.13,254,-0.4,1.6,1.6,0.6,,,,,,
2026-08-25-F1,2026-08-25T21:08:09.157Z,-84,7,1,2893,2,-87,772,1.6,10.4,29.0,4.12,254,0.8,1.7,1.6,0.6,,,,,,
2026-08-25-F1,2026-08-25T21:08:09.239Z,-84,7,1,2894,2,-87,772,1.6,10.4,29.0,4.13,254,0.5,1.6,1.6,0.6,,,,,,
2026-08-25-F1,2026-08-25T21:08:09.341Z,-84,7,1,2895,2,-87,772,1.6,10.4,29.0,4.12,255,0.6,1.6,1.6,0.6,,,,,,
2026-08-25-F1,2026-08-25T21:08:09.444Z,-84,7,1,2896,2,-87,772,1.6,10.4,29.0,4.13,255,0.7,1.6,1.6,0.6,,,,,,
2026-08-25-F1,2026-08-25T21:08:09.546Z,-83,7,1,2897,2,-87,772,1.6,10.4,29.0,4.12,255,0.7,1.7,1.6,0.6,,,,,,
2026-08-25-F1,2026-08-25T21:08:09.649Z,-83,7,1,2898,2,-87,772,1.6,10.4,29.0,4.12,255,-0.3,1.6,1.6,0.6,,,,,,
2026-08-25-F1,2026-08-25T21:08:09.751Z,-84,7,1,2899,2,-87,772,1.6,10.4,29.0,4.12,255,-1.4,1.6,1.6,0.6,,,,,,
2026-08-25-F1,2026-08-25T21:08:09.853Z,-84,7,1,2900,2,-87,772,1.6,10.4,29.0,4.13,255,-1.0,1.6,1.6,0.6,,,,,,
2026-08-25-F1,2026-08-25T21:08:09.956Z,-84,7,1,2901,2,-87,772,1.6,10.4,29.0,4.14,255,0.3,1.6,1.6,0.6,,,,,,
2026-08-25-F1,2026-08-25T21:08:10.058Z,-84,7,1,2902,2,-87,772,1.6,10.4,29.0,4.13,255,0.9,1.6,1.6,0.6,,,,,,
2026-08-25-F1,2026-08-25T21:08:10.140Z,-85,7,1,2903,2,-87,772,1.6,10.4,29.0,4.13,255,-0.2,1.6,1.5,0.6,,,,,,
2026-08-25-F1,2026-08-25T21:08:10.242Z,-84,7,1,2904,2,-87,772,1.6,10.4,29.0,4.12,255,-0.5,1.6,1.6,0.6,,,,,,
2026-08-25-F1,2026-08-25T21:08:10.345Z,-85,7,1,2905,2,-87,772,1.7,10.4,29.0,4.13,256,0.1,1.7,1.6,0.7,,,,,,
2026-08-25-F1,2026-08-25T21:08:10.447Z,-85,7,1,2906,2,-87,772,1.6,10.4,29.0,4.12,256,-0.2,1.6,1.6,0.6,,,,,,
2026-08-25-F1,2026-08-25T21:08:10.550Z,-84,7,1,2907,2,-87,772,1.6,10.4,29.0,4.13,256,0.8,1.7,1.6,0.6,,,,,,
2026-08-25-F1,2026-08-25T21:08:10.652Z,-84,7,1,2908,2,-87,772,1.6,10.4,29.0,4.12,256,1.2,1.6,1.6,0.6,,,,,,
2026-08-25-F1,2026-08-25T21:08:10.754Z,-84,7,1,2909,2,-87,772,1.6,10.4,29.0,4.13,256,-0.2,1.7,1.6,0.6,,,,,,
2026-08-25-F1,2026-08-25T21:08:10.857Z,-83,7,1,2910,2,-87,772,1.6,10.4,29.0,4.13,256,-0.1,1.6,1.6,0.6,,,,,,
2026-08-25-F1,2026-08-25T21:08:10.959Z,-83,7,1,2911,2,-87,772,1.6,10.4,29.0,4.13,256,0.2,1.7,1.6,0.6,,,,,,
2026-08-25-F1,2026-08-25T21:08:11.041Z,-81,7,1,2912,2,-87,772,1.6,10.4,29.0,4.13,256,-0.8,1.6,1.6,0.6,,,,,,
2026-08-25-F1,2026-08-25T21:08:11.143Z,-82,7,1,2913,2,-87,772,1.6,10.4,29.0,4.12,256,0.2,1.6,1.6,0.6,,,,,,
2026-08-25-F1,2026-08-25T21:08:11.246Z,-82,7,1,2914,2,-87,772,1.6,10.4,29.0,4.13,256,-0.1,1.6,1.6,0.6,,,,,,
2026-08-25-F1,2026-08-25T21:08:11.348Z,-83,7,1,2915,2,-87,772,1.6,10.4,29.0,4.12,257,-0.3,1.6,1.6,0.6,,,,,,
2026-08-25-F1,2026-08-25T21:08:11.450Z,-84,7,1,2916,2,-87,772,1.6,10.4,29.0,4.12,257,0.1,1.6,1.6,0.6,,,,,,
2026-08-25-F1,2026-08-25T21:08:11.553Z,-83,7,1,2917,2,-87,772,1.7,10.4,29.0,4.13,257,-0.3,1.7,1.6,0.7,,,,,,
2026-08-25-F1,2026-08-25T21:08:11.655Z,-83,7,1,2918,2,-87,772,1.6,10.4,29.0,4.13,257,-0.6,1.7,1.6,0.6,,,,,,
2026-08-25-F1,2026-08-25T21:08:11.757Z,-82,7,1,2919,2,-87,772,1.6,10.4,29.0,4.12,257,0.0,1.7,1.6,0.6,,,,,,
2026-08-25-F1,2026-08-25T21:08:11.860Z,-82,7,1,2920,2,-87,772,1.6,10.4,29.0,4.13,257,0.7,1.6,1.6,0.6,,,,,,
2026-08-25-F1,2026-08-25T21:08:11.942Z,-83,7,1,2921,2,-87,772,1.7,10.4,29.0,4.12,257,0.4,1.7,1.6,0.6,,,,,,
2026-08-25-F1,2026-08-25T21:08:12.044Z,-83,7,1,2922,2,-87,772,1.6,10.4,29.0,4.13,257,-1.1,1.6,1.6,0.6,,,,,,
2026-08-25-F1,2026-08-25T21:08:12.147Z,-83,7,1,2923,2,-87,772,1.6,10.4,29.0,4.13,257,-1.0,1.6,1.6,0.6,,,,,,
2026-08-25-F1,2026-08-25T21:08:12.249Z,-83,7,1,2924,2,-87,772,1.6,10.4,29.0,4.13,257,-1.1,1.6,1.6,0.6,,,,,,
2026-08-25-F1,2026-08-25T21:08:12.351Z,-83,7,1,2925,2,-88,772,1.6,10.4,29.0,4.13,258,-2.0,1.6,1.6,0.6,,,,,,
2026-08-25-F1,2026-08-25T21:08:12.454Z,-83,7,1,2926,2,-87,772,1.6,10.4,29.0,4.13,258,-0.6,1.6,1.6,0.6,,,,,,
2026-08-25-F1,2026-08-25T21:08:12.557Z,-83,7,1,2927,2,-87,772,1.6,10.4,29.0,4.12,258,-0.9,1.6,1.6,0.6,,,,,,
2026-08-25-F1,2026-08-25T21:08:12.659Z,-83,7,1,2928,2,-87,772,1.6,10.4,29.0,4.13,258,0.1,1.6,1.6,0.6,,,,,,
2026-08-25-F1,2026-08-25T21:08:12.741Z,-83,7,1,2929,2,-87,772,1.7,10.4,29.0,4.13,258,0.8,1.7,1.6,0.6,,,,,,
2026-08-25-F1,2026-08-25T21:08:12.843Z,-83,7,1,2930,2,-87,772,1.6,10.4,29.0,4.12,258,0.2,1.6,1.6,0.6,,,,,,
2026-08-25-F1,2026-08-25T21:08:12.946Z,-84,7,1,2931,2,-87,772,1.6,10.4,29.0,4.13,258,-0.3,1.7,1.6,0.6,,,,,,
2026-08-25-F1,2026-08-25T21:08:13.048Z,-84,7,1,2932,2,-87,772,1.6,10.4,29.0,4.12,258,0.2,1.6,1.6,0.6,,,,,,
2026-08-25-F1,2026-08-25T21:08:13.150Z,-83,7,1,2933,2,-87,772,1.7,10.4,29.0,4.13,258,-0.2,1.7,1.6,0.6,,,,,,
2026-08-25-F1,2026-08-25T21:08:13.258Z,-83,7,1,2934,2,-87,772,1.6,10.4,29.0,4.13,258,-0.2,1.7,1.6,0.6,,,,,,
2026-08-25-F1,2026-08-25T21:08:13.341Z,-84,7,1,2935,2,-87,772,1.6,10.4,29.0,4.12,259,-0.2,1.6,1.6,0.6,,,,,,
2026-08-25-F1,2026-08-25T21:08:13.443Z,-83,7,1,2936,2,-87,772,1.6,10.4,29.0,4.13,259,-0.2,1.6,1.6,0.6,,,,,,
2026-08-25-F1,2026-08-25T21:08:13.546Z,-84,7,1,2937,2,-87,772,1.6,10.4,29.0,4.12,259,0.8,1.6,1.6,0.6,,,,,,
2026-08-25-F1,2026-08-25T21:08:13.649Z,-84,7,1,2938,2,-87,772,1.7,10.4,29.0,4.13,259,0.8,1.7,1.6,0.6,,,,,,
2026-08-25-F1,2026-08-25T21:08:13.751Z,-84,7,1,2939,2,-87,772,1.6,10.4,29.0,4.13,259,-0.5,1.6,1.6,0.6,,,,,,
2026-08-25-F1,2026-08-25T21:08:13.853Z,-84,7,1,2940,2,-87,772,1.6,10.4,29.0,4.12,259,0.2,1.6,1.6,0.6,,,,,,
2026-08-25-F1,2026-08-25T21:08:13.956Z,-85,7,1,2941,2,-87,772,1.6,10.4,29.0,4.12,259,0.1,1.6,1.6,0.6,,,,,,
2026-08-25-F1,2026-08-25T21:08:14.058Z,-84,7,1,2942,2,-87,772,1.6,10.4,29.0,4.13,259,1.3,1.7,1.6,0.6,,,,,,
2026-08-25-F1,2026-08-25T21:08:14.160Z,-84,7,1,2943,2,-87,772,1.6,10.4,29.0,4.13,259,0.4,1.6,1.6,0.6,,,,,,
2026-08-25-F1,2026-08-25T21:08:14.242Z,-83,7,1,2944,2,-87,772,1.6,10.4,29.0,4.13,259,-0.5,1.6,1.6,0.6,,,,,,
2026-08-25-F1,2026-08-25T21:08:14.346Z,-83,7,1,2945,2,-87,772,1.6,10.4,29.0,4.12,260,0.0,1.6,1.6,0.6,,,,,,
2026-08-25-F1,2026-08-25T21:08:14.448Z,-83,7,1,2946,2,-87,772,1.7,10.4,29.0,4.12,260,-0.7,1.7,1.7,0.6,,,,,,
2026-08-25-F1,2026-08-25T21:08:14.551Z,-83,7,1,2947,2,-87,772,1.6,10.4,29.0,4.12,260,-0.7,1.6,1.6,0.6,,,,,,
2026-08-25-F1,2026-08-25T21:08:14.653Z,-83,7,1,2948,2,-87,772,1.6,10.4,29.0,4.13,260,-0.7,1.6,1.6,0.7,,,,,,
2026-08-25-F1,2026-08-25T21:08:14.756Z,-84,7,1,2949,2,-87,772,1.6,10.4,29.0,4.13,260,-0.5,1.6,1.6,0.6,,,,,,
2026-08-25-F1,2026-08-25T21:08:14.858Z,-84,7,1,2950,2,-87,772,1.6,10.4,29.0,4.12,260,-0.3,1.6,1.6,0.6,,,,,,
2026-08-25-F1,2026-08-25T21:08:14.960Z,-84,7,1,2951,2,-87,772,1.6,10.4,29.0,4.12,260,-0.7,1.6,1.6,0.6,,,,,,
2026-08-25-F1,2026-08-25T21:08:15.042Z,-85,7,1,2952,2,-87,772,1.6,10.4,29.0,4.13,260,0.4,1.6,1.6,0.6,,,,,,
2026-08-25-F1,2026-08-25T21:08:15.145Z,-85,7,1,2953,2,-87,772,1.6,10.4,29.0,4.12,260,-0.6,1.6,1.6,0.7,,,,,,
2026-08-25-F1,2026-08-25T21:08:15.247Z,-84,7,1,2954,2,-87,772,1.6,10.4,29.0,4.13,260,-0.2,1.6,1.6,0.6,,,,,,
2026-08-25-F1,2026-08-25T21:08:15.349Z,-84,7,1,2955,2,-87,772,1.6,10.4,29.0,4.12,261,-0.3,1.6,1.6,0.6,,,,,,
2026-08-25-F1,2026-08-25T21:08:15.452Z,-84,7,1,2956,2,-87,772,1.6,10.4,29.0,4.13,261,-0.0,1.6,1.6,0.7,,,,,,
2026-08-25-F1,2026-08-25T21:08:15.555Z,-84,7,1,2957,2,-87,772,1.5,10.4,29.0,4.12,261,-1.1,1.6,1.5,0.6,,,,,,
2026-08-25-F1,2026-08-25T21:08:15.657Z,-84,7,1,2958,2,-87,772,1.6,10.4,29.0,4.13,261,0.1,1.6,1.6,0.6,,,,,,
2026-08-25-F1,2026-08-25T21:08:15.759Z,-84,7,1,2959,2,-87,772,1.6,10.4,29.0,4.13,261,0.2,1.6,1.6,0.6,,,,,,
2026-08-25-F1,2026-08-25T21:08:15.861Z,-84,7,1,2960,2,-87,772,1.6,10.4,29.0,4.12,261,0.4,1.7,1.6,0.6,,,,,,
2026-08-25-F1,2026-08-25T21:08:15.944Z,-84,7,1,2961,2,-87,772,1.7,10.4,29.0,4.13,261,0.3,1.7,1.7,0.6,,,,,,
2026-08-25-F1,2026-08-25T21:08:16.046Z,-84,7,1,2962,2,-87,772,1.6,10.4,29.0,4.12,261,-0.0,1.6,1.6,0.6,,,,,,
2026-08-25-F1,2026-08-25T21:08:16.148Z,-84,7,1,2963,2,-87,772,1.6,10.4,29.0,4.13,261,1.1,1.6,1.6,0.6,,,,,,
2026-08-25-F1,2026-08-25T21:08:16.251Z,-84,7,1,2964,2,-87,772,1.6,10.4,29.0,4.13,261,-0.2,1.7,1.6,0.6,,,,,,
2026-08-25-F1,2026-08-25T21:08:16.353Z,-83,7,1,2965,2,-87,772,1.6,10.4,29.0,4.12,262,0.3,1.6,1.6,0.6,,,,,,
2026-08-25-F1,2026-08-25T21:08:16.455Z,-84,7,1,2966,2,-87,772,1.6,10.4,29.0,4.13,262,-0.6,1.6,1.6,0.6,,,,,,
2026-08-25-F1,2026-08-25T21:08:16.558Z,-84,7,1,2967,2,-87,772,1.6,10.4,29.0,4.13,262,-0.4,1.6,1.6,0.6,,,,,,
2026-08-25-F1,2026-08-25T21:08:16.661Z,-84,7,1,2968,2,-87,772,1.6,10.4,29.0,4.12,262,-0.2,1.6,1.6,0.6,,,,,,
2026-08-25-F1,2026-08-25T21:08:16.743Z,-84,7,1,2969,2,-87,772,1.6,10.4,29.0,4.12,262,-0.3,1.7,1.6,0.6,,,,,,
2026-08-25-F1,2026-08-25T21:08:16.845Z,-84,7,1,2970,2,-87,772,1.6,10.4,29.0,4.13,262,-1.5,1.6,1.6,0.6,,,,,,
2026-08-25-F1,2026-08-25T21:08:16.947Z,-85,7,1,2971,2,-87,772,1.6,10.4,29.0,4.13,262,0.0,1.6,1.6,0.7,,,,,,
2026-08-25-F1,2026-08-25T21:08:17.050Z,-84,7,1,2972,2,-87,772,1.6,10.4,29.0,4.12,262,0.5,1.6,1.6,0.6,,,,,,
2026-08-25-F1,2026-08-25T21:08:17.152Z,-84,7,1,2973,2,-87,772,1.6,10.4,29.0,4.12,262,0.3,1.7,1.6,0.6,,,,,,
2026-08-25-F1,2026-08-25T21:08:17.254Z,-84,7,1,2974,2,-87,772,1.6,10.4,29.0,4.13,262,-0.1,1.6,1.6,0.6,,,,,,
2026-08-25-F1,2026-08-25T21:08:17.357Z,-84,7,1,2975,2,-87,772,1.7,10.4,29.0,4.13,263,0.2,1.7,1.6,0.6,,,,,,
2026-08-25-F1,2026-08-25T21:08:17.459Z,-84,7,1,2976,2,-87,772,1.6,10.4,29.0,4.12,263,0.5,1.7,1.6,0.6,,,,,,
2026-08-25-F1,2026-08-25T21:08:17.562Z,-84,7,1,2977,2,-87,772,1.6,10.4,29.0,4.13,263,-0.3,1.6,1.6,0.6,,,,,,
2026-08-25-F1,2026-08-25T21:08:17.644Z,-83,7,1,2978,2,-87,772,1.6,10.4,29.0,4.12,263,0.5,1.6,1.6,0.6,,,,,,
2026-08-25-F1,2026-08-25T21:08:17.746Z,-84,7,1,2979,2,-87,772,1.6,10.4,29.0,4.12,263,0.8,1.6,1.5,0.6,,,,,,
2026-08-25-F1,2026-08-25T21:08:17.849Z,-84,7,1,2980,2,-87,772,1.6,10.4,29.0,4.12,263,-0.6,1.6,1.6,0.6,,,,,,
2026-08-25-F1,2026-08-25T21:08:17.951Z,-84,7,1,2981,2,-87,772,1.7,10.4,29.0,4.13,263,-0.3,1.7,1.6,0.6,,,,,,
2026-08-25-F1,2026-08-25T21:08:18.053Z,-84,7,1,2982,2,-87,772,1.6,10.4,29.0,4.12,263,0.6,1.6,1.6,0.6,,,,,,
2026-08-25-F1,2026-08-25T21:08:18.155Z,-84,7,1,2983,2,-87,772,1.6,10.4,29.0,4.12,263,0.4,1.6,1.6,0.6,,,,,,
2026-08-25-F1,2026-08-25T21:08:18.258Z,-84,7,1,2984,2,-87,772,1.6,10.4,29.0,4.12,263,-0.8,1.6,1.6,0.7,,,,,,
2026-08-25-F1,2026-08-25T21:08:18.360Z,-84,7,1,2985,2,-87,772,1.6,10.4,29.0,4.13,264,-0.2,1.6,1.6,0.6,,,,,,
2026-08-25-F1,2026-08-25T21:08:18.462Z,-83,7,1,2986,2,-87,772,1.6,10.4,29.0,4.13,264,-0.8,1.6,1.6,0.7,,,,,,
2026-08-25-F1,2026-08-25T21:08:18.545Z,-83,7,1,2987,2,-87,772,1.7,10.4,29.0,4.13,264,0.0,1.7,1.6,0.6,,,,,,
2026-08-25-F1,2026-08-25T21:08:18.647Z,-82,7,1,2988,2,-87,772,1.6,10.4,29.0,4.12,264,-1.2,1.6,1.6,0.6,,,,,,
2026-08-25-F1,2026-08-25T21:08:18.754Z,-82,7,1,2989,2,-87,772,1.7,10.4,29.0,4.12,264,-1.1,1.7,1.6,0.6,,,,,,
2026-08-25-F1,2026-08-25T21:08:18.856Z,-82,7,1,2990,2,-87,772,1.7,10.4,29.0,4.13,264,-0.2,1.7,1.6,0.6,,,,,,
2026-08-25-F1,2026-08-25T21:08:18.959Z,-82,7,1,2991,2,-87,772,1.6,10.4,29.0,4.12,264,0.1,1.6,1.6,0.6,,,,,,
2026-08-25-F1,2026-08-25T21:08:19.061Z,-82,7,1,2992,2,-87,772,1.6,10.4,29.0,4.13,264,0.4,1.6,1.6,0.6,,,,,,
2026-08-25-F1,2026-08-25T21:08:19.163Z,-82,7,1,2993,2,-87,772,1.6,10.4,29.0,4.13,264,0.3,1.6,1.6,0.6,,,,,,
2026-08-25-F1,2026-08-25T21:08:19.245Z,-82,7,1,2994,2,-87,772,1.6,10.4,29.0,4.12,264,-1.3,1.7,1.6,0.7,,,,,,
2026-08-25-F1,2026-08-25T21:08:19.348Z,-82,7,1,2995,2,-87,772,1.6,10.4,29.0,4.12,265,-0.5,1.6,1.6,0.6,,,,,,
2026-08-25-F1,2026-08-25T21:08:19.450Z,-82,7,1,2996,2,-88,772,1.6,10.4,29.0,4.12,265,-2.0,1.6,1.6,0.6,,,,,,
2026-08-25-F1,2026-08-25T21:08:19.553Z,-82,7,1,2997,2,-88,772,1.7,10.4,29.0,4.13,265,-0.5,1.7,1.6,0.6,,,,,,
2026-08-25-F1,2026-08-25T21:08:19.655Z,-82,7,1,2998,2,-87,772,1.6,10.4,29.0,4.13,265,1.3,1.6,1.6,0.6,,,,,,
2026-08-25-F1,2026-08-25T21:08:19.757Z,-82,7,1,2999,2,-87,772,1.6,10.4,29.0,4.12,265,0.7,1.6,1.6,0.6,,,,,,
2026-08-25-F1,2026-08-25T21:08:19.860Z,-83,7,1,3000,2,-87,772,1.6,10.4,29.0,4.13,265,0.6,1.6,1.6,0.6,,,,,,
2026-08-25-F1,2026-08-25T21:08:19.962Z,-83,7,1,3001,2,-87,772,1.6,10.4,29.0,4.12,265,-0.5,1.7,1.6,0.7,,,,,,
2026-08-25-F1,2026-08-25T21:08:20.044Z,-82,7,1,3002,2,-87,772,1.6,10.4,29.0,4.12,265,-0.2,1.6,1.6,0.7,,,,,,
2026-08-25-F1,2026-08-25T21:08:20.146Z,-83,7,1,3003,2,-87,772,1.6,10.4,29.0,4.12,265,0.4,1.6,1.6,0.6,,,,,,
2026-08-25-F1,2026-08-25T21:08:20.249Z,-83,7,1,3004,2,-87,772,1.6,10.4,29.0,4.13,265,0.7,1.6,1.5,0.6,,,,,,
2026-08-25-F1,2026-08-25T21:08:20.351Z,-83,7,1,3005,2,-87,772,1.6,10.4,29.0,4.13,266,0.4,1.7,1.6,0.6,,,,,,
2026-08-25-F1,2026-08-25T21:08:20.453Z,-83,7,1,3006,2,-87,772,1.6,10.4,29.0,4.12,266,1.0,1.6,1.6,0.6,,,,,,
2026-08-25-F1,2026-08-25T21:08:20.556Z,-83,7,1,3007,2,-87,772,1.6,10.4,29.0,4.13,266,-0.1,1.6,1.6,0.6,,,,,,
2026-08-25-F1,2026-08-25T21:08:20.659Z,-83,7,1,3008,2,-87,772,1.6,10.4,29.0,4.12,266,-0.9,1.6,1.6,0.6,,,,,,
2026-08-25-F1,2026-08-25T21:08:20.761Z,-83,7,1,3009,2,-87,772,1.6,10.4,29.0,4.12,266,-0.9,1.6,1.6,0.6,,,,,,
2026-08-25-F1,2026-08-25T21:08:20.863Z,-83,7,1,3010,2,-87,772,1.6,10.4,29.0,4.13,266,-1.3,1.6,1.6,0.7,,,,,,
2026-08-25-F1,2026-08-25T21:08:20.945Z,-83,7,1,3011,2,-87,772,1.6,10.4,29.0,4.13,266,-0.7,1.6,1.6,0.6,,,,,,
2026-08-25-F1,2026-08-25T21:08:21.048Z,-83,7,1,3012,2,-87,772,1.6,10.4,29.0,4.13,266,-0.1,1.6,1.6,0.6,,,,,,
2026-08-25-F1,2026-08-25T21:08:21.150Z,-82,7,1,3013,2,-87,772,1.6,10.4,29.0,4.12,266,-0.5,1.6,1.6,0.6,,,,,,
2026-08-25-F1,2026-08-25T21:08:21.252Z,-82,7,1,3014,2,-88,772,1.5,10.4,29.0,4.12,266,-0.8,1.6,1.5,0.6,,,,,,
2026-08-25-F1,2026-08-25T21:08:21.355Z,-82,7,1,3015,2,-87,772,1.7,10.4,29.0,4.12,267,-0.1,1.7,1.6,0.6,,,,,,
2026-08-25-F1,2026-08-25T21:08:21.457Z,-82,7,1,3016,2,-87,772,1.6,10.4,29.0,4.13,267,-0.0,1.6,1.6,0.6,,,,,,
2026-08-25-F1,2026-08-25T21:08:21.560Z,-82,7,1,3017,2,-87,772,1.6,10.4,29.0,4.12,267,0.9,1.7,1.6,0.6,,,,,,
2026-08-25-F1,2026-08-25T21:08:21.662Z,-82,7,1,3018,2,-87,772,1.6,10.4,29.0,4.12,267,1.0,1.6,1.6,0.6,,,,,,
2026-08-25-F1,2026-08-25T21:08:21.764Z,-82,7,1,3019,2,-87,772,1.6,10.4,29.0,4.13,267,0.3,1.7,1.6,0.6,,,,,,
2026-08-25-F1,2026-08-25T21:08:21.847Z,-82,7,1,3020,2,-87,772,1.7,10.4,29.0,4.13,267,0.1,1.7,1.6,0.6,,,,,,
2026-08-25-F1,2026-08-25T21:08:21.949Z,-82,7,1,3021,2,-87,772,1.6,10.4,29.0,4.13,267,-0.2,1.6,1.6,0.6,,,,,,
2026-08-25-F1,2026-08-25T21:08:22.051Z,-82,7,1,3022,2,-87,772,1.6,10.4,29.0,4.13,267,-1.0,1.6,1.6,0.6,,,,,,
2026-08-25-F1,2026-08-25T21:08:22.153Z,-82,7,1,3023,2,-87,772,1.6,10.4,29.0,4.12,267,-1.0,1.6,1.6,0.6,,,,,,
2026-08-25-F1,2026-08-25T21:08:22.256Z,-82,7,1,3024,2,-87,772,1.6,10.4,29.0,4.12,267,-0.0,1.6,1.6,0.6,,,,,,
2026-08-25-F1,2026-08-25T21:08:22.358Z,-82,7,1,3025,2,-87,772,1.6,10.4,29.0,4.13,268,0.6,1.7,1.6,0.6,,,,,,
2026-08-25-F1,2026-08-25T21:08:22.461Z,-82,7,1,3026,2,-87,772,1.6,10.4,29.0,4.12,268,0.6,1.6,1.6,0.6,,,,,,
2026-08-25-F1,2026-08-25T21:08:22.563Z,-82,7,1,3027,2,-87,772,1.6,10.4,29.0,4.12,268,0.5,1.6,1.6,0.6,,,,,,
2026-08-25-F1,2026-08-25T21:08:22.645Z,-82,7,1,3028,2,-87,772,1.5,10.4,29.0,4.13,268,0.3,1.6,1.5,0.6,,,,,,
2026-08-25-F1,2026-08-25T21:08:22.748Z,-82,7,1,3029,2,-87,772,1.5,10.4,29.0,4.12,268,-0.3,1.7,1.5,0.6,,,,,,
2026-08-25-F1,2026-08-25T21:08:22.850Z,-82,7,1,3030,2,-87,772,1.6,10.4,29.0,4.12,268,0.4,1.6,1.6,0.6,,,,,,
2026-08-25-F1,2026-08-25T21:08:22.952Z,-82,7,1,3031,2,-87,772,1.6,10.4,29.0,4.13,268,0.7,1.6,1.6,0.6,,,,,,
2026-08-25-F1,2026-08-25T21:08:23.055Z,-82,7,1,3032,2,-87,772,1.6,10.4,29.0,4.13,268,0.4,1.6,1.6,0.6,,,,,,
2026-08-25-F1,2026-08-25T21:08:23.157Z,-82,7,1,3033,2,-87,772,1.7,10.4,29.0,4.13,268,0.2,1.7,1.6,0.6,,,,,,
2026-08-25-F1,2026-08-25T21:08:23.259Z,-83,7,1,3034,2,-87,772,1.6,10.4,29.0,4.13,268,0.5,1.6,1.6,0.6,,,,,,
2026-08-25-F1,2026-08-25T21:08:23.362Z,-83,7,1,3035,2,-87,772,1.6,10.4,29.0,4.13,269,0.1,1.6,1.6,0.6,,,,,,
2026-08-25-F1,2026-08-25T21:08:23.464Z,-83,7,1,3036,2,-87,772,1.5,10.4,29.0,4.13,269,-1.2,1.6,1.5,0.6,,,,,,
2026-08-25-F1,2026-08-25T21:08:23.547Z,-83,7,1,3037,2,-87,772,1.6,10.4,29.0,4.13,269,-0.2,1.6,1.6,0.6,,,,,,
2026-08-25-F1,2026-08-25T21:08:23.649Z,-84,7,1,3038,2,-87,772,1.6,10.4,29.0,4.12,269,-1.3,1.6,1.6,0.6,,,,,,
2026-08-25-F1,2026-08-25T21:08:23.751Z,-83,7,1,3039,2,-87,772,1.6,10.4,29.0,4.13,269,-0.9,1.6,1.6,0.6,,,,,,
2026-08-25-F1,2026-08-25T21:08:23.854Z,-83,7,1,3040,2,-87,772,1.6,10.4,29.0,4.13,269,0.5,1.6,1.6,0.6,,,,,,
2026-08-25-F1,2026-08-25T21:08:23.956Z,-83,7,1,3041,2,-87,772,1.6,10.4,29.0,4.13,269,0.1,1.6,1.6,0.6,,,,,,
2026-08-25-F1,2026-08-25T21:08:24.058Z,-84,7,1,3042,2,-87,772,1.6,10.4,29.0,4.12,269,0.0,1.6,1.6,0.6,,,,,,
2026-08-25-F1,2026-08-25T21:08:24.160Z,-84,7,1,3043,2,-88,772,1.6,10.4,29.0,4.13,269,-1.8,1.6,1.6,0.6,,,,,,
2026-08-25-F1,2026-08-25T21:08:24.263Z,-84,7,1,3044,2,-88,772,1.6,10.4,29.0,4.13,269,-1.1,1.6,1.6,0.6,,,,,,
2026-08-25-F1,2026-08-25T21:08:24.365Z,-84,7,1,3045,2,-87,772,1.6,10.4,29.0,4.12,270,-0.1,1.6,1.6,0.6,,,,,,
2026-08-25-F1,2026-08-25T21:08:24.448Z,-84,7,1,3046,2,-88,772,1.6,10.4,29.0,4.12,270,-0.5,1.6,1.6,0.6,,,,,,
2026-08-25-F1,2026-08-25T21:08:24.550Z,-84,7,1,3047,2,-87,772,1.6,10.4,29.0,4.13,270,0.4,1.6,1.6,0.6,,,,,,
2026-08-25-F1,2026-08-25T21:08:24.653Z,-84,7,1,3048,2,-87,772,1.6,10.4,29.0,4.12,270,0.3,1.6,1.6,0.6,,,,,,
2026-08-25-F1,2026-08-25T21:08:24.755Z,-84,7,1,3049,2,-87,772,1.6,10.4,29.0,4.12,270,0.6,1.6,1.6,0.6,,,,,,
2026-08-25-F1,2026-08-25T21:08:24.857Z,-85,7,1,3050,2,-87,772,1.6,10.4,29.0,4.13,270,0.8,1.6,1.6,0.6,,,,,,
2026-08-25-F1,2026-08-25T21:08:24.960Z,-84,7,1,3051,2,-87,772,1.6,10.4,29.0,4.12,270,0.8,1.6,1.6,0.6,,,,,,
2026-08-25-F1,2026-08-25T21:08:25.062Z,-84,7,1,3052,2,-87,772,1.6,10.4,29.0,4.12,270,1.5,1.6,1.6,0.6,,,,,,
2026-08-25-F1,2026-08-25T21:08:25.164Z,-84,7,1,3053,2,-87,772,1.6,10.4,29.0,4.12,270,0.2,1.7,1.6,0.6,,,,,,
2026-08-25-F1,2026-08-25T21:08:25.246Z,-84,7,1,3054,2,-87,772,1.6,10.4,29.0,4.12,270,0.1,1.7,1.6,0.6,,,,,,
2026-08-25-F1,2026-08-25T21:08:25.354Z,-84,7,1,3055,2,-87,772,1.6,10.4,29.0,4.13,271,-0.3,1.6,1.6,0.6,,,,,,
2026-08-25-F1,2026-08-25T21:08:25.457Z,-83,7,1,3056,2,-87,772,1.6,10.4,29.0,4.13,271,0.2,1.6,1.5,0.6,,,,,,
2026-08-25-F1,2026-08-25T21:08:25.560Z,-83,7,1,3057,2,-87,772,1.6,10.4,29.0,4.12,271,0.4,1.6,1.6,0.6,,,,,,
2026-08-25-F1,2026-08-25T21:08:25.662Z,-83,7,1,3058,2,-87,772,1.7,10.4,29.0,4.12,271,0.0,1.7,1.6,0.6,,,,,,
2026-08-25-F1,2026-08-25T21:08:25.764Z,-82,7,1,3059,2,-87,772,1.6,10.4,29.0,4.13,271,0.4,1.7,1.6,0.6,,,,,,
2026-08-25-F1,2026-08-25T21:08:25.846Z,-83,7,1,3060,2,-87,772,1.6,10.4,29.0,4.12,271,-0.9,1.6,1.6,0.6,,,,,,
2026-08-25-F1,2026-08-25T21:08:25.949Z,-82,7,1,3061,2,-87,772,1.6,10.4,29.0,4.12,271,-0.9,1.7,1.6,0.6,,,,,,
2026-08-25-F1,2026-08-25T21:08:26.051Z,-83,7,1,3062,2,-87,772,1.6,10.4,29.0,4.13,271,-0.3,1.7,1.6,0.6,,,,,,
2026-08-25-F1,2026-08-25T21:08:26.153Z,-83,7,1,3063,2,-87,772,1.6,10.4,29.0,4.13,271,-0.3,1.6,1.6,0.6,,,,,,
2026-08-25-F1,2026-08-25T21:08:26.255Z,-83,7,1,3064,2,-87,772,1.6,10.4,29.0,4.13,271,-0.9,1.6,1.6,0.7,,,,,,
2026-08-25-F1,2026-08-25T21:08:26.358Z,-83,7,1,3065,2,-87,772,1.6,10.4,29.0,4.12,272,-0.1,1.6,1.6,0.6,,,,,,
2026-08-25-F1,2026-08-25T21:08:26.460Z,-83,7,1,3066,2,-87,772,1.6,10.4,29.0,4.12,272,-0.2,1.7,1.6,0.6,,,,,,
2026-08-25-F1,2026-08-25T21:08:26.563Z,-83,7,1,3067,2,-87,772,1.7,10.4,29.0,4.12,272,0.1,1.7,1.6,0.6,,,,,,
2026-08-25-F1,2026-08-25T21:08:26.666Z,-83,7,1,3068,2,-87,772,1.6,10.4,29.0,4.12,272,-0.2,1.6,1.6,0.6,,,,,,
2026-08-25-F1,2026-08-25T21:08:26.748Z,-83,7,1,3069,2,-87,772,1.6,10.4,29.0,4.12,272,-0.8,1.6,1.6,0.6,,,,,,
2026-08-25-F1,2026-08-25T21:08:26.850Z,-84,7,1,3070,2,-87,772,1.6,10.4,29.0,4.13,272,-0.5,1.6,1.6,0.6,,,,,,
2026-08-25-F1,2026-08-25T21:08:26.953Z,-83,7,1,3071,2,-87,772,1.6,10.4,29.0,4.12,272,0.2,1.6,1.6,0.6,,,,,,
2026-08-25-F1,2026-08-25T21:08:27.055Z,-84,7,1,3072,2,-87,772,1.6,10.4,29.0,4.13,272,-0.4,1.6,1.6,0.6,,,,,,
2026-08-25-F1,2026-08-25T21:08:27.157Z,-84,7,1,3073,2,-87,772,1.6,10.4,29.0,4.12,272,0.2,1.6,1.6,0.6,,,,,,
2026-08-25-F1,2026-08-25T21:08:27.259Z,-83,7,1,3074,2,-87,772,1.6,10.4,29.0,4.12,272,0.7,1.6,1.6,0.6,,,,,,
2026-08-25-F1,2026-08-25T21:08:27.362Z,-83,7,1,3075,2,-87,772,1.6,10.4,29.0,4.12,273,-0.7,1.7,1.6,0.6,,,,,,
2026-08-25-F1,2026-08-25T21:08:27.464Z,-83,7,1,3076,2,-87,772,1.5,10.4,29.0,4.13,273,0.2,1.6,1.5,0.6,,,,,,
2026-08-25-F1,2026-08-25T21:08:27.567Z,-83,7,1,3077,2,-87,772,1.6,10.4,29.0,4.12,273,0.2,1.6,1.6,0.6,,,,,,
2026-08-25-F1,2026-08-25T21:08:27.649Z,-82,7,1,3078,2,-87,772,1.6,10.4,29.0,4.12,273,-0.7,1.6,1.6,0.7,,,,,,
2026-08-25-F1,2026-08-25T21:08:27.751Z,-83,7,1,3079,2,-87,772,1.7,10.4,29.0,4.12,273,0.2,1.7,1.7,0.6,,,,,,
2026-08-25-F1,2026-08-25T21:08:27.854Z,-83,7,1,3080,2,-87,772,1.6,10.4,29.0,4.13,273,0.3,1.7,1.6,0.6,,,,,,
2026-08-25-F1,2026-08-25T21:08:27.956Z,-83,7,1,3081,2,-87,772,1.6,10.4,29.0,4.13,273,0.6,1.6,1.6,0.7,,,,,,
2026-08-25-F1,2026-08-25T21:08:28.058Z,-83,7,1,3082,2,-87,772,1.6,10.4,29.0,4.12,273,-0.2,1.6,1.6,0.6,,,,,,
2026-08-25-F1,2026-08-25T21:08:28.160Z,-83,7,1,3083,2,-87,772,1.6,10.4,29.0,4.12,273,-0.4,1.7,1.6,0.6,,,,,,
2026-08-25-F1,2026-08-25T21:08:28.263Z,-84,7,1,3084,2,-87,772,1.6,10.4,29.0,4.12,273,0.6,1.6,1.6,0.6,,,,,,
2026-08-25-F1,2026-08-25T21:08:28.365Z,-83,7,1,3085,2,-87,772,1.6,10.4,29.0,4.12,274,0.6,1.6,1.6,0.6,,,,,,
2026-08-25-F1,2026-08-25T21:08:28.447Z,-83,7,1,3086,2,-87,772,1.6,10.4,29.0,4.12,274,0.1,1.6,1.6,0.6,,,,,,
2026-08-25-F1,2026-08-25T21:08:28.550Z,-83,7,1,3087,2,-87,772,1.6,10.4,29.0,4.13,274,-1.2,1.6,1.6,0.6,,,,,,
2026-08-25-F1,2026-08-25T21:08:28.652Z,-83,7,1,3088,2,-87,772,1.6,10.4,29.0,4.12,274,-0.8,1.6,1.6,0.6,,,,,,
2026-08-25-F1,2026-08-25T21:08:28.755Z,-84,7,1,3089,2,-87,772,1.7,10.4,29.0,4.12,274,-0.5,1.7,1.6,0.6,,,,,,
2026-08-25-F1,2026-08-25T21:08:28.857Z,-83,7,1,3090,2,-87,772,1.6,10.4,29.0,4.12,274,0.7,1.6,1.6,0.6,,,,,,
2026-08-25-F1,2026-08-25T21:08:28.959Z,-84,7,1,3091,2,-87,772,1.7,10.4,29.0,4.12,274,0.5,1.7,1.6,0.6,,,,,,
2026-08-25-F1,2026-08-25T21:08:29.061Z,-83,7,1,3092,2,-87,772,1.7,10.4,29.0,4.13,274,-0.7,1.7,1.6,0.6,,,,,,
2026-08-25-F1,2026-08-25T21:08:29.164Z,-83,7,1,3093,2,-87,772,1.6,10.4,29.0,4.12,274,-0.1,1.6,1.6,0.6,,,,,,
2026-08-25-F1,2026-08-25T21:08:29.266Z,-83,7,1,3094,2,-87,772,1.6,10.4,29.0,4.12,274,0.0,1.6,1.6,0.7,,,,,,
2026-08-25-F1,2026-08-25T21:08:29.348Z,-84,7,1,3095,2,-87,772,1.6,10.4,29.0,4.13,275,-0.6,1.6,1.6,0.6,,,,,,
2026-08-25-F1,2026-08-25T21:08:29.450Z,-83,7,1,3096,2,-87,772,1.6,10.4,29.0,4.12,275,0.2,1.6,1.6,0.6,,,,,,
2026-08-25-F1,2026-08-25T21:08:29.553Z,-84,7,1,3097,2,-87,772,1.7,10.4,29.0,4.12,275,-0.2,1.7,1.6,0.6,,,,,,
2026-08-25-F1,2026-08-25T21:08:29.655Z,-84,7,1,3098,2,-87,772,1.6,10.4,29.0,4.13,275,-0.3,1.6,1.6,0.6,,,,,,
2026-08-25-F1,2026-08-25T21:08:29.758Z,-83,7,1,3099,2,-87,772,1.6,10.4,29.0,4.12,275,-0.4,1.6,1.6,0.6,,,,,,
2026-08-25-F1,2026-08-25T21:08:29.860Z,-84,7,1,3100,2,-87,772,1.6,10.4,29.0,4.13,275,0.1,1.6,1.6,0.6,,,,,,
2026-08-25-F1,2026-08-25T21:08:29.962Z,-84,7,1,3101,2,-87,772,1.7,10.4,29.0,4.13,275,0.8,1.7,1.6,0.6,,,,,,
2026-08-25-F1,2026-08-25T21:08:30.065Z,-83,7,1,3102,2,-87,772,1.6,10.4,29.0,4.12,275,0.1,1.6,1.6,0.6,,,,,,
2026-08-25-F1,2026-08-25T21:08:30.167Z,-84,7,1,3103,2,-87,772,1.6,10.4,29.0,4.13,275,-0.3,1.6,1.6,0.6,,,,,,
2026-08-25-F1,2026-08-25T21:08:30.249Z,-83,7,1,3104,2,-87,772,1.6,10.4,29.0,4.12,275,-0.8,1.6,1.6,0.6,,,,,,
2026-08-25-F1,2026-08-25T21:08:30.351Z,-84,7,1,3105,2,-87,772,1.6,10.4,29.0,4.13,276,-0.7,1.6,1.6,0.6,,,,,,
2026-08-25-F1,2026-08-25T21:08:30.454Z,-84,7,1,3106,2,-87,772,1.6,10.4,29.0,4.12,276,-0.6,1.6,1.6,0.6,,,,,,
2026-08-25-F1,2026-08-25T21:08:30.556Z,-84,7,1,3107,2,-87,772,1.6,10.4,29.0,4.12,276,0.5,1.6,1.6,0.6,,,,,,
2026-08-25-F1,2026-08-25T21:08:30.659Z,-85,7,1,3108,2,-88,772,1.6,10.4,29.0,4.12,276,-1.0,1.6,1.6,0.6,,,,,,
2026-08-25-F1,2026-08-25T21:08:30.761Z,-85,7,1,3109,2,-87,772,1.7,10.4,29.0,4.12,276,0.2,1.7,1.6,0.6,,,,,,
2026-08-25-F1,2026-08-25T21:08:30.863Z,-84,7,1,3110,2,-87,772,1.6,10.4,29.0,4.12,276,-0.1,1.6,1.6,0.6,,,,,,
2026-08-25-F1,2026-08-25T21:08:30.951Z,-85,7,1,3111,2,-87,772,1.6,10.4,29.0,4.12,276,0.1,1.6,1.6,0.6,,,,,,
2026-08-25-F1,2026-08-25T21:08:31.053Z,-84,7,1,3112,2,-87,772,1.7,10.4,29.0,4.12,276,0.2,1.7,1.7,0.6,,,,,,
2026-08-25-F1,2026-08-25T21:08:31.156Z,-83,7,1,3113,2,-87,772,1.5,10.4,29.0,4.12,276,-0.3,1.6,1.5,0.6,,,,,,
2026-08-25-F1,2026-08-25T21:08:31.258Z,-83,7,1,3114,2,-88,772,1.6,10.4,29.0,4.12,276,-0.7,1.6,1.6,0.6,,,,,,
2026-08-25-F1,2026-08-25T21:08:31.360Z,-84,7,1,3115,2,-87,772,1.5,10.4,29.0,4.12,277,0.1,1.6,1.5,0.6,,,,,,
2026-08-25-F1,2026-08-25T21:08:31.463Z,-84,7,1,3116,2,-87,772,1.6,10.4,29.0,4.12,277,1.1,1.6,1.6,0.6,,,,,,
2026-08-25-F1,2026-08-25T21:08:31.565Z,-84,7,1,3117,2,-87,772,1.6,10.4,29.0,4.12,277,-0.2,1.6,1.6,0.6,,,,,,
2026-08-25-F1,2026-08-25T21:08:31.668Z,-84,7,1,3118,2,-87,772,1.6,10.4,29.0,4.12,277,0.0,1.6,1.6,0.6,,,,,,
2026-08-25-F1,2026-08-25T21:08:31.750Z,-84,7,1,3119,2,-87,772,1.6,10.4,29.0,4.12,277,1.8,1.6,1.6,0.6,,,,,,
2026-08-25-F1,2026-08-25T21:08:31.852Z,-84,7,1,3120,2,-87,772,1.6,10.4,29.0,4.13,277,1.5,1.6,1.6,0.6,,,,,,
2026-08-25-F1,2026-08-25T21:08:31.954Z,-84,7,1,3121,2,-87,772,1.6,10.4,29.0,4.12,277,0.1,1.6,1.6,0.6,,,,,,
2026-08-25-F1,2026-08-25T21:08:32.056Z,-84,7,1,3122,2,-87,772,1.6,10.4,29.0,4.13,277,0.6,1.6,1.6,0.7,,,,,,
2026-08-25-F1,2026-08-25T21:08:32.159Z,-83,7,1,3123,2,-87,772,1.7,10.4,29.0,4.12,277,0.5,1.7,1.6,0.6,,,,,,
2026-08-25-F1,2026-08-25T21:08:32.261Z,-84,7,1,3124,2,-87,772,1.6,10.4,29.0,4.13,277,-0.6,1.6,1.6,0.6,,,,,,
2026-08-25-F1,2026-08-25T21:08:32.363Z,-83,7,1,3125,2,-87,772,1.6,10.4,29.0,4.13,278,-1.4,1.7,1.6,0.6,,,,,,
2026-08-25-F1,2026-08-25T21:08:32.445Z,-83,7,1,3126,2,-87,772,1.7,10.4,29.0,4.13,278,-0.6,1.7,1.7,0.7,,,,,,
2026-08-25-F1,2026-08-25T21:08:32.548Z,-84,7,1,3127,2,-87,772,1.6,10.4,29.0,4.12,278,-0.5,1.6,1.6,0.6,,,,,,
2026-08-25-F1,2026-08-25T21:08:32.650Z,-84,7,1,3128,2,-87,772,1.6,10.4,29.0,4.12,278,0.1,1.6,1.6,0.6,,,,,,
2026-08-25-F1,2026-08-25T21:08:32.752Z,-84,7,1,3129,2,-87,772,1.7,10.4,29.0,4.13,278,-0.7,1.7,1.6,0.6,,,,,,
2026-08-25-F1,2026-08-25T21:08:32.855Z,-84,7,1,3130,2,-87,772,1.6,10.4,29.0,4.12,278,-0.3,1.6,1.6,0.6,,,,,,
2026-08-25-F1,2026-08-25T21:08:32.957Z,-84,7,1,3131,2,-87,772,1.6,10.4,29.0,4.13,278,-1.1,1.6,1.6,0.6,,,,,,
2026-08-25-F1,2026-08-25T21:08:33.059Z,-84,7,1,3132,2,-87,772,1.6,10.4,29.0,4.13,278,0.7,1.6,1.6,0.6,,,,,,
2026-08-25-F1,2026-08-25T21:08:33.141Z,-84,7,1,3133,2,-87,772,1.6,10.4,29.0,4.13,278,-0.4,1.7,1.6,0.6,,,,,,
2026-08-25-F1,2026-08-25T21:08:33.243Z,-84,7,1,3134,2,-87,772,1.7,10.4,29.0,4.13,278,0.7,1.7,1.6,0.6,,,,,,
2026-08-25-F1,2026-08-25T21:08:33.346Z,-84,7,1,3135,2,-87,772,1.6,10.4,29.0,4.12,279,0.3,1.7,1.6,0.6,,,,,,
2026-08-25-F1,2026-08-25T21:08:33.448Z,-84,7,1,3136,2,-87,772,1.6,10.4,29.0,4.13,279,-0.3,1.6,1.6,0.6,,,,,,
2026-08-25-F1,2026-08-25T21:08:33.550Z,-85,7,1,3137,2,-87,772,1.6,10.4,29.0,4.13,279,-0.8,1.6,1.6,0.6,,,,,,
2026-08-25-F1,2026-08-25T21:08:33.653Z,-84,7,1,3138,2,-87,772,1.6,10.4,29.0,4.12,279,0.5,1.6,1.6,0.6,,,,,,
2026-08-25-F1,2026-08-25T21:08:33.755Z,-84,7,1,3139,2,-87,772,1.6,10.4,29.0,4.12,279,-0.4,1.6,1.6,0.6,,,,,,
2026-08-25-F1,2026-08-25T21:08:33.837Z,-84,7,1,3140,2,-87,772,1.5,10.4,29.0,4.12,279,0.2,1.7,1.5,0.7,,,,,,
2026-08-25-F1,2026-08-25T21:08:33.939Z,-84,7,1,3141,2,-87,772,1.6,10.4,29.0,4.12,279,0.8,1.6,1.6,0.6,,,,,,
2026-08-25-F1,2026-08-25T21:08:34.042Z,-84,7,1,3142,2,-87,772,1.6,10.4,29.0,4.13,279,0.3,1.7,1.6,0.6,,,,,,
2026-08-25-F1,2026-08-25T21:08:34.144Z,-84,7,1,3143,2,-87,772,1.6,10.4,29.0,4.13,279,0.5,1.6,1.6,0.6,,,,,,
2026-08-25-F1,2026-08-25T21:08:34.246Z,-84,7,1,3144,2,-87,772,1.6,10.4,29.0,4.12,279,-0.3,1.7,1.6,0.6,,,,,,
2026-08-25-F1,2026-08-25T21:08:34.349Z,-84,7,1,3145,2,-87,772,1.6,10.4,29.0,4.13,280,0.5,1.7,1.6,0.6,,,,,,
2026-08-25-F1,2026-08-25T21:08:34.451Z,-84,7,1,3146,2,-87,772,1.6,10.4,29.0,4.12,280,-0.3,1.6,1.6,0.6,,,,,,
2026-08-25-F1,2026-08-25T21:08:34.533Z,-84,7,1,3147,2,-87,772,1.7,10.4,29.0,4.13,280,-0.5,1.7,1.6,0.6,,,,,,
2026-08-25-F1,2026-08-25T21:08:34.636Z,-84,7,1,3148,2,-88,772,1.6,10.4,29.0,4.12,280,-1.2,1.6,1.6,0.6,,,,,,
2026-08-25-F1,2026-08-25T21:08:34.738Z,-84,7,1,3149,2,-88,772,1.6,10.4,29.0,4.12,280,-0.9,1.6,1.6,0.6,,,,,,
2026-08-25-F1,2026-08-25T21:08:34.840Z,-84,7,1,3150,2,-87,772,1.6,10.4,29.0,4.13,280,0.7,1.7,1.6,0.6,,,,,,
2026-08-25-F1,2026-08-25T21:08:34.942Z,-83,7,1,3151,2,-87,772,1.6,10.4,29.0,4.12,280,0.1,1.6,1.6,0.6,,,,,,
2026-08-25-F1,2026-08-25T21:08:35.044Z,-83,7,1,3152,2,-87,772,1.6,10.4,29.0,4.12,280,0.4,1.6,1.6,0.6,,,,,,
2026-08-25-F1,2026-08-25T21:08:35.147Z,-84,7,1,3153,2,-87,772,1.6,10.4,29.0,4.12,280,1.0,1.6,1.6,0.7,,,,,,
2026-08-25-F1,2026-08-25T21:08:35.229Z,-84,7,1,3154,2,-87,772,1.6,10.4,29.0,4.12,280,-0.2,1.6,1.6,0.6,,,,,,
2026-08-25-F1,2026-08-25T21:08:35.331Z,-84,7,1,3155,2,-87,772,1.6,10.4,29.0,4.12,281,1.0,1.7,1.6,0.6,,,,,,
2026-08-25-F1,2026-08-25T21:08:35.433Z,-84,7,1,3156,2,-87,772,1.6,10.4,29.0,4.12,281,0.5,1.7,1.6,0.6,,,,,,
2026-08-25-F1,2026-08-25T21:08:35.536Z,-84,7,1,3157,2,-87,772,1.6,10.4,29.0,4.13,281,-0.1,1.6,1.6,0.6,,,,,,
2026-08-25-F1,2026-08-25T21:08:35.638Z,-84,7,1,3158,2,-87,772,1.6,10.4,29.0,4.12,281,-0.2,1.6,1.6,0.6,,,,,,
2026-08-25-F1,2026-08-25T21:08:35.741Z,-85,7,1,3159,2,-87,772,1.7,10.4,29.0,4.13,281,0.5,1.7,1.6,0.6,,,,,,
2026-08-25-F1,2026-08-25T21:08:35.843Z,-84,7,1,3160,2,-87,772,1.6,10.4,29.0,4.13,281,0.2,1.6,1.6,0.6,,,,,,
2026-08-25-F1,2026-08-25T21:08:35.925Z,-84,7,1,3161,2,-87,772,1.6,10.4,29.0,4.12,281,-0.1,1.7,1.6,0.6,,,,,,
2026-08-25-F1,2026-08-25T21:08:36.027Z,-84,7,1,3162,2,-87,772,1.6,10.4,29.0,4.12,281,0.1,1.6,1.6,0.6,,,,,,
2026-08-25-F1,2026-08-25T21:08:36.129Z,-84,7,1,3163,2,-87,772,1.6,10.4,29.0,4.12,281,1.2,1.6,1.6,0.6,,,,,,
2026-08-25-F1,2026-08-25T21:08:36.231Z,-84,7,1,3164,2,-87,772,1.5,10.4,29.0,4.12,281,0.9,1.6,1.5,0.6,,,,,,
2026-08-25-F1,2026-08-25T21:08:36.334Z,-84,7,1,3165,2,-87,772,1.6,10.4,29.0,4.12,282,-0.4,1.7,1.6,0.6,,,,,,
2026-08-25-F1,2026-08-25T21:08:36.436Z,-84,7,1,3166,2,-87,772,1.6,10.4,29.0,4.12,282,-0.6,1.6,1.6,0.6,,,,,,
2026-08-25-F1,2026-08-25T21:08:36.538Z,-84,7,1,3167,2,-87,772,1.6,10.4,29.0,4.13,282,-0.4,1.6,1.6,0.6,,,,,,
2026-08-25-F1,2026-08-25T21:08:36.621Z,-84,7,1,3168,2,-87,772,1.5,10.4,29.0,4.12,282,-0.1,1.6,1.5,0.6,,,,,,
2026-08-25-F1,2026-08-25T21:08:36.723Z,-84,7,1,3169,2,-87,772,1.7,10.4,29.0,4.13,282,-0.1,1.7,1.6,0.6,,,,,,
2026-08-25-F1,2026-08-25T21:08:36.825Z,-84,7,1,3170,2,-87,772,1.6,10.4,29.0,4.12,282,-1.8,1.6,1.6,0.6,,,,,,
2026-08-25-F1,2026-08-25T21:08:36.927Z,-84,7,1,3171,2,-88,772,1.7,10.4,29.0,4.12,282,-1.3,1.7,1.6,0.6,,,,,,
2026-08-25-F1,2026-08-25T21:08:37.030Z,-84,7,1,3172,2,-87,772,1.7,10.4,29.0,4.12,282,0.5,1.7,1.6,0.6,,,,,,
2026-08-25-F1,2026-08-25T21:08:37.132Z,-85,7,1,3173,2,-87,772,1.6,10.4,29.0,4.12,282,-0.8,1.6,1.6,0.6,,,,,,
2026-08-25-F1,2026-08-25T21:08:37.234Z,-85,7,1,3174,2,-87,772,1.6,10.4,29.0,4.12,282,0.3,1.6,1.6,0.6,,,,,,
2026-08-25-F1,2026-08-25T21:08:37.336Z,-85,7,1,3175,2,-87,772,1.5,10.4,29.0,4.13,283,-0.1,1.6,1.5,0.6,,,,,,
2026-08-25-F1,2026-08-25T21:08:37.418Z,-85,7,1,3176,2,-87,772,1.6,10.4,29.0,4.12,283,0.7,1.6,1.6,0.6,,,,,,
2026-08-25-F1,2026-08-25T21:08:37.077Z,-86,7,1,3177,2,-87,772,1.6,10.4,29.0,4.13,283,0.9,1.6,1.6,0.6,,,,,,
2026-08-25-F1,2026-08-25T21:08:37.632Z,-86,7,1,3178,2,-87,772,1.6,10.4,29.0,4.12,283,-1.4,1.6,1.6,0.6,,,,,,
2026-08-25-F1,2026-08-25T21:08:37.735Z,-86,7,1,3179,2,-87,772,1.7,10.4,29.0,4.13,283,-0.8,1.7,1.7,0.7,,,,,,
2026-08-25-F1,2026-08-25T21:08:37.837Z,-86,7,1,3180,2,-87,772,1.6,10.4,29.0,4.13,283,-0.9,1.6,1.6,0.6,,,,,,
2026-08-25-F1,2026-08-25T21:08:37.939Z,-86,7,1,3181,2,-87,772,1.6,10.4,29.0,4.12,283,-0.6,1.6,1.6,0.6,,,,,,
2026-08-25-F1,2026-08-25T21:08:38.041Z,-86,7,1,3182,2,-87,772,1.6,10.4,29.0,4.13,283,0.2,1.7,1.6,0.6,,,,,,
2026-08-25-F1,2026-08-25T21:08:38.144Z,-85,7,1,3183,2,-87,772,1.6,10.4,29.0,4.12,283,0.5,1.6,1.6,0.6,,,,,,
2026-08-25-F1,2026-08-25T21:08:38.246Z,-84,7,1,3184,2,-87,772,1.6,10.4,29.0,4.12,283,1.1,1.6,1.6,0.6,,,,,,
2026-08-25-F1,2026-08-25T21:08:38.328Z,-84,7,1,3185,2,-87,772,1.6,10.4,29.0,4.13,284,0.5,1.7,1.6,0.6,,,,,,
2026-08-25-F1,2026-08-25T21:08:38.430Z,-84,7,1,3186,2,-87,772,1.6,10.4,29.0,4.12,284,-0.8,1.6,1.6,0.6,,,,,,
2026-08-25-F1,2026-08-25T21:08:38.532Z,-83,7,1,3187,2,-87,772,1.6,10.4,29.0,4.12,284,0.2,1.6,1.6,0.6,,,,,,
2026-08-25-F1,2026-08-25T21:08:38.639Z,-83,7,1,3188,2,-87,772,1.6,10.4,29.0,4.13,284,-0.5,1.6,1.6,0.6,,,,,,
2026-08-25-F1,2026-08-25T21:08:38.742Z,-83,7,1,3189,2,-87,772,1.6,10.4,29.0,4.12,284,-0.5,1.6,1.6,0.6,,,,,,
2026-08-25-F1,2026-08-25T21:08:38.844Z,-83,7,1,3190,2,-87,772,1.6,10.4,29.0,4.13,284,0.3,1.6,1.6,0.6,,,,,,
2026-08-25-F1,2026-08-25T21:08:38.926Z,-83,7,1,3191,2,-87,772,1.6,10.4,29.0,4.12,284,0.5,1.6,1.6,0.6,,,,,,
2026-08-25-F1,2026-08-25T21:08:39.029Z,-84,7,1,3192,2,-87,772,1.7,10.4,29.0,4.12,284,-0.9,1.7,1.6,0.6,,,,,,
2026-08-25-F1,2026-08-25T21:08:39.131Z,-84,7,1,3193,2,-87,772,1.7,10.4,29.0,4.13,284,-0.2,1.7,1.6,0.6,,,,,,
2026-08-25-F1,2026-08-25T21:08:39.233Z,-84,7,1,3194,2,-87,772,1.6,10.4,29.0,4.12,284,-0.5,1.6,1.6,0.6,,,,,,
2026-08-25-F1,2026-08-25T21:08:39.335Z,-84,7,1,3195,2,-87,772,1.6,10.4,29.0,4.13,285,0.4,1.6,1.6,0.6,,,,,,
2026-08-25-F1,2026-08-25T21:08:39.437Z,-82,7,1,3196,2,-87,772,1.5,10.4,29.0,4.12,285,-0.5,1.6,1.5,0.7,,,,,,
2026-08-25-F1,2026-08-25T21:08:39.540Z,-81,7,1,3197,2,-87,772,1.6,10.4,29.0,4.13,285,0.1,1.6,1.6,0.6,,,,,,
2026-08-25-F1,2026-08-25T21:08:39.642Z,-81,7,1,3198,2,-87,772,1.6,10.4,29.0,4.12,285,-0.2,1.6,1.5,0.6,,,,,,
2026-08-25-F1,2026-08-25T21:08:39.745Z,-81,7,1,3199,2,-87,772,1.6,10.4,29.0,4.12,285,-0.4,1.6,1.6,0.6,,,,,,
2026-08-25-F1,2026-08-25T21:08:39.827Z,-80,7,1,3200,2,-87,772,1.6,10.4,29.0,4.12,285,0.4,1.6,1.6,0.6,,,,,,
2026-08-25-F1,2026-08-25T21:08:39.929Z,-81,7,1,3201,2,-87,772,1.6,10.4,29.0,4.13,285,-0.3,1.6,1.6,0.6,,,,,,
2026-08-25-F1,2026-08-25T21:08:40.031Z,-82,7,1,3202,2,-87,772,1.6,10.4,29.0,4.13,285,0.0,1.7,1.6,0.6,,,,,,
2026-08-25-F1,2026-08-25T21:08:40.133Z,-83,7,1,3203,2,-87,772,1.7,10.4,29.0,4.13,285,0.2,1.7,1.6,0.6,,,,,,
2026-08-25-F1,2026-08-25T21:08:40.236Z,-84,7,1,3204,2,-87,772,1.6,10.4,29.0,4.12,285,1.3,1.6,1.6,0.6,,,,,,
2026-08-25-F1,2026-08-25T21:08:40.338Z,-84,7,1,3205,2,-87,772,1.6,10.4,29.0,4.12,286,1.0,1.6,1.6,0.6,,,,,,
2026-08-25-F1,2026-08-25T21:08:40.440Z,-85,7,1,3206,2,-87,772,1.7,10.4,29.0,4.13,286,1.4,1.7,1.6,0.6,,,,,,
2026-08-25-F1,2026-08-25T21:08:40.542Z,-85,7,1,3207,2,-87,772,1.6,10.4,29.0,4.13,286,0.6,1.6,1.6,0.6,,,,,,
2026-08-25-F1,2026-08-25T21:08:40.625Z,-84,7,1,3208,2,-87,772,1.6,10.4,29.0,4.12,286,0.8,1.6,1.6,0.6,,,,,,
2026-08-25-F1,2026-08-25T21:08:40.727Z,-83,7,1,3209,2,-87,772,1.6,10.4,29.0,4.13,286,0.9,1.6,1.6,0.6,,,,,,
2026-08-25-F1,2026-08-25T21:08:40.830Z,-82,7,1,3210,2,-87,772,1.7,10.4,29.0,4.12,286,-0.8,1.7,1.6,0.6,,,,,,
2026-08-25-F1,2026-08-25T21:08:40.932Z,-81,7,1,3211,2,-87,772,1.6,10.4,29.0,4.12,286,-0.1,1.6,1.6,0.6,,,,,,
2026-08-25-F1,2026-08-25T21:08:41.034Z,-81,7,1,3212,2,-87,772,1.6,10.4,29.0,4.13,286,-0.5,1.7,1.6,0.6,,,,,,
2026-08-25-F1,2026-08-25T21:08:41.136Z,-81,7,1,3213,2,-87,772,1.6,10.4,29.0,4.12,286,-0.7,1.7,1.6,0.6,,,,,,
2026-08-25-F1,2026-08-25T21:08:41.238Z,-81,7,1,3214,2,-87,772,1.6,10.4,29.0,4.12,286,-1.7,1.7,1.6,0.6,,,,,,
2026-08-25-F1,2026-08-25T21:08:41.340Z,-81,7,1,3215,2,-87,772,1.6,10.4,29.0,4.12,287,-1.0,1.6,1.6,0.6,,,,,,
2026-08-25-F1,2026-08-25T21:08:41.443Z,-82,7,1,3216,2,-87,772,1.6,10.4,29.0,4.12,287,0.1,1.6,1.6,0.6,,,,,,
2026-08-25-F1,2026-08-25T21:08:41.525Z,-82,7,1,3217,2,-87,772,1.6,10.4,29.0,4.12,287,0.9,1.6,1.6,0.6,,,,,,
2026-08-25-F1,2026-08-25T21:08:41.628Z,-82,7,1,3218,2,-87,772,1.6,10.4,29.0,4.12,287,0.6,1.6,1.6,0.6,,,,,,
2026-08-25-F1,2026-08-25T21:08:41.730Z,-81,7,1,3219,2,-87,772,1.6,10.4,29.0,4.12,287,0.8,1.6,1.6,0.6,,,,,,
2026-08-25-F1,2026-08-25T21:08:41.832Z,-82,7,1,3220,2,-87,772,1.6,10.4,29.0,4.12,287,-0.2,1.6,1.6,0.6,,,,,,
2026-08-25-F1,2026-08-25T21:08:41.934Z,-82,7,1,3221,2,-87,772,1.6,10.4,29.0,4.13,287,-0.5,1.6,1.6,0.6,,,,,,
2026-08-25-F1,2026-08-25T21:08:42.037Z,-82,7,1,3222,2,-87,772,1.6,10.4,29.0,4.12,287,-0.4,1.6,1.6,0.6,,,,,,
2026-08-25-F1,2026-08-25T21:08:42.139Z,-82,7,1,3223,2,-87,772,1.6,10.4,29.0,4.12,287,-0.4,1.6,1.6,0.6,,,,,,
2026-08-25-F1,2026-08-25T21:08:42.241Z,-82,7,1,3224,2,-87,772,1.6,10.4,29.0,4.12,287,0.4,1.6,1.6,0.6,,,,,,
2026-08-25-F1,2026-08-25T21:08:42.343Z,-82,7,1,3225,2,-87,772,1.6,10.4,29.0,4.12,288,-1.2,1.7,1.6,0.7,,,,,,
2026-08-25-F1,2026-08-25T21:08:42.426Z,-82,7,1,3226,2,-87,772,1.6,10.4,29.0,4.13,288,-0.0,1.6,1.6,0.6,,,,,,
2026-08-25-F1,2026-08-25T21:08:42.528Z,-82,7,1,3227,2,-87,772,1.7,10.4,29.0,4.12,288,0.4,1.7,1.7,0.6,,,,,,
2026-08-25-F1,2026-08-25T21:08:42.631Z,-82,7,1,3228,2,-87,772,1.6,10.4,29.0,4.12,288,-0.3,1.6,1.6,0.6,,,,,,
2026-08-25-F1,2026-08-25T21:08:42.733Z,-81,7,1,3229,2,-87,772,1.6,10.4,29.0,4.13,288,0.3,1.6,1.6,0.6,,,,,,
2026-08-25-F1,2026-08-25T21:08:42.835Z,-81,7,1,3230,2,-87,772,1.6,10.4,29.0,4.13,288,0.1,1.7,1.6,0.7,,,,,,
2026-08-25-F1,2026-08-25T21:08:42.937Z,-81,7,1,3231,2,-87,772,1.6,10.4,29.0,4.12,288,1.4,1.6,1.6,0.6,,,,,,
2026-08-25-F1,2026-08-25T21:08:43.040Z,-81,7,1,3232,2,-87,772,1.6,10.4,29.0,4.12,288,-0.7,1.6,1.6,0.6,,,,,,
2026-08-25-F1,2026-08-25T21:08:43.142Z,-81,7,1,3233,2,-87,772,1.6,10.4,29.0,4.12,288,-0.3,1.6,1.6,0.6,,,,,,
2026-08-25-F1,2026-08-25T21:08:43.224Z,-81,7,1,3234,2,-87,772,1.6,10.4,29.0,4.12,288,-0.2,1.6,1.6,0.6,,,,,,
2026-08-25-F1,2026-08-25T21:08:43.326Z,-82,7,1,3235,2,-87,772,1.7,10.4,29.0,4.12,289,-0.2,1.7,1.6,0.6,,,,,,
2026-08-25-F1,2026-08-25T21:08:43.428Z,-82,7,1,3236,2,-87,772,1.6,10.4,29.0,4.13,289,0.0,1.6,1.6,0.6,,,,,,
2026-08-25-F1,2026-08-25T21:08:43.530Z,-83,7,1,3237,2,-87,772,1.6,10.4,29.0,4.12,289,-0.5,1.7,1.6,0.6,,,,,,
2026-08-25-F1,2026-08-25T21:08:43.633Z,-82,7,1,3238,2,-87,772,1.6,10.4,29.0,4.12,289,-1.3,1.6,1.6,0.6,,,,,,
2026-08-25-F1,2026-08-25T21:08:43.736Z,-83,7,1,3239,2,-87,772,1.6,10.4,29.0,4.12,289,-0.8,1.6,1.5,0.6,,,,,,
2026-08-25-F1,2026-08-25T21:08:43.838Z,-83,7,1,3240,2,-87,772,1.7,10.4,29.0,4.12,289,0.0,1.7,1.6,0.6,,,,,,
2026-08-25-F1,2026-08-25T21:08:43.940Z,-83,7,1,3241,2,-87,772,1.6,10.4,29.0,4.13,289,0.5,1.6,1.6,0.6,,,,,,
2026-08-25-F1,2026-08-25T21:08:44.042Z,-82,7,1,3242,2,-87,772,1.6,10.4,29.0,4.12,289,-0.3,1.6,1.6,0.6,,,,,,
2026-08-25-F1,2026-08-25T21:08:44.124Z,-82,7,1,3243,2,-87,772,1.5,10.4,29.0,4.12,289,-0.0,1.6,1.5,0.6,,,,,,
2026-08-25-F1,2026-08-25T21:08:44.227Z,-82,7,1,3244,2,-87,772,1.7,10.4,29.0,4.12,289,0.0,1.7,1.6,0.6,,,,,,
2026-08-25-F1,2026-08-25T21:08:44.329Z,-82,7,1,3245,2,-87,772,1.6,10.4,29.0,4.12,290,0.7,1.6,1.6,0.6,,,,,,
2026-08-25-F1,2026-08-25T21:08:44.431Z,-81,7,1,3246,2,-87,772,1.6,10.4,29.0,4.13,290,0.7,1.6,1.6,0.6,,,,,,
2026-08-25-F1,2026-08-25T21:08:44.533Z,-82,7,1,3247,2,-87,772,1.5,10.4,29.0,4.12,290,0.3,1.6,1.5,0.6,,,,,,
2026-08-25-F1,2026-08-25T21:08:44.636Z,-82,7,1,3248,2,-87,772,1.6,10.4,29.0,4.13,290,-1.0,1.6,1.6,0.6,,,,,,
2026-08-25-F1,2026-08-25T21:08:44.739Z,-82,7,1,3249,2,-87,772,1.6,10.4,29.0,4.12,290,-0.6,1.6,1.6,0.6,,,,,,
2026-08-25-F1,2026-08-25T21:08:44.841Z,-81,7,1,3250,2,-87,772,1.5,10.4,29.0,4.13,290,0.0,1.7,1.5,0.6,,,,,,
2026-08-25-F1,2026-08-25T21:08:44.923Z,-82,7,1,3251,2,-87,772,1.6,10.4,29.0,4.12,290,-0.1,1.6,1.6,0.6,,,,,,
2026-08-25-F1,2026-08-25T21:08:45.025Z,-82,7,1,3252,2,-87,772,1.6,10.4,29.0,4.12,290,1.0,1.6,1.5,0.6,,,,,,
2026-08-25-F1,2026-08-25T21:08:45.128Z,-82,7,1,3253,2,-87,772,1.6,10.4,29.0,4.12,290,-0.4,1.6,1.6,0.6,,,,,,
2026-08-25-F1,2026-08-25T21:08:45.230Z,-82,7,1,3254,2,-87,772,1.6,10.4,29.0,4.13,290,-0.6,1.6,1.6,0.6,,,,,,
2026-08-25-F1,2026-08-25T21:08:45.332Z,-83,7,1,3255,2,-87,772,1.6,10.4,29.0,4.13,291,0.4,1.6,1.6,0.6,,,,,,
2026-08-25-F1,2026-08-25T21:08:45.434Z,-83,7,1,3256,2,-87,772,1.6,10.4,29.0,4.13,291,-0.7,1.7,1.6,0.6,,,,,,
2026-08-25-F1,2026-08-25T21:08:45.537Z,-83,7,1,3257,2,-87,772,1.6,10.4,29.0,4.12,291,0.3,1.6,1.6,0.6,,,,,,
2026-08-25-F1,2026-08-25T21:08:45.640Z,-83,7,1,3258,2,-87,772,1.6,10.4,29.0,4.12,291,1.0,1.6,1.6,0.6,,,,,,
2026-08-25-F1,2026-08-25T21:08:45.742Z,-82,7,1,3259,2,-87,772,1.6,10.4,29.0,4.12,291,-0.4,1.6,1.6,0.6,,,,,,
2026-08-25-F1,2026-08-25T21:08:45.824Z,-83,7,1,3260,2,-87,772,1.6,10.4,29.0,4.13,291,-0.9,1.6,1.6,0.6,,,,,,
2026-08-25-F1,2026-08-25T21:08:45.926Z,-83,7,1,3261,2,-88,772,1.6,10.4,29.0,4.12,291,-1.4,1.7,1.6,0.6,,,,,,
2026-08-25-F1,2026-08-25T21:08:46.028Z,-83,7,1,3262,2,-87,772,1.6,10.4,29.0,4.12,291,0.4,1.6,1.6,0.6,,,,,,
2026-08-25-F1,2026-08-25T21:08:46.130Z,-83,7,1,3263,2,-87,772,1.6,10.4,29.0,4.12,291,0.8,1.6,1.6,0.6,,,,,,
2026-08-25-F1,2026-08-25T21:08:46.233Z,-83,7,1,3264,2,-87,772,1.6,10.4,29.0,4.12,291,1.0,1.6,1.6,0.6,,,,,,
2026-08-25-F1,2026-08-25T21:08:46.341Z,-83,7,1,3265,2,-87,772,1.7,10.4,29.0,4.12,292,0.2,1.7,1.6,0.6,,,,,,
2026-08-25-F1,2026-08-25T21:08:46.423Z,-84,7,1,3266,2,-87,772,1.6,10.4,29.0,4.12,292,-0.3,1.6,1.6,0.6,,,,,,
2026-08-25-F1,2026-08-25T21:08:46.525Z,-83,7,1,3267,2,-87,772,1.6,10.4,29.0,4.13,292,1.3,1.7,1.6,0.6,,,,,,
2026-08-25-F1,2026-08-25T21:08:46.628Z,-84,7,1,3268,2,-87,772,1.6,10.4,29.0,4.12,292,0.2,1.6,1.6,0.6,,,,,,
2026-08-25-F1,2026-08-25T21:08:46.730Z,-83,7,1,3269,2,-87,772,1.6,10.4,29.0,4.13,292,0.3,1.6,1.6,0.6,,,,,,
2026-08-25-F1,2026-08-25T21:08:46.832Z,-83,7,1,3270,2,-87,772,1.6,10.4,29.0,4.13,292,-0.7,1.6,1.6,0.6,,,,,,
2026-08-25-F1,2026-08-25T21:08:46.934Z,-83,7,1,3271,2,-88,772,1.6,10.4,29.0,4.13,292,-2.0,1.6,1.6,0.6,,,,,,
2026-08-25-F1,2026-08-25T21:08:47.037Z,-83,7,1,3272,2,-87,772,1.6,10.4,29.0,4.13,292,0.0,1.6,1.6,0.6,,,,,,
2026-08-25-F1,2026-08-25T21:08:47.139Z,-83,7,1,3273,2,-88,772,1.6,10.4,29.0,4.13,292,-0.7,1.6,1.6,0.6,,,,,,
2026-08-25-F1,2026-08-25T21:08:47.241Z,-83,7,1,3274,2,-87,772,1.7,10.4,29.0,4.13,292,0.4,1.7,1.6,0.6,,,,,,
2026-08-25-F1,2026-08-25T21:08:47.323Z,-83,7,1,3275,2,-87,772,1.6,10.4,29.0,4.12,293,0.3,1.6,1.6,0.6,,,,,,
2026-08-25-F1,2026-08-25T21:08:47.425Z,-82,7,1,3276,2,-87,772,1.6,10.4,29.0,4.13,293,0.6,1.7,1.6,0.7,,,,,,
2026-08-25-F1,2026-08-25T21:08:47.065Z,-82,7,1,3277,2,-87,772,1.6,10.4,29.0,4.13,293,1.0,1.6,1.6,0.6,,,,,,
2026-08-25-F1,2026-08-25T21:08:47.633Z,-82,7,1,3278,2,-87,772,1.6,10.4,29.0,4.13,293,1.7,1.6,1.5,0.6,,,,,,
2026-08-25-F1,2026-08-25T21:08:47.735Z,-82,7,1,3279,2,-87,772,1.6,10.4,29.0,4.12,293,0.1,1.7,1.6,0.6,,,,,,
2026-08-25-F1,2026-08-25T21:08:47.837Z,-82,7,1,3280,2,-87,772,1.7,10.4,29.0,4.12,293,-0.6,1.7,1.6,0.6,,,,,,
2026-08-25-F1,2026-08-25T21:08:47.940Z,-82,7,1,3281,2,-87,772,1.6,10.4,29.0,4.12,293,-0.7,1.7,1.6,0.6,,,,,,
2026-08-25-F1,2026-08-25T21:08:48.042Z,-82,7,1,3282,2,-88,772,1.6,10.4,29.0,4.12,293,-1.4,1.6,1.6,0.6,,,,,,
2026-08-25-F1,2026-08-25T21:08:48.124Z,-82,7,1,3283,2,-87,772,1.6,10.4,29.0,4.13,293,0.1,1.7,1.6,0.6,,,,,,
2026-08-25-F1,2026-08-25T21:08:48.226Z,-81,7,1,3284,2,-87,772,1.7,10.4,29.0,4.13,293,0.5,1.7,1.6,0.6,,,,,,
2026-08-25-F1,2026-08-25T21:08:48.328Z,-82,7,1,3285,2,-88,772,1.7,10.4,29.0,4.12,294,-1.0,1.7,1.6,0.6,,,,,,
2026-08-25-F1,2026-08-25T21:08:48.430Z,-82,7,1,3286,2,-87,772,1.7,10.4,29.0,4.12,294,-0.2,1.7,1.6,0.6,,,,,,
2026-08-25-F1,2026-08-25T21:08:48.534Z,-81,7,1,3287,2,-87,772,1.6,10.4,29.0,4.12,294,1.3,1.7,1.6,0.6,,,,,,
2026-08-25-F1,2026-08-25T21:08:48.636Z,-82,7,1,3288,2,-87,772,1.6,10.4,29.0,4.12,294,1.4,1.6,1.6,0.6,,,,,,
2026-08-25-F1,2026-08-25T21:08:48.739Z,-82,7,1,3289,2,-87,772,1.6,10.4,29.0,4.12,294,-0.7,1.7,1.6,0.6,,,,,,
2026-08-25-F1,2026-08-25T21:08:48.841Z,-82,7,1,3290,2,-87,772,1.6,10.4,29.0,4.12,294,-0.1,1.7,1.6,0.6,,,,,,
2026-08-25-F1,2026-08-25T21:08:48.923Z,-82,7,1,3291,2,-87,772,1.6,10.4,29.0,4.12,294,-0.3,1.6,1.6,0.6,,,,,,
2026-08-25-F1,2026-08-25T21:08:49.025Z,-82,7,1,3292,2,-87,772,1.6,10.4,29.0,4.13,294,0.1,1.6,1.5,0.6,,,,,,
2026-08-25-F1,2026-08-25T21:08:49.128Z,-82,7,1,3293,2,-87,772,1.6,10.4,29.0,4.12,294,0.3,1.6,1.6,0.6,,,,,,
2026-08-25-F1,2026-08-25T21:08:49.230Z,-82,7,1,3294,2,-87,772,1.6,10.4,29.0,4.12,294,0.7,1.6,1.6,0.6,,,,,,
2026-08-25-F1,2026-08-25T21:08:49.332Z,-82,7,1,3295,2,-87,772,1.6,10.4,29.0,4.12,295,0.9,1.6,1.6,0.6,,,,,,
2026-08-25-F1,2026-08-25T21:08:49.434Z,-82,7,1,3296,2,-87,772,1.7,10.4,29.0,4.13,295,1.7,1.7,1.7,0.6,,,,,,
2026-08-25-F1,2026-08-25T21:08:49.536Z,-83,7,1,3297,2,-87,772,1.6,10.4,29.0,4.13,295,-0.0,1.6,1.6,0.6,,,,,,
2026-08-25-F1,2026-08-25T21:08:49.639Z,-82,7,1,3298,2,-87,772,1.6,10.4,29.0,4.12,295,-0.2,1.6,1.6,0.6,,,,,,
2026-08-25-F1,2026-08-25T21:08:49.742Z,-82,7,1,3299,2,-87,772,1.6,10.4,29.0,4.12,295,-0.6,1.6,1.6,0.6,,,,,,
2026-08-25-F1,2026-08-25T21:08:49.824Z,-82,7,1,3300,2,-87,772,1.7,10.4,29.0,4.12,295,-1.2,1.7,1.6,0.6,,,,,,
2026-08-25-F1,2026-08-25T21:08:49.926Z,-82,7,1,3301,2,-88,772,1.6,10.4,29.0,4.13,295,-1.2,1.6,1.6,0.6,,,,,,
2026-08-25-F1,2026-08-25T21:08:50.028Z,-82,7,1,3302,2,-87,772,1.6,10.4,29.0,4.12,295,-0.2,1.6,1.6,0.6,,,,,,
2026-08-25-F1,2026-08-25T21:08:50.130Z,-82,7,1,3303,2,-88,772,1.6,10.4,29.0,4.12,295,-1.0,1.7,1.6,0.6,,,,,,
2026-08-25-F1,2026-08-25T21:08:50.233Z,-83,7,1,3304,2,-87,772,1.6,10.4,29.0,4.13,295,-0.1,1.6,1.6,0.6,,,,,,
2026-08-25-F1,2026-08-25T21:08:50.335Z,-83,7,1,3305,2,-87,772,1.7,10.4,29.0,4.13,296,1.2,1.7,1.6,0.6,,,,,,
2026-08-25-F1,2026-08-25T21:08:50.437Z,-83,7,1,3306,2,-87,772,1.6,10.4,29.0,4.12,296,0.9,1.6,1.6,0.6,,,,,,
2026-08-25-F1,2026-08-25T21:08:50.539Z,-83,7,1,3307,2,-88,772,1.6,10.4,29.0,4.12,296,-2.0,1.6,1.5,0.6,,,,,,
2026-08-25-F1,2026-08-25T21:08:50.642Z,-84,7,1,3308,2,-87,772,1.5,10.4,29.0,4.12,296,-0.6,1.6,1.5,0.6,,,,,,
2026-08-25-F1,2026-08-25T21:08:50.724Z,-83,7,1,3309,2,-87,772,1.6,10.4,29.0,4.12,296,1.0,1.6,1.6,0.6,,,,,,
2026-08-25-F1,2026-08-25T21:08:50.827Z,-83,7,1,3310,2,-87,772,1.6,10.4,29.0,4.12,296,1.6,1.6,1.6,0.6,,,,,,
2026-08-25-F1,2026-08-25T21:08:50.929Z,-83,7,1,3311,2,-87,772,1.6,10.4,29.0,4.12,296,-0.5,1.6,1.6,0.6,,,,,,
2026-08-25-F1,2026-08-25T21:08:51.031Z,-83,7,1,3312,2,-87,772,1.6,10.4,29.0,4.12,296,1.3,1.6,1.6,0.6,,,,,,
2026-08-25-F1,2026-08-25T21:08:51.133Z,-83,7,1,3313,2,-87,772,1.6,10.4,29.0,4.12,296,0.2,1.6,1.6,0.6,,,,,,
2026-08-25-F1,2026-08-25T21:08:51.236Z,-84,7,1,3314,2,-87,772,1.6,10.4,29.0,4.12,296,-0.8,1.6,1.6,0.6,,,,,,
2026-08-25-F1,2026-08-25T21:08:51.338Z,-84,7,1,3315,2,-87,772,1.6,10.4,29.0,4.13,297,-0.8,1.6,1.6,0.6,,,,,,
2026-08-25-F1,2026-08-25T21:08:51.440Z,-84,7,1,3316,2,-87,772,1.7,10.4,29.0,4.13,297,-1.1,1.7,1.6,0.6,,,,,,
2026-08-25-F1,2026-08-25T21:08:51.522Z,-83,7,1,3317,2,-87,772,1.6,10.4,29.0,4.12,297,0.1,1.7,1.6,0.6,,,,,,
2026-08-25-F1,2026-08-25T21:08:51.624Z,-83,7,1,3318,2,-87,772,1.6,10.4,29.0,4.12,297,-0.3,1.6,1.6,0.7,,,,,,
2026-08-25-F1,2026-08-25T21:08:51.727Z,-83,7,1,3319,2,-87,772,1.6,10.4,29.0,4.12,297,-0.3,1.6,1.6,0.6,,,,,,
2026-08-25-F1,2026-08-25T21:08:51.830Z,-83,7,1,3320,2,-88,772,1.6,10.4,29.0,4.12,297,-0.7,1.6,1.6,0.6,,,,,,
2026-08-25-F1,2026-08-25T21:08:51.932Z,-82,7,1,3321,2,-87,772,1.6,10.4,29.0,4.13,297,-0.1,1.7,1.6,0.6,,,,,,
2026-08-25-F1,2026-08-25T21:08:52.034Z,-83,7,1,3322,2,-88,772,1.6,10.4,29.0,4.12,297,-0.7,1.6,1.6,0.6,,,,,,
2026-08-25-F1,2026-08-25T21:08:52.136Z,-82,7,1,3323,2,-88,772,1.6,10.4,29.0,4.13,297,-0.0,1.6,1.6,0.6,,,,,,
2026-08-25-F1,2026-08-25T21:08:52.239Z,-82,7,1,3324,2,-87,772,1.7,10.4,29.0,4.12,297,0.6,1.7,1.6,0.6,,,,,,
2026-08-25-F1,2026-08-25T21:08:52.421Z,-83,7,1,3326,2,-87,772,1.6,10.4,29.0,4.12,298,0.5,1.7,1.6,0.6,,,,,,
2026-08-25-F1,2026-08-25T21:08:52.523Z,-83,7,1,3327,2,-87,772,1.6,10.4,29.0,4.12,298,0.1,1.6,1.6,0.6,,,,,,
2026-08-25-F1,2026-08-25T21:08:52.626Z,-83,7,1,3328,2,-87,772,1.6,10.4,29.0,4.12,298,0.4,1.6,1.6,0.6,,,,,,
2026-08-25-F1,2026-08-25T21:08:52.728Z,-83,7,1,3329,2,-87,772,1.7,10.4,29.0,4.13,298,-0.3,1.7,1.6,0.6,,,,,,
2026-08-25-F1,2026-08-25T21:08:52.831Z,-83,7,1,3330,2,-87,772,1.6,10.4,29.0,4.12,298,0.5,1.6,1.6,0.6,,,,,,
2026-08-25-F1,2026-08-25T21:08:52.933Z,-83,7,1,3331,2,-87,772,1.7,10.4,29.0,4.12,298,0.6,1.7,1.6,0.7,,,,,,
2026-08-25-F1,2026-08-25T21:08:53.035Z,-83,7,1,3332,2,-87,772,1.7,10.4,29.0,4.13,298,-0.6,1.7,1.6,0.6,,,,,,
2026-08-25-F1,2026-08-25T21:08:53.137Z,-83,7,1,3333,2,-87,772,1.6,10.4,29.0,4.12,298,-0.8,1.6,1.5,0.6,,,,,,
2026-08-25-F1,2026-08-25T21:08:53.239Z,-83,7,1,3334,2,-88,772,1.6,10.4,29.0,4.12,298,-1.4,1.7,1.6,0.6,,,,,,
2026-08-25-F1,2026-08-25T21:08:53.322Z,-83,7,1,3335,2,-87,772,1.7,10.4,29.0,4.12,299,0.8,1.7,1.7,0.6,,,,,,
2026-08-25-F1,2026-08-25T21:08:53.424Z,-83,7,1,3336,2,-87,772,1.6,10.4,29.0,4.13,299,1.4,1.7,1.6,0.6,,,,,,
2026-08-25-F1,2026-08-25T21:08:53.526Z,-83,7,1,3337,2,-87,772,1.6,10.4,29.0,4.12,299,1.5,1.6,1.6,0.6,,,,,,
2026-08-25-F1,2026-08-25T21:08:53.628Z,-83,7,1,3338,2,-87,772,1.7,10.4,29.0,4.12,299,-0.8,1.7,1.6,0.6,,,,,,
2026-08-25-F1,2026-08-25T21:08:53.731Z,-84,7,1,3339,2,-87,772,1.6,10.4,29.0,4.12,299,-1.1,1.6,1.6,0.6,,,,,,
2026-08-25-F1,2026-08-25T21:08:53.833Z,-84,7,1,3340,2,-87,772,1.6,10.4,29.0,4.12,299,-0.3,1.7,1.6,0.6,,,,,,
2026-08-25-F1,2026-08-25T21:08:53.936Z,-84,7,1,3341,2,-87,772,1.6,10.4,29.0,4.13,299,-0.2,1.6,1.6,0.7,,,,,,
2026-08-25-F1,2026-08-25T21:08:54.038Z,-83,7,1,3342,2,-87,772,1.6,10.4,29.0,4.12,299,0.1,1.6,1.6,0.6,,,,,,
2026-08-25-F1,2026-08-25T21:08:54.125Z,-83,7,1,3343,2,-87,772,1.6,10.4,29.0,4.13,299,0.7,1.6,1.6,0.6,,,,,,
2026-08-25-F1,2026-08-25T21:08:54.228Z,-83,7,1,3344,2,-87,772,1.6,10.4,29.0,4.12,299,-0.9,1.6,1.6,0.6,,,,,,
2026-08-25-F1,2026-08-25T21:08:55.236Z,-83,7,1,3345,2,-87,772,1.6,10.4,29.0,4.13,300,1.1,1.7,1.5,0.7,,,,,,
2026-08-25-F1,2026-08-25T21:08:56.225Z,-82,7,1,3346,2,-87,772,1.6,10.4,29.0,4.12,301,0.4,1.7,1.5,0.6,,,,,,
2026-08-25-F1,2026-08-25T21:08:57.238Z,-83,7,1,3347,2,-87,772,1.7,10.4,29.0,4.13,302,0.8,1.7,1.6,0.6,,,,,,
2026-08-25-F1,2026-08-25T21:08:58.228Z,-84,7,1,3348,2,-87,772,1.7,10.4,29.0,4.13,303,0.4,1.7,1.5,0.7,,,,,,
2026-08-25-F1,2026-08-25T21:08:59.237Z,-85,7,1,3349,2,-87,772,1.6,10.4,29.0,4.13,304,0.8,1.7,1.6,0.6,,,,,,
2026-08-25-F1,2026-08-25T21:09:00.226Z,-83,7,1,3350,2,-87,772,1.6,10.4,29.0,4.12,305,-1.2,1.7,1.5,0.7,,,,,,
2026-08-25-F1,2026-08-25T21:09:01.235Z,-83,7,1,3351,2,-87,772,1.6,10.4,29.0,4.13,306,-1.1,1.7,1.6,0.6,,,,,,
2026-08-25-F1,2026-08-25T21:09:02.224Z,-84,7,1,3352,2,-87,772,1.6,10.4,28.9,4.13,307,0.8,1.7,1.6,0.7,,,,,,
2026-08-25-F1,2026-08-25T21:09:03.233Z,-83,7,1,3353,2,-87,772,1.6,10.4,28.9,4.13,308,0.1,1.7,1.5,0.7,,,,,,
2026-08-25-F1,2026-08-25T21:09:04.222Z,-83,7,1,3354,2,-87,772,1.6,10.4,28.9,4.13,309,-0.0,1.7,1.6,0.6,,,,,,
2026-08-25-F1,2026-08-25T21:09:05.230Z,-84,7,1,3355,2,-87,772,1.7,10.4,28.9,4.12,310,0.9,1.7,1.6,0.7,,,,,,
2026-08-25-F1,2026-08-25T21:09:06.221Z,-83,7,1,3356,2,-87,772,1.7,10.4,28.9,4.13,311,0.4,1.7,1.5,0.7,,,,,,
2026-08-25-F1,2026-08-25T21:09:07.229Z,-83,7,1,3357,2,-88,772,1.6,10.4,28.9,4.13,312,-0.6,1.7,1.6,0.6,,,,,,
2026-08-25-F1,2026-08-25T21:09:08.218Z,-83,7,1,3358,2,-87,772,1.6,10.4,28.9,4.13,313,-0.6,1.7,1.5,0.6,,,,,,
2026-08-25-F1,2026-08-25T21:09:09.227Z,-83,7,1,3359,2,-87,772,1.7,10.4,28.9,4.13,314,0.7,1.7,1.6,0.6,,,,,,
2026-08-25-F1,2026-08-25T21:09:10.216Z,-83,7,1,3360,2,-88,772,1.6,10.4,28.9,4.13,315,-0.9,1.7,1.5,0.7,,,,,,
2026-08-25-F1,2026-08-25T21:09:11.224Z,-82,7,1,3361,2,-87,772,1.6,10.4,28.9,4.12,316,0.3,1.7,1.5,0.6,,,,,,
2026-08-25-F1,2026-08-25T21:09:12.233Z,-83,7,1,3362,2,-87,772,1.6,10.4,28.9,4.12,317,0.3,1.7,1.5,0.7,,,,,,
2026-08-25-F1,2026-08-25T21:09:13.223Z,-83,7,1,3363,2,-87,772,1.7,10.4,28.9,4.12,318,-0.9,1.7,1.6,0.7,,,,,,
2026-08-25-F1,2026-08-25T21:09:14.232Z,-83,7,1,3364,2,-87,772,1.6,10.4,28.9,4.12,319,0.4,1.7,1.6,0.6,,,,,,
2026-08-25-F1,2026-08-25T21:09:15.220Z,-83,7,1,3365,2,-87,772,1.6,10.4,28.9,4.13,320,0.3,1.7,1.5,0.6,,,,,,
2026-08-25-F1,2026-08-25T21:09:16.231Z,-83,7,1,3366,2,-87,772,1.6,10.4,28.9,4.12,321,1.0,1.7,1.6,0.7,,,,,,
2026-08-25-F1,2026-08-25T21:09:17.219Z,-83,7,1,3367,2,-87,772,1.7,10.4,28.9,4.13,322,0.5,1.7,1.6,0.6,,,,,,
2026-08-25-F1,2026-08-25T21:09:18.231Z,-83,7,1,3368,2,-87,772,1.6,10.4,28.9,4.13,323,0.3,1.7,1.5,0.6,,,,,,
2026-08-25-F1,2026-08-25T21:09:19.220Z,-84,7,1,3369,2,-87,772,1.6,10.4,28.9,4.13,324,-0.5,1.7,1.5,0.6,,,,,,
2026-08-25-F1,2026-08-25T21:09:20.229Z,-84,7,1,3370,2,-88,772,1.7,10.4,28.9,4.13,325,-0.7,1.7,1.6,0.6,,,,,,
2026-08-25-F1,2026-08-25T21:09:21.217Z,-84,7,1,3371,2,-87,772,1.6,10.4,28.9,4.13,326,1.0,1.7,1.6,0.6,,,,,,
2026-08-25-F1,2026-08-25T21:09:22.226Z,-85,7,1,3372,2,-88,772,1.7,10.4,28.9,4.13,327,-0.1,1.7,1.6,0.6,,,,,,
2026-08-25-F1,2026-08-25T21:09:23.216Z,-83,7,1,3373,2,-87,772,1.6,10.4,28.9,4.13,328,-0.0,1.7,1.6,0.7,,,,,,
2026-08-25-F1,2026-08-25T21:09:24.224Z,-83,7,1,3374,2,-87,772,1.6,10.4,28.9,4.13,329,0.4,1.7,1.5,0.6,,,,,,
2026-08-25-F1,2026-08-25T21:09:25.212Z,-83,7,1,3375,2,-87,772,1.6,10.4,28.9,4.12,330,0.6,1.7,1.6,0.7,,,,,,
2026-08-25-F1,2026-08-25T21:09:26.223Z,-83,7,1,3376,2,-87,772,1.6,10.4,28.9,4.13,331,0.6,1.7,1.5,0.6,,,,,,
2026-08-25-F1,2026-08-25T21:09:27.211Z,-83,7,1,3377,2,-88,772,1.7,10.4,28.9,4.13,332,-1.2,1.7,1.5,0.6,,,,,,
2026-08-25-F1,2026-08-25T21:09:28.219Z,-84,7,1,3378,2,-87,772,1.6,10.4,28.9,4.13,333,0.7,1.7,1.6,0.7,,,,,,
2026-08-25-F1,2026-08-25T21:09:29.228Z,-82,7,1,3379,2,-88,772,1.6,10.4,28.9,4.13,334,-1.3,1.7,1.6,0.7,,,,,,
2026-08-25-F1,2026-08-25T21:09:30.217Z,-83,7,1,3380,2,-88,772,1.6,10.4,28.9,4.13,335,-0.8,1.7,1.6,0.7,,,,,,
2026-08-25-F1,2026-08-25T21:09:31.225Z,-83,7,1,3381,2,-87,772,1.6,10.4,28.9,4.13,336,-0.2,1.7,1.5,0.7,,,,,,
2026-08-25-F1,2026-08-25T21:09:32.213Z,-83,7,1,3382,2,-87,772,1.7,10.4,28.9,4.13,337,0.1,1.7,1.6,0.6,,,,,,
2026-08-25-F1,2026-08-25T21:09:33.225Z,-83,7,1,3383,2,-87,772,1.7,10.4,28.9,4.13,338,0.5,1.7,1.6,0.7,,,,,,
2026-08-25-F1,2026-08-25T21:09:34.213Z,-83,7,1,3384,2,-87,772,1.6,10.4,28.9,4.13,339,0.8,1.7,1.6,0.6,,,,,,
2026-08-25-F1,2026-08-25T21:09:35.222Z,-83,7,1,3385,2,-87,772,1.6,10.4,28.9,4.13,340,-0.2,1.7,1.6,0.6,,,,,,
2026-08-25-F1,2026-08-25T21:09:36.212Z,-82,7,1,3386,2,-88,772,1.6,10.4,28.9,4.13,341,-0.8,1.7,1.5,0.6,,,,,,
2026-08-25-F1,2026-08-25T21:09:37.221Z,-83,7,1,3387,2,-87,772,1.6,10.4,28.9,4.13,342,0.4,1.7,1.6,0.7,,,,,,
2026-08-25-F1,2026-08-25T21:09:38.219Z,-83,7,1,3388,2,-87,772,1.7,10.4,28.9,4.13,343,0.6,1.7,1.6,0.6,,,,,,
2026-08-25-F1,2026-08-25T21:09:39.227Z,-83,7,1,3389,2,-87,772,1.6,10.4,28.9,4.13,344,-0.7,1.7,1.6,0.6,,,,,,
2026-08-25-F1,2026-08-25T21:09:40.216Z,-83,7,1,3390,2,-88,772,1.6,10.4,28.9,4.13,345,-1.1,1.7,1.6,0.7,,,,,,
2026-08-25-F1,2026-08-25T21:09:41.224Z,-84,7,1,3391,2,-87,772,1.6,10.4,28.9,4.13,346,0.1,1.7,1.6,0.7,,,,,,
2026-08-25-F1,2026-08-25T21:09:42.232Z,-83,7,1,3392,2,-88,772,1.6,10.4,28.9,4.13,347,-1.5,1.7,1.6,0.7,,,,,,
2026-08-25-F1,2026-08-25T21:09:43.224Z,-82,7,1,3393,2,-87,772,1.6,10.4,28.9,4.13,348,0.7,1.7,1.5,0.6,,,,,,
2026-08-25-F1,2026-08-25T21:09:44.232Z,-83,7,1,3394,2,-88,772,1.6,10.4,28.9,4.13,349,-1.3,1.7,1.5,0.7,,,,,,
2026-08-25-F1,2026-08-25T21:09:45.221Z,-83,7,1,3395,2,-87,772,1.6,10.4,28.9,4.13,350,0.0,1.7,1.5,0.6,,,,,,
2026-08-25-F1,2026-08-25T21:09:46.231Z,-83,7,1,3396,2,-88,772,1.6,10.4,28.9,4.13,351,-0.1,1.7,1.6,0.7,,,,,,
2026-08-25-F1,2026-08-25T21:09:47.220Z,-84,7,1,3397,2,-88,772,1.6,10.4,28.9,4.13,352,-0.5,1.7,1.6,0.7,,,,,,
2026-08-25-F1,2026-08-25T21:09:48.233Z,-84,7,1,3398,2,-87,772,1.6,10.4,28.9,4.13,353,0.6,1.7,1.5,0.6,,,,,,
2026-08-25-F1,2026-08-25T21:09:49.224Z,-84,7,1,3399,2,-87,772,1.6,10.4,28.9,4.12,354,0.3,1.7,1.5,0.7,,,,,,
2026-08-25-F1,2026-08-25T21:09:50.232Z,-84,7,1,3400,2,-87,772,1.6,10.4,28.9,4.13,355,-0.6,1.7,1.6,0.7,,,,,,
2026-08-25-F1,2026-08-25T21:09:51.220Z,-84,7,1,3401,2,-87,772,1.6,10.4,28.9,4.13,356,1.1,1.7,1.6,0.7,,,,,,
2026-08-25-F1,2026-08-25T21:09:52.229Z,-84,7,1,3402,2,-87,772,1.6,10.4,28.9,4.13,357,-0.2,1.7,1.5,0.7,,,,,,
2026-08-25-F1,2026-08-25T21:09:53.217Z,-84,7,1,3403,2,-88,772,1.7,10.4,28.9,4.13,358,-0.9,1.7,1.6,0.7,,,,,,
2026-08-25-F1,2026-08-25T21:09:54.226Z,-84,7,1,3404,2,-87,772,1.7,10.4,28.9,4.13,359,-0.5,1.7,1.5,0.6,,,,,,
2026-08-25-F1,2026-08-25T21:09:55.214Z,-84,7,1,3405,2,-87,772,1.6,10.4,28.9,4.12,360,-0.4,1.7,1.6,0.6,,,,,,
2026-08-25-F1,2026-08-25T21:09:56.225Z,-84,7,1,3406,2,-87,772,1.6,10.4,28.9,4.14,361,0.5,1.7,1.5,0.6,,,,,,
2026-08-25-F1,2026-08-25T21:09:57.212Z,-83,7,1,3407,2,-88,772,1.7,10.4,28.9,4.13,362,-0.1,1.7,1.6,0.6,,,,,,
2026-08-25-F1,2026-08-25T21:09:58.202Z,-84,7,1,3408,2,-87,772,1.6,10.4,28.9,4.13,363,-0.4,1.7,1.6,0.6,,,,,,
2026-08-25-F1,2026-08-25T21:09:59.193Z,-83,7,1,3409,2,-87,772,1.6,10.4,28.9,4.14,364,0.4,1.7,1.6,0.7,,,,,,
2026-08-25-F1,2026-08-25T21:10:00.202Z,-84,7,1,3410,2,-87,772,1.6,10.4,28.9,4.13,365,-0.3,1.7,1.5,0.6,,,,,,
2026-08-25-F1,2026-08-25T21:10:01.212Z,-84,7,1,3411,2,-87,772,1.7,10.4,28.9,4.13,366,0.1,1.7,1.5,0.7,,,,,,
2026-08-25-F1,2026-08-25T21:10:02.205Z,-83,7,1,3412,2,-88,772,1.6,10.4,28.9,4.13,367,0.0,1.7,1.5,0.7,,,,,,
2026-08-25-F1,2026-08-25T21:10:03.214Z,-83,7,1,3413,2,-87,772,1.6,10.4,28.9,4.13,368,0.2,1.7,1.5,0.6,,,,,,
2026-08-25-F1,2026-08-25T21:10:04.203Z,-83,7,1,3414,2,-87,772,1.6,10.4,28.9,4.13,369,0.7,1.7,1.6,0.6,,,,,,
2026-08-25-F1,2026-08-25T21:10:05.213Z,-85,7,1,3415,2,-88,772,1.6,10.4,28.9,4.13,370,0.5,1.7,1.5,0.6,,,,,,
2026-08-25-F1,2026-08-25T21:10:06.202Z,-84,7,1,3416,2,-87,772,1.6,10.4,28.9,4.13,371,-0.3,1.7,1.5,0.6,,,,,,
2026-08-25-F1,2026-08-25T21:10:07.211Z,-84,7,1,3417,2,-88,772,1.6,10.4,28.9,4.13,372,0.7,1.7,1.5,0.6,,,,,,
2026-08-25-F1,2026-08-25T21:10:08.116Z,-84,7,1,3418,2,-87,772,1.6,10.4,28.9,4.13,373,-0.2,1.7,1.5,0.6,,,,,,
2026-08-25-F1,2026-08-25T21:10:09.126Z,-84,7,1,3419,2,-87,772,1.6,10.4,28.9,4.13,374,0.6,1.7,1.5,0.7,,,,,,
2026-08-25-F1,2026-08-25T21:10:10.136Z,-84,7,1,3420,2,-87,772,1.6,10.4,28.9,4.13,375,-0.4,1.7,1.5,0.7,,,,,,
2026-08-25-F1,2026-08-25T21:10:11.149Z,-84,7,1,3421,2,-87,772,1.6,10.4,28.9,4.13,376,1.0,1.7,1.5,0.7,,,,,,
2026-08-25-F1,2026-08-25T21:10:12.162Z,-83,7,1,3422,2,-88,772,1.6,10.4,28.9,4.13,377,0.8,1.7,1.5,0.7,,,,,,
2026-08-25-F1,2026-08-25T21:10:13.160Z,-83,7,1,3423,2,-88,772,1.6,10.4,28.9,4.13,378,-0.1,1.7,1.6,0.6,,,,,,
2026-08-25-F1,2026-08-25T21:10:14.174Z,-83,7,1,3424,2,-88,772,1.6,10.4,28.9,4.12,379,-0.6,1.7,1.5,0.7,,,,,,
2026-08-25-F1,2026-08-25T21:10:15.186Z,-82,7,1,3425,2,-87,772,1.7,10.4,28.9,4.13,380,-0.1,1.7,1.6,0.7,,,,,,
2026-08-25-F1,2026-08-25T21:10:16.178Z,-82,7,1,3426,2,-88,772,1.7,10.4,28.9,4.14,381,0.9,1.7,1.5,0.7,,,,,,
2026-08-25-F1,2026-08-25T21:10:17.191Z,-82,7,1,3427,2,-88,772,1.6,10.4,28.9,4.13,382,-0.1,1.7,1.5,0.7,,,,,,
2026-08-25-F1,2026-08-25T21:10:18.231Z,-83,7,1,3428,2,-88,772,1.6,10.4,28.9,4.13,383,0.3,1.7,1.6,0.7,,,,,,
2026-08-25-F1,2026-08-25T21:10:19.225Z,-82,7,1,3429,2,-88,772,1.6,10.4,28.9,4.12,384,-0.6,1.7,1.6,0.6,,,,,,
2026-08-25-F1,2026-08-25T21:10:20.234Z,-84,7,1,3430,2,-88,772,1.6,10.4,28.9,4.13,385,0.1,1.7,1.6,0.7,,,,,,
2026-08-25-F1,2026-08-25T21:10:21.223Z,-84,7,1,3431,2,-87,772,1.6,10.4,28.9,4.13,386,-0.3,1.7,1.5,0.6,,,,,,
2026-08-25-F1,2026-08-25T21:10:22.232Z,-83,7,1,3432,2,-87,772,1.6,10.4,28.9,4.13,387,0.7,1.7,1.5,0.7,,,,,,
2026-08-25-F1,2026-08-25T21:10:23.221Z,-84,7,1,3433,2,-87,772,1.6,10.4,28.9,4.13,388,1.1,1.7,1.5,0.6,,,,,,
2026-08-25-F1,2026-08-25T21:10:24.230Z,-84,7,1,3434,2,-87,772,1.6,10.4,28.9,4.13,389,1.2,1.7,1.6,0.6,,,,,,
2026-08-25-F1,2026-08-25T21:10:25.225Z,-84,7,1,3435,2,-88,772,1.6,10.4,28.9,4.13,390,-1.2,1.6,1.5,0.6,,,,,,
2026-08-25-F1,2026-08-25T21:10:26.234Z,-84,7,1,3436,2,-88,772,1.6,10.4,28.9,4.13,391,-0.2,1.7,1.5,0.6,,,,,,
2026-08-25-F1,2026-08-25T21:10:27.223Z,-83,7,1,3437,2,-88,772,1.6,10.4,28.9,4.13,392,-0.3,1.6,1.5,0.7,,,,,,
2026-08-25-F1,2026-08-25T21:10:28.225Z,-82,7,1,3438,2,-87,772,1.7,10.4,28.9,4.13,393,0.6,1.7,1.5,0.7,,,,,,
2026-08-25-F1,2026-08-25T21:10:29.213Z,-82,7,1,3439,2,-88,772,1.6,10.4,28.9,4.13,394,-0.6,1.7,1.6,0.7,,,,,,
2026-08-25-F1,2026-08-25T21:10:30.222Z,-82,7,1,3440,2,-88,772,1.6,10.4,28.9,4.12,395,1.0,1.7,1.5,0.6,,,,,,
2026-08-25-F1,2026-08-25T21:10:31.212Z,-82,7,1,3441,2,-88,772,1.6,10.4,28.9,4.13,396,-0.9,1.7,1.6,0.6,,,,,,
2026-08-25-F1,2026-08-25T21:10:32.221Z,-82,7,1,3442,2,-88,772,1.6,10.4,28.9,4.14,397,-0.5,1.7,1.6,0.7,,,,,,
2026-08-25-F1,2026-08-25T21:10:33.230Z,-82,7,1,3443,2,-88,772,1.6,10.4,28.9,4.13,398,-0.3,1.7,1.6,0.6,,,,,,
2026-08-25-F1,2026-08-25T21:10:34.224Z,-82,7,1,3444,2,-87,772,1.6,10.4,28.9,4.13,399,0.2,1.7,1.5,0.6,,,,,,
2026-08-25-F1,2026-08-25T21:10:35.233Z,-82,7,1,3445,2,-88,772,1.6,10.4,28.9,4.13,400,-0.7,1.6,1.5,0.6,,,,,,
2026-08-25-F1,2026-08-25T21:10:36.222Z,-82,7,1,3446,2,-88,772,1.6,10.4,28.9,4.13,401,-0.2,1.7,1.5,0.7,,,,,,
2026-08-25-F1,2026-08-25T21:10:37.232Z,-82,7,1,3447,2,-88,772,1.6,10.4,28.9,4.13,402,-0.1,1.7,1.5,0.7,,,,,,
2026-08-25-F1,2026-08-25T21:10:38.220Z,-82,7,1,3448,2,-88,772,1.6,10.4,28.9,4.13,403,-0.7,1.7,1.5,0.6,,,,,,
2026-08-25-F1,2026-08-25T21:10:38.882Z,-82,7,1,3449,2,-88,772,1.6,10.4,28.9,4.13,404,0.2,1.7,1.5,0.6,,,,,,
2026-08-25-F1,2026-08-25T21:10:39.909Z,-82,7,1,3450,2,-88,772,1.6,10.4,28.9,4.13,405,0.4,1.7,1.6,0.7,,,,,,
2026-08-25-F1,2026-08-25T21:10:40.962Z,-82,7,1,3451,2,-87,772,1.5,10.4,28.9,4.12,406,0.0,1.7,1.5,0.7,,,,,,
2026-08-25-F1,2026-08-25T21:10:41.990Z,-82,7,1,3452,2,-88,772,1.6,10.4,28.9,4.13,407,0.7,1.7,1.6,0.6,,,,,,
2026-08-25-F1,2026-08-25T21:10:43.017Z,-82,7,1,3453,2,-88,772,1.6,10.4,28.9,4.13,408,-0.4,1.7,1.6,0.7,,,,,,
2026-08-25-F1,2026-08-25T21:10:44.042Z,-82,7,1,3454,2,-88,772,1.6,10.4,28.9,4.13,409,-0.1,1.7,1.5,0.7,,,,,,
2026-08-25-F1,2026-08-25T21:10:45.066Z,-82,7,1,3455,2,-88,772,1.6,10.4,28.9,4.13,410,0.3,1.7,1.6,0.6,,,,,,
2026-08-25-F1,2026-08-25T21:10:46.088Z,-82,7,1,3456,2,-88,772,1.6,10.4,28.9,4.12,411,-0.4,1.7,1.6,0.7,,,,,,
2026-08-25-F1,2026-08-25T21:10:47.107Z,-82,7,1,3457,2,-88,772,1.6,10.4,28.9,4.13,412,-1.1,1.7,1.6,0.6,,,,,,
2026-08-25-F1,2026-08-25T21:10:48.108Z,-82,7,1,3458,2,-88,772,1.6,10.4,28.9,4.13,413,-0.6,1.7,1.5,0.6,,,,,,
2026-08-25-F1,2026-08-25T21:10:49.118Z,-83,7,1,3459,2,-87,772,1.6,10.4,28.9,4.13,414,1.3,1.7,1.6,0.7,,,,,,
2026-08-25-F1,2026-08-25T21:10:50.131Z,-82,7,1,3460,2,-88,772,1.6,10.4,28.9,4.13,415,-1.0,1.7,1.6,0.6,,,,,,
2026-08-25-F1,2026-08-25T21:10:51.144Z,-82,7,1,3461,2,-88,772,1.6,10.4,28.9,4.13,416,0.5,1.7,1.6,0.7,,,,,,
2026-08-25-F1,2026-08-25T21:10:52.159Z,-82,7,1,3462,2,-88,772,1.6,10.4,28.9,4.13,417,-0.1,1.7,1.5,0.7,,,,,,
2026-08-25-F1,2026-08-25T21:10:53.173Z,-81,7,1,3463,2,-88,772,1.6,10.4,28.9,4.13,418,-0.3,1.7,1.5,1.2,,,,,,
2026-08-25-F1,2026-08-25T21:10:54.166Z,-82,7,1,3464,2,-88,772,1.7,10.4,28.9,4.13,419,0.3,1.7,1.5,2.1,,,,,,
2026-08-25-F1,2026-08-25T21:10:55.179Z,-82,7,1,3465,2,-88,772,1.7,10.4,28.9,4.13,420,0.8,1.8,1.5,99.5,,,,,,
2026-08-25-F1,2026-08-25T21:10:56.190Z,-84,7,1,3466,2,-88,772,1.8,10.4,28.9,4.13,421,0.5,2.0,1.5,131.3,,,,,,
2026-08-25-F1,2026-08-25T21:10:57.202Z,-75,7,1,3467,2,-88,772,1.2,10.4,28.9,4.13,422,-0.1,2.6,0.3,1177.3,,,,,,
2026-08-25-F1,2026-08-25T21:10:58.216Z,-74,7,1,3468,2,-87,772,1.5,10.4,28.9,4.12,423,0.3,1.6,1.1,65.5,,,,,,
2026-08-25-F1,2026-08-25T21:10:59.226Z,-74,7,1,3469,2,-87,772,1.3,10.4,28.9,4.13,424,0.7,1.6,1.3,97.1,,,,,,
2026-08-25-F1,2026-08-25T21:11:00.235Z,-80,7,1,3470,2,-86,772,1.6,10.4,28.9,4.13,425,1.9,2.7,0.6,732.9,,,,,,
2026-08-25-F1,2026-08-25T21:11:01.230Z,-77,7,1,3471,2,-85,772,0.9,10.4,28.9,4.13,426,1.0,1.8,0.7,308.1,,,,,,
2026-08-25-F1,2026-08-25T21:11:02.219Z,-81,7,1,3472,2,-84,772,1.7,10.4,28.9,4.13,427,1.0,2.8,1.1,298.8,,,,,,
2026-08-25-F1,2026-08-25T21:11:03.228Z,-77,7,1,3473,2,-84,772,1.5,10.4,28.9,4.13,428,-0.6,2.0,1.3,177.1,,,,,,
2026-08-25-F1,2026-08-25T21:11:04.218Z,-77,7,1,3474,2,-85,772,1.5,10.4,28.9,4.13,429,-0.3,1.9,1.4,157.7,,,,,,
2026-08-25-F1,2026-08-25T21:11:05.227Z,-76,7,1,3475,2,-84,772,1.5,10.4,28.9,4.13,430,0.6,1.7,1.4,238.4,,,,,,
2026-08-25-F1,2026-08-25T21:11:06.236Z,-70,7,1,3476,2,-84,772,1.4,10.4,28.9,4.13,431,-0.6,1.7,1.4,164.5,,,,,,
2026-08-25-F1,2026-08-25T21:11:07.224Z,-70,7,1,3477,2,-85,772,1.7,10.4,28.9,4.13,432,-2.0,1.8,1.3,230.4,,,,,,
2026-08-25-F1,2026-08-25T21:11:08.219Z,-68,7,1,3478,2,-85,772,1.6,10.4,28.9,4.13,433,-1.2,2.1,1.3,344.6,,,,,,
2026-08-25-F1,2026-08-25T21:11:09.208Z,-66,7,1,3479,2,-85,772,1.3,10.4,28.9,4.13,434,1.8,1.7,1.3,364.3,,,,,,
2026-08-25-F1,2026-08-25T21:11:10.221Z,-67,7,1,3480,2,-85,772,1.6,10.4,28.9,4.12,435,1.4,1.8,1.4,125.4,,,,,,
2026-08-25-F1,2026-08-25T21:11:11.210Z,-66,7,1,3481,2,-85,772,1.7,10.4,28.9,4.14,436,-0.4,1.7,1.2,537.8,,,,,,
2026-08-25-F1,2026-08-25T21:11:12.219Z,-85,7,1,3482,2,-85,772,1.8,10.4,28.9,4.13,437,-0.5,2.0,1.4,562.4,,,,,,
2026-08-25-F1,2026-08-25T21:11:13.208Z,-72,7,1,3483,2,-85,772,1.4,10.4,28.9,4.13,438,0.4,1.9,1.3,450.7,,,,,,
2026-08-25-F1,2026-08-25T21:11:14.217Z,-70,7,1,3484,2,-84,772,1.4,10.4,28.9,4.12,439,-0.3,1.8,1.3,193.7,,,,,,
2026-08-25-F1,2026-08-25T21:11:15.226Z,-69,7,1,3485,2,-85,772,1.6,10.4,28.9,4.13,440,0.7,2.0,1.3,375.7,,,,,,
2026-08-25-F1,2026-08-25T21:11:16.215Z,-67,7,1,3486,2,-84,772,1.6,10.4,28.9,4.13,441,0.0,2.0,1.2,239.7,,,,,,
2026-08-25-F1,2026-08-25T21:11:17.224Z,-76,7,1,3487,2,-85,772,1.6,10.4,28.9,4.12,442,-0.7,1.9,1.5,199.7,,,,,,
2026-08-25-F1,2026-08-25T21:11:18.194Z,-68,7,1,3488,2,-85,772,1.6,10.4,28.9,4.13,443,-0.7,1.8,1.4,232.2,,,,,,
2026-08-25-F1,2026-08-25T21:11:19.203Z,-76,7,1,3489,2,-86,772,1.9,10.4,28.9,4.13,444,-2.7,2.0,1.5,293.8,,,,,,
2026-08-25-F1,2026-08-25T21:11:20.194Z,-85,7,1,3490,2,-87,772,1.7,10.4,28.9,4.13,445,-1.8,1.8,1.1,83.7,,,,,,
2026-08-25-F1,2026-08-25T21:11:21.204Z,-82,7,1,3491,2,-87,772,0.8,10.4,28.9,4.13,446,0.8,1.6,0.5,397.3,,,,,,
2026-08-25-F1,2026-08-25T21:11:22.217Z,-82,7,1,3492,2,-87,772,1.2,10.4,28.9,4.13,447,0.3,1.5,0.1,220.1,,,,,,
2026-08-25-F1,2026-08-25T21:11:23.207Z,-94,7,1,3493,2,-87,772,1.5,10.4,28.9,4.12,448,-0.3,1.7,0.8,257.8,,,,,,
2026-08-25-F1,2026-08-25T21:11:24.221Z,-83,7,1,3494,2,-86,772,1.7,10.4,28.9,4.13,449,1.0,1.8,0.6,370.7,,,,,,
2026-08-25-F1,2026-08-25T21:11:25.211Z,-90,7,1,3495,2,-88,772,2.0,10.4,28.9,4.13,450,0.1,2.0,1.0,299.2,,,,,,
2026-08-25-F1,2026-08-25T21:11:26.206Z,-86,7,1,3496,2,-87,772,1.6,10.4,28.9,4.13,451,0.3,1.8,1.1,387.8,,,,,,
2026-08-25-F1,2026-08-25T21:11:27.216Z,-81,7,1,3497,2,-88,772,1.1,10.4,28.9,4.13,452,0.1,1.7,1.1,239.7,,,,,,
2026-08-25-F1,2026-08-25T21:11:28.126Z,-82,7,1,3498,2,-88,772,1.2,10.4,28.9,4.13,453,0.8,1.3,1.0,120.9,,,,,,
2026-08-25-F1,2026-08-25T21:11:29.116Z,-81,7,1,3499,2,-88,772,0.9,10.4,28.9,4.13,454,0.2,1.4,0.9,146.1,,,,,,
2026-08-25-F1,2026-08-25T21:11:30.133Z,-85,7,1,3500,2,-88,772,1.1,10.4,28.9,4.12,455,0.9,1.3,1.0,155.6,,,,,,
2026-08-25-F1,2026-08-25T21:11:31.152Z,-79,7,1,3501,2,-88,772,1.1,10.4,28.9,4.13,456,-1.4,1.3,1.0,49.2,,,,,,
2026-08-25-F1,2026-08-25T21:11:32.144Z,-77,7,1,3502,2,-88,772,0.9,10.4,28.9,4.13,457,-0.5,1.1,0.8,55.6,,,,,,
2026-08-25-F1,2026-08-25T21:11:33.155Z,-81,7,1,3503,2,-88,772,1.2,10.4,29.0,4.13,458,1.3,1.2,0.8,162.0,,,,,,
2026-08-25-F1,2026-08-25T21:11:34.167Z,-81,7,1,3504,2,-88,772,1.1,10.4,29.0,4.13,459,0.2,1.3,1.1,74.2,,,,,,
2026-08-25-F1,2026-08-25T21:11:35.182Z,-82,7,1,3505,2,-88,772,1.3,10.4,29.0,4.13,460,0.4,1.3,1.1,129.6,,,,,,
2026-08-25-F1,2026-08-25T21:11:36.173Z,-82,7,1,3506,2,-88,772,1.2,10.4,29.0,4.13,461,1.0,1.3,1.1,56.9,,,,,,
2026-08-25-F1,2026-08-25T21:11:37.188Z,-82,7,1,3507,2,-88,772,1.7,10.4,29.0,4.13,462,-0.2,1.7,1.2,432.6,,,,,,
2026-08-25-F1,2026-08-25T21:11:38.069Z,-82,7,1,3508,2,-88,772,1.8,10.4,29.0,4.13,463,0.4,1.9,1.1,258.6,,,,,,
2026-08-25-F1,2026-08-25T21:11:39.064Z,-80,7,1,3509,2,-88,772,1.6,10.4,29.0,4.12,464,0.0,1.8,1.6,229.9,,,,,,
2026-08-25-F1,2026-08-25T21:11:40.088Z,-79,7,1,3510,2,-88,772,1.4,10.4,29.0,4.13,465,0.8,1.7,1.4,154.8,,,,,,
2026-08-25-F1,2026-08-25T21:11:41.105Z,-80,7,1,3511,2,-88,772,1.6,10.4,29.0,4.13,466,0.1,1.8,1.2,115.5,,,,,,
2026-08-25-F1,2026-08-25T21:11:42.108Z,-79,7,1,3512,2,-88,772,1.5,10.4,29.0,4.13,467,-0.7,1.9,1.4,124.1,,,,,,
2026-08-25-F1,2026-08-25T21:11:43.130Z,-80,7,1,3513,2,-88,772,1.4,10.4,29.0,4.13,468,-1.1,2.0,1.4,118.0,,,,,,
2026-08-25-F1,2026-08-25T21:11:44.145Z,-81,7,1,3514,2,-88,772,1.7,10.4,29.0,4.13,469,-0.1,2.0,1.4,83.9,,,,,,
2026-08-25-F1,2026-08-25T21:11:45.139Z,-86,7,1,3515,2,-88,772,1.2,10.4,29.0,4.13,470,0.4,2.0,1.1,347.0,,,,,,
2026-08-25-F1,2026-08-25T21:11:46.156Z,-83,7,1,3516,2,-88,772,1.7,10.4,29.1,4.13,471,0.0,1.9,0.7,482.3,,,,,,
2026-08-25-F1,2026-08-25T21:11:47.169Z,-83,7,1,3517,2,-88,772,1.6,10.4,29.1,4.13,472,0.0,2.4,0.9,342.3,,,,,,
2026-08-25-F1,2026-08-25T21:11:48.182Z,-95,7,1,3518,2,-88,772,1.1,10.4,29.1,4.13,473,-0.0,2.4,0.8,381.5,,,,,,
2026-08-25-F1,2026-08-25T21:11:48.950Z,-95,7,1,3519,2,-88,772,1.0,10.4,29.1,4.13,474,0.1,1.2,0.8,105.4,,,,,,
2026-08-25-F1,2026-08-25T21:11:49.992Z,-88,7,1,3520,2,-88,772,0.9,10.4,29.1,4.13,475,-0.7,1.2,0.9,102.5,,,,,,
2026-08-25-F1,2026-08-25T21:11:51.018Z,-84,7,1,3521,2,-88,772,1.1,10.4,29.1,4.12,476,0.5,1.3,0.9,227.7,,,,,,
2026-08-25-F1,2026-08-25T21:11:52.041Z,-82,7,1,3522,2,-88,772,1.1,10.4,29.1,4.13,477,-0.6,1.3,0.9,149.0,,,,,,
2026-08-25-F1,2026-08-25T21:11:53.064Z,-85,7,1,3523,2,-88,772,1.3,10.4,29.1,4.13,478,-0.2,1.3,1.0,70.5,,,,,,
2026-08-25-F1,2026-08-25T21:11:54.083Z,-86,7,1,3524,2,-87,772,1.2,10.4,29.1,4.13,479,1.1,1.5,1.1,65.5,,,,,,
2026-08-25-F1,2026-08-25T21:11:55.104Z,-95,7,1,3525,2,-87,772,1.4,10.4,29.1,4.13,480,1.2,1.4,1.1,127.6,,,,,,
2026-08-25-F1,2026-08-25T21:11:56.107Z,-96,7,1,3526,2,-87,772,1.5,10.4,29.1,4.12,481,-0.1,1.5,1.2,105.2,,,,,,
2026-08-25-F1,2026-08-25T21:11:57.123Z,-90,7,1,3527,2,-87,772,1.4,10.4,29.1,4.13,482,0.6,1.7,1.3,210.4,,,,,,
2026-08-25-F1,2026-08-25T21:11:58.228Z,-95,7,1,3528,2,-87,772,1.4,10.4,29.1,4.12,483,-0.6,2.1,1.3,96.6,,,,,,
2026-08-25-F1,2026-08-25T21:11:59.223Z,-81,7,1,3529,2,-87,772,1.4,10.4,29.1,4.13,484,1.0,1.8,1.1,226.1,,,,,,
2026-08-25-F1,2026-08-25T21:12:00.232Z,-81,7,1,3530,2,-87,772,1.2,10.4,29.2,4.12,485,0.3,1.5,1.0,127.3,,,,,,
2026-08-25-F1,2026-08-25T21:12:01.221Z,-78,7,1,3531,2,-86,772,0.9,10.4,29.2,4.13,486,1.0,1.5,0.9,285.4,,,,,,
2026-08-25-F1,2026-08-25T21:12:02.230Z,-91,7,1,3532,2,-87,772,0.9,10.4,29.2,4.13,487,-0.8,1.0,0.7,178.1,,,,,,
2026-08-25-F1,2026-08-25T21:12:03.219Z,-98,7,1,3533,2,-88,772,1.1,10.4,29.2,4.12,488,-1.4,1.3,0.8,107.6,,,,,,
2026-08-25-F1,2026-08-25T21:12:04.228Z,-95,7,1,3534,2,-87,772,0.7,10.4,29.2,4.13,489,1.0,1.1,0.7,85.2,,,,,,
2026-08-25-F1,2026-08-25T21:12:05.217Z,-93,7,1,3535,2,-88,772,1.1,10.4,29.2,4.12,490,-0.3,1.1,0.6,109.8,,,,,,
2026-08-25-F1,2026-08-25T21:12:06.226Z,-95,7,1,3536,2,-87,772,1.0,10.4,29.2,4.13,491,-0.3,1.4,0.6,187.8,,,,,,
2026-08-25-F1,2026-08-25T21:12:07.235Z,-90,7,1,3537,2,-87,772,1.2,10.4,29.2,4.12,492,1.2,2.0,0.7,178.9,,,,,,
2026-08-25-F1,2026-08-25T21:12:08.113Z,-88,7,1,3538,2,-87,772,1.3,10.4,29.2,4.13,493,-0.5,1.6,0.3,272.8,,,,,,
2026-08-25-F1,2026-08-25T21:12:09.102Z,-94,7,1,3539,2,-88,772,1.1,10.4,29.2,4.12,494,0.1,2.4,1.1,120.6,,,,,,
2026-08-25-F1,2026-08-25T21:12:10.120Z,-89,7,1,3540,2,-88,772,1.6,10.4,29.2,4.13,495,-0.1,1.6,1.1,174.2,,,,,,
2026-08-25-F1,2026-08-25T21:12:11.132Z,-80,7,1,3541,2,-88,772,1.7,10.4,29.2,4.13,496,0.2,2.2,1.0,284.9,,,,,,
2026-08-25-F1,2026-08-25T21:12:12.151Z,-74,7,1,3542,2,-88,772,1.8,10.4,29.3,4.13,497,0.3,1.9,1.3,222.0,,,,,,
2026-08-25-F1,2026-08-25T21:12:13.165Z,-75,7,1,3543,2,-87,772,1.7,10.4,29.3,4.13,498,-0.3,1.9,1.5,111.9,,,,,,
2026-08-25-F1,2026-08-25T21:12:14.158Z,-79,7,1,3544,2,-87,772,1.7,10.4,29.3,4.13,499,-0.6,2.6,1.3,646.8,,,,,,
2026-08-25-F1,2026-08-25T21:12:15.171Z,-78,7,1,3545,2,-87,772,1.0,10.4,29.3,4.13,500,0.6,2.1,1.0,174.8,,,,,,
2026-08-25-F1,2026-08-25T21:12:16.183Z,-79,7,1,3546,2,-86,772,1.3,10.4,29.3,4.13,501,0.6,1.3,1.0,62.6,,,,,,
2026-08-25-F1,2026-08-25T21:12:17.174Z,-79,7,1,3547,2,-87,772,1.3,10.4,29.3,4.13,502,-0.5,1.5,1.1,163.0,,,,,,
2026-08-25-F1,2026-08-25T21:12:18.178Z,-81,7,1,3548,2,-87,772,1.4,10.4,29.3,4.12,503,-0.1,1.7,1.1,94.8,,,,,,
2026-08-25-F1,2026-08-25T21:12:19.189Z,-82,7,1,3549,2,-87,772,1.4,10.4,29.3,4.13,504,0.1,1.8,1.1,50.8,,,,,,
2026-08-25-F1,2026-08-25T21:12:20.180Z,-82,7,1,3550,2,-88,772,1.7,10.4,29.3,4.13,505,-0.2,1.7,1.5,19.4,,,,,,
2026-08-25-F1,2026-08-25T21:12:21.193Z,-80,7,1,3551,2,-87,772,1.4,10.4,29.3,4.13,506,0.7,1.6,1.4,37.9,,,,,,
2026-08-25-F1,2026-08-25T21:12:22.184Z,-82,7,1,3552,2,-87,772,1.3,10.4,29.4,4.13,507,-0.8,1.6,1.2,57.2,,,,,,
2026-08-25-F1,2026-08-25T21:12:23.199Z,-78,7,1,3553,2,-88,772,1.8,10.4,29.4,4.13,508,-1.9,2.0,1.2,281.3,,,,,,
2026-08-25-F1,2026-08-25T21:12:24.190Z,-81,7,1,3554,2,-87,772,1.6,10.4,29.4,4.13,509,0.0,2.9,1.3,286.1,,,,,,
2026-08-25-F1,2026-08-25T21:12:25.204Z,-84,7,1,3555,2,-87,772,1.7,10.4,29.4,4.13,510,0.3,1.7,1.5,53.6,,,,,,
2026-08-25-F1,2026-08-25T21:12:26.213Z,-88,7,1,3556,2,-88,772,1.6,10.4,29.4,4.12,511,-1.3,2.0,1.5,79.2,,,,,,
2026-08-25-F1,2026-08-25T21:12:27.203Z,-76,7,1,3557,2,-87,772,1.7,10.4,29.4,4.12,512,-0.4,2.0,1.4,117.4,,,,,,
2026-08-25-F1,2026-08-25T21:12:28.102Z,-74,7,1,3558,2,-87,772,1.7,10.4,29.4,4.13,513,-1.0,1.8,1.5,88.4,,,,,,
2026-08-25-F1,2026-08-25T21:12:29.112Z,-75,7,1,3559,2,-87,772,1.7,10.4,29.5,4.13,514,-0.9,1.8,1.5,67.3,,,,,,
2026-08-25-F1,2026-08-25T21:12:30.131Z,-78,7,1,3560,2,-87,772,1.8,10.4,29.5,4.13,515,1.3,2.0,1.5,225.1,,,,,,
2026-08-25-F1,2026-08-25T21:12:31.146Z,-77,7,1,3561,2,-87,772,1.6,10.4,29.5,4.13,516,-0.0,1.7,1.5,54.7,,,,,,
2026-08-25-F1,2026-08-25T21:12:32.139Z,-82,7,1,3562,2,-88,772,1.7,10.4,29.5,4.12,517,0.1,2.4,1.3,404.9,,,,,,
2026-08-25-F1,2026-08-25T21:12:33.157Z,-79,7,1,3563,2,-87,772,1.7,10.4,29.5,4.12,518,-0.0,1.9,1.6,137.6,,,,,,
2026-08-25-F1,2026-08-25T21:12:34.170Z,-80,7,1,3564,2,-88,772,1.5,10.4,29.5,4.13,519,0.3,2.0,1.5,301.0,,,,,,
2026-08-25-F1,2026-08-25T21:12:35.163Z,-86,7,1,3565,2,-88,772,1.7,10.4,29.5,4.13,520,-0.2,2.3,1.5,460.8,,,,,,
2026-08-25-F1,2026-08-25T21:12:36.175Z,-86,7,1,3566,2,-88,772,1.6,10.4,29.6,4.13,521,0.1,2.1,1.5,175.4,,,,,,
2026-08-25-F1,2026-08-25T21:12:37.188Z,-86,7,1,3567,2,-88,772,1.6,10.4,29.6,4.13,522,-0.4,1.8,1.5,66.8,,,,,,
2026-08-25-F1,2026-08-25T21:12:38.023Z,-88,7,1,3568,2,-88,772,1.7,10.4,29.6,4.13,523,1.0,1.8,1.4,193.0,,,,,,
2026-08-25-F1,2026-08-25T21:12:39.033Z,-90,7,1,3569,2,-88,772,1.6,10.4,29.6,4.13,524,-1.0,1.8,1.6,42.6,,,,,,
2026-08-25-F1,2026-08-25T21:12:40.055Z,-93,7,1,3570,2,-88,772,1.7,10.4,29.6,4.12,525,0.5,1.9,1.6,182.8,,,,,,
2026-08-25-F1,2026-08-25T21:12:41.079Z,-92,7,1,3571,2,-88,772,1.8,10.4,29.6,4.12,526,-0.6,1.8,1.7,46.9,,,,,,
2026-08-25-F1,2026-08-25T21:12:42.081Z,-87,7,1,3572,2,-88,772,1.6,10.4,29.6,4.13,527,-0.1,1.8,1.6,153.1,,,,,,
2026-08-25-F1,2026-08-25T21:12:43.106Z,-98,7,1,3573,2,-88,772,1.7,10.4,29.7,4.13,528,-0.7,1.9,1.6,163.6,,,,,,
2026-08-25-F1,2026-08-25T21:12:44.127Z,-76,7,1,3574,2,-87,772,1.6,10.4,29.7,4.13,529,1.2,2.1,1.3,216.1,,,,,,
2026-08-25-F1,2026-08-25T21:12:45.143Z,-80,7,1,3575,2,-87,772,1.7,10.4,29.7,4.12,530,1.0,2.2,1.6,108.9,,,,,,
2026-08-25-F1,2026-08-25T21:12:46.136Z,-82,7,1,3576,2,-87,772,1.8,10.4,29.7,4.13,531,-0.4,1.9,1.7,38.0,,,,,,
2026-08-25-F1,2026-08-25T21:12:47.156Z,-82,7,1,3577,2,-88,772,1.9,10.4,29.7,4.13,532,-1.5,2.0,1.7,39.2,,,,,,
2026-08-25-F1,2026-08-25T21:12:48.210Z,-80,7,1,3578,2,-88,772,1.7,10.4,29.7,4.13,533,-0.5,2.1,1.5,129.8,,,,,,
2026-08-25-F1,2026-08-25T21:12:49.200Z,-83,7,1,3579,2,-88,772,1.8,10.4,29.8,4.13,534,0.3,2.1,1.5,136.0,,,,,,
2026-08-25-F1,2026-08-25T21:12:50.209Z,-86,7,1,3580,2,-88,772,1.8,10.4,29.8,4.13,535,-0.0,1.9,1.7,52.6,,,,,,
2026-08-25-F1,2026-08-25T21:12:51.198Z,-81,7,1,3581,2,-88,772,1.9,10.4,29.8,4.12,536,0.0,5.2,1.4,147.6,,,,,,
2026-08-25-F1,2026-08-25T21:12:52.193Z,-74,7,1,3582,2,-87,772,1.8,10.4,29.8,4.13,537,2.2,2.2,1.3,212.4,,,,,,
2026-08-25-F1,2026-08-25T21:12:53.201Z,-76,7,1,3583,2,-84,772,1.9,10.4,29.9,4.13,538,1.9,1.9,1.6,231.6,,,,,,
2026-08-25-F1,2026-08-25T21:12:54.210Z,-83,7,1,3584,2,-83,772,1.7,10.4,30.0,4.13,539,1.5,2.0,1.5,215.7,,,,,,
2026-08-25-F1,2026-08-25T21:12:55.199Z,-80,7,1,3585,2,-82,772,1.7,10.4,30.1,4.13,540,0.7,1.9,1.6,71.0,,,,,,
